# FF order: R2C11_PLC2_inst.sliceD_inst.ff_1.Q R2C12_PLC2_inst.sliceC_inst.ff_1.Q R2C12_PLC2_inst.sliceD_inst.ff_1.Q R2C13_PLC2_inst.sliceC_inst.ff_0.Q R2C14_PLC2_inst.sliceC_inst.ff_0.Q R2C15_PLC2_inst.sliceB_inst.ff_0.Q R2C15_PLC2_inst.sliceC_inst.ff_0.Q R2C15_PLC2_inst.sliceC_inst.ff_1.Q R2C15_PLC2_inst.sliceD_inst.ff_1.Q R2C17_PLC2_inst.sliceA_inst.ff_0.Q R2C19_PLC2_inst.sliceA_inst.ff_0.Q R2C19_PLC2_inst.sliceA_inst.ff_1.Q R2C20_PLC2_inst.sliceA_inst.ff_1.Q R2C37_PLC2_inst.sliceA_inst.ff_0.Q R3C10_PLC2_inst.sliceB_inst.ff_1.Q R3C11_PLC2_inst.sliceB_inst.ff_0.Q R3C12_PLC2_inst.sliceA_inst.ff_1.Q R3C12_PLC2_inst.sliceC_inst.ff_0.Q R3C14_PLC2_inst.sliceA_inst.ff_1.Q R3C15_PLC2_inst.sliceD_inst.ff_1.Q R3C37_PLC2_inst.sliceB_inst.ff_1.Q R3C37_PLC2_inst.sliceC_inst.ff_0.Q R3C37_PLC2_inst.sliceC_inst.ff_1.Q R3C37_PLC2_inst.sliceD_inst.ff_0.Q R3C37_PLC2_inst.sliceD_inst.ff_1.Q R3C38_PLC2_inst.sliceA_inst.ff_0.Q R3C38_PLC2_inst.sliceA_inst.ff_1.Q R3C38_PLC2_inst.sliceB_inst.ff_0.Q R3C38_PLC2_inst.sliceB_inst.ff_1.Q R3C38_PLC2_inst.sliceC_inst.ff_0.Q R3C38_PLC2_inst.sliceC_inst.ff_1.Q R3C38_PLC2_inst.sliceD_inst.ff_0.Q R3C38_PLC2_inst.sliceD_inst.ff_1.Q R3C39_PLC2_inst.sliceA_inst.ff_0.Q R3C39_PLC2_inst.sliceA_inst.ff_1.Q R3C39_PLC2_inst.sliceB_inst.ff_0.Q R3C39_PLC2_inst.sliceB_inst.ff_1.Q R3C39_PLC2_inst.sliceC_inst.ff_0.Q R3C39_PLC2_inst.sliceC_inst.ff_1.Q R3C39_PLC2_inst.sliceD_inst.ff_0.Q R3C39_PLC2_inst.sliceD_inst.ff_1.Q R3C40_PLC2_inst.sliceA_inst.ff_0.Q R3C40_PLC2_inst.sliceA_inst.ff_1.Q R3C40_PLC2_inst.sliceB_inst.ff_0.Q R3C40_PLC2_inst.sliceB_inst.ff_1.Q R3C40_PLC2_inst.sliceC_inst.ff_0.Q R3C40_PLC2_inst.sliceC_inst.ff_1.Q R3C40_PLC2_inst.sliceD_inst.ff_0.Q R3C40_PLC2_inst.sliceD_inst.ff_1.Q R3C41_PLC2_inst.sliceA_inst.ff_0.Q R3C41_PLC2_inst.sliceA_inst.ff_1.Q R4C11_PLC2_inst.sliceB_inst.ff_0.Q R4C13_PLC2_inst.sliceA_inst.ff_0.Q R4C13_PLC2_inst.sliceA_inst.ff_1.Q R4C13_PLC2_inst.sliceB_inst.ff_0.Q R4C35_PLC2_inst.sliceB_inst.ff_1.Q R4C35_PLC2_inst.sliceC_inst.ff_0.Q R4C35_PLC2_inst.sliceC_inst.ff_1.Q R4C35_PLC2_inst.sliceD_inst.ff_0.Q R4C35_PLC2_inst.sliceD_inst.ff_1.Q R4C36_PLC2_inst.sliceA_inst.ff_0.Q R4C36_PLC2_inst.sliceA_inst.ff_1.Q R4C36_PLC2_inst.sliceB_inst.ff_0.Q R4C36_PLC2_inst.sliceB_inst.ff_1.Q R4C36_PLC2_inst.sliceC_inst.ff_0.Q R4C36_PLC2_inst.sliceC_inst.ff_1.Q R4C36_PLC2_inst.sliceD_inst.ff_0.Q R4C36_PLC2_inst.sliceD_inst.ff_1.Q R4C37_PLC2_inst.sliceA_inst.ff_0.Q R4C37_PLC2_inst.sliceA_inst.ff_1.Q R4C37_PLC2_inst.sliceB_inst.ff_0.Q R4C37_PLC2_inst.sliceB_inst.ff_1.Q R4C37_PLC2_inst.sliceC_inst.ff_0.Q R4C37_PLC2_inst.sliceC_inst.ff_1.Q R4C37_PLC2_inst.sliceD_inst.ff_0.Q R4C37_PLC2_inst.sliceD_inst.ff_1.Q R4C38_PLC2_inst.sliceA_inst.ff_0.Q R4C38_PLC2_inst.sliceA_inst.ff_1.Q R4C38_PLC2_inst.sliceB_inst.ff_0.Q R4C38_PLC2_inst.sliceB_inst.ff_1.Q R4C38_PLC2_inst.sliceC_inst.ff_0.Q R4C38_PLC2_inst.sliceC_inst.ff_1.Q R4C38_PLC2_inst.sliceD_inst.ff_0.Q R4C38_PLC2_inst.sliceD_inst.ff_1.Q R4C39_PLC2_inst.sliceA_inst.ff_0.Q R4C39_PLC2_inst.sliceA_inst.ff_1.Q R5C12_PLC2_inst.sliceA_inst.ff_0.Q R5C13_PLC2_inst.sliceA_inst.ff_1.Q R5C35_PLC2_inst.sliceC_inst.ff_0.Q
0 01100000000011101101000000000000000000000000000000011000000000000000000000000000000000001
1 00110001000100110001100000000000000000000000000000000001000000000000000000000000000000010
2 00011010000110101000000000000000000000000000000000011001000000000000000000000000000000011
3 11010101001001000001000000000000000000000000000000010010100000000000000000000000000000000
4 01111010110000100000100000000000000000000000000000011010100000000000000000000000000000001
5 10010100010010100010000000000000000000000000000000010011100000000000000000000000000000010
6 11001000110101000101000000000000000000000000000000011011100000000000000000000000000000011
7 00111000010110010010100000000000000000000000000000000000010000000000000000000000000000100
8 11100000011000101101000000000000000000000000000000011000010000000000000000000000000000101
9 11111001010001110000000000000000000000000000000000000001010000000000000000000000000000110
10 00110010010010101000100000000000000000000000000000011001010000000000000000000000000000111
11 11100101010100000001000000000000000000000000000000010010110000000000000000000000000000100
12 01001010110111100000000000000000000000000000000000001010110000000000000000000000000000101
13 10110100011000100011100000000000000000000000000000000011110000000000000000000000000000110
14 11001000110000000101000000000000000000000000000000001011110000000000000000000000000000111
15 01101000010011110010000000000000000000000000000000010100000000000000000000000000000000000
16 00100000010100101101100000000000000000000000000000011100000000000000000000000000000000001
17 11111001010110110000000000000000000000000000000000000101000000000000000000000000000000010
18 10010010011001001001000000000000000000000000000000011101000000000000000000000000000000011
19 11100101010000000000100000000000000000000000000000010110100000000000000000000000000000000
20 01100010110010100001000000000000000000000000000000011110100000000000000000000000000000001
21 11010100010101100011000000000000000000000000000000000111100000000000000000000000000000010
22 11001000110110000101100000000000000000000000000000001111100000000000000000000000000000011
23 01101000011000110010000000000000000000000000000000010100010000000000000000000000000000100
24 10101000010001101101000000000000000000000000000000010000010000000000000000000000000000001
25 01100001010010110001100000000000000000000000000000011001010000000000000000000000000000000
26 00110010010100101001000000000000000000000000000000000001010000000000000000000000000000011
27 00011101010111100000000000000000000000000000000000011000110000000000000000000000000000010
28 11010010111000000001100000000000000000000000000000010010110000000000000000000000000000001
29 01111100010000100010000000000000000000000000000000011011110000000000000000000000000000000
30 10010000110011100100000000000000000000000000000000010011110000000000000000000000000000011
31 11001000010100010011100000000000000000000000000000011010000000000000000000000000000000010
32 00111000010110001100000000000000000000000000000000000000000000000000000000000000000000101
33 11100001011001110001000000000000000000000000000000011001000000000000000000000000000000100
34 11111010010000101000100000000000000000000000000000000001000000000000000000000000000000111
35 00110101010010100000000000000000000000000000000000011000100000000000000000000000000000110
36 11100010110101000001000000000000000000000000000000010010100000000000000000000000000000101
37 01001100010110100010100000000000000000000000000000001011100000000000000000000000000000100
38 10110000111000100101000000000000000000000000000000000011100000000000000000000000000000111
39 11001000010001010011000000000000000000000000000000001010010000000000000000000000000000110
40 01101000010010101100100000000000000000000000000000010100010000000000000000000000000000001
41 00100001010100110001000000000000000000000000000000011101010000000000000000000000000000000
42 11111010010111101000000000000000000000000000000000000101010000000000000000000000000000011
43 10010101011000000001100000000000000000000000000000011100110000000000000000000000000000010
44 11100010110000000000000000000000000000000000000000010110110000000000000000000000000000001
45 01100100010011100011000000000000000000000000000000011111110000000000000000000000000000000
46 11010000110100100101100000000000000000000000000000000111110000000000000000000000000000011
47 11001000010110010011000000000000000000000000000000001110000000000000000000000000000000010
48 01101000011001101100000000000000000000000000000000010100000000000000000000000000000000101
49 10101001010000110001100000000000000000000000000000010001000000000000000000000000000000000
50 01100010010010101001000000000000000000000000000000011001000000000000000000000000000000001
51 00110101010101100001000000000000000000000000000000000000100000000000000000000000000000010
52 00011010110110100000100000000000000000000000000000011000100000000000000000000000000000011
53 11010100011000000011000000000000000000000000000000010011100000000000000000000000000000000
54 01111000110001100100000000000000000000000000000000011011100000000000000000000000000000001
55 10010000010010110010100000000000000000000000000000010010010000000000000000000000000000010
56 11001000010100001101000000000000000000000000000000011010010000000000000000000000000000011
57 00111001010111010000000000000000000000000000000000000001010000000000000000000000000000100
58 11100010011000101001100000000000000000000000000000011001010000000000000000000000000000101
59 11111101010000100000000000000000000000000000000000000000110000000000000000000000000000110
60 00110010110011100000000000000000000000000000000000011000110000000000000000000000000000111
61 11100100010100000011100000000000000000000000000000010011110000000000000000000000000000100
62 01001000110110100100000000000000000000000000000000001011110000000000000000000000000000101
63 10110000011001110011000000000000000000000000000000000010000000000000000000000000000000110
64 11001000010000001101100000000000000000000000000000001010000000000000000000000000000000111
65 01101001010010110000000000000000000000000000000000010101000000000000000000000000000000000
66 00100010010101101001000000000000000000000000000000011101000000000000000000000000000000001
67 11111101010110100000100000000000000000000000000000000100100000000000000000000000000000010
68 10010010111000000001000000000000000000000000000000011100100000000000000000000000000000011
69 11100100010001000010000000000000000000000000000000010111100000000000000000000000000000000
70 01100000110010100101100000000000000000000000000000011111100000000000000000000000000000001
71 11010000010100110011000000000000000000000000000000000110010000000000000000000000000000010
72 11001000010111001101000000000000000000000000000000001110010000000000000000000000000000011
73 01101001011000110000100000000000000000000000000000010101010000000000000000000000000000100
74 10101010010000101001000000000000000000000000000000010001010000000000000000000000000000001
75 01100101010011100001000000000000000000000000000000011000110000000000000000000000000000000
76 00110010110100100001100000000000000000000000000000000000110000000000000000000000000000011
77 00011100010110100010000000000000000000000000000000011001110000000000000000000000000000010
78 11010000111001000101000000000000000000000000000000010011110000000000000000000000000000001
79 01111000010000110010100000000000000000000000000000011010000000000000000000000000000000000
80 10010000010010101100000000000000000000000000000000010010000000000000000000000000000000011
81 11001001010101010001000000000000000000000000000000011011000000000000000000000000000000010
82 00111010010110001000100000000000000000000000000000000001000000000000000000000000000000101
83 11100101011000100001000000000000000000000000000000011000100000000000000000000000000000100
84 11111010110001100000000000000000000000000000000000000000100000000000000000000000000000111
85 00110100010010100010100000000000000000000000000000011001100000000000000000000000000000110
86 11100000110100000101000000000000000000000000000000010011100000000000000000000000000000101
87 01001000010111110010000000000000000000000000000000001010010000000000000000000000000000100
88 10110000011000101101100000000000000000000000000000000010010000000000000000000000000000111
89 11001001010000010001000000000000000000000000000000001011010000000000000000000000000000110
90 01101010010011101000000000000000000000000000000000010101010000000000000000000000000000001
91 00100101010100100001100000000000000000000000000000011100110000000000000000000000000000000
92 11111010110110100000000000000000000000000000000000000100110000000000000000000000000000011
93 10010100011001000011000000000000000000000000000000011101110000000000000000000000000000010
94 11100000110000000100100000000000000000000000000000010111110000000000000000000000000000001
95 01100000010010110011000000000000000000000000000000011110000000000000000000000000000000000
96 11010000010101101101000000000000000000000000000000000110000000000000000000000000000000011
97 11001001010110010001100000000000000000000000000000001111000000000000000000000000000000010
98 01101010011000101000000000000000000000000000000000010101000000000000000000000000000000101
99 10101101010001100001000000000000000000000000000000010000100000000000000000000000000000000
100 01100010110010100001100000000000000000000000000000011000100000000000000000000000000000001
101 00110100010100100011000000000000000000000000000000000001100000000000000000000000000000010
102 00011000110111100100000000000000000000000000000000011001100000000000000000000000000000011
103 11010000011000010011100000000000000000000000000000010010010000000000000000000000000000000
104 01111000010000101100000000000000000000000000000000011010010000000000000000000000000000001
105 10010001010011110000000000000000000000000000000000010011010000000000000000000000000000010
106 11001010010100001001100000000000000000000000000000011011010000000000000000000000000000011
107 00111101010110000000000000000000000000000000000000000000110000000000000000000000000000100
108 11100010111001100001000000000000000000000000000000011000110000000000000000000000000000101
109 11111100010000100010100000000000000000000000000000000001110000000000000000000000000000110
110 00110000110010100100000000000000000000000000000000011001110000000000000000000000000000111
111 11100000010101010011000000000000000000000000000000010010000000000000000000000000000000100
112 01001000010110101100100000000000000000000000000000001010000000000000000000000000000000101
113 10110001011000110001000000000000000000000000000000000011000000000000000000000000000000110
114 11001010010001001001000000000000000000000000000000001011000000000000000000000000000000111
115 01101101010010100000100000000000000000000000000000010100100000000000000000000000000000000
116 00100010110100100001000000000000000000000000000000011100100000000000000000000000000000001
117 11111100010111100010000000000000000000000000000000000101100000000000000000000000000000010
118 10010000111000000101100000000000000000000000000000011101100000000000000000000000000000011
119 11100000010000010010000000000000000000000000000000010110010000000000000000000000000000000
120 01100000010011101101000000000000000000000000000000011110010000000000000000000000000000001
121 11010001010100110001100000000000000000000000000000000111010000000000000000000000000000010
122 11001010010110001001000000000000000000000000000000001111010000000000000000000000000000011
123 01101101011001100000000000000000000000000000000000010100110000000000000000000000000000100
124 10101010110000100001100000000000000000000000000000010000110000000000000000000000000000001
125 01100100010010100011000000000000000000000000000000011001110000000000000000000000000000000
126 00110000110101100101000000000000000000000000000000000001110000000000000000000000000000011
127 00011000010110110010100000000000000000000000000000011000000000000000000000000000000000010
128 11010000011000001101000000000000000000000000000000010010000000000000000000000000000000001
129 01111001010001110000000000000000000000000000000000011011000000000000000000000000000000000
130 10010010010010101000100000000000000000000000000000010011000000000000000000000000000000011
131 11001101010100000001000000000000000000000000000000011010100000000000000000000000000000010
132 00111010110111000000000000000000000000000000000000000000100000000000000000000000000000101
133 11100100011000100011100000000000000000000000000000011001100000000000000000000000000000100
134 11111000110000100100000000000000000000000000000000000001100000000000000000000000000000111
135 00110000010011110010000000000000000000000000000000011000010000000000000000000000000000110
136 11100000010100001101100000000000000000000000000000010010010000000000000000000000000000101
137 01001001010110110000000000000000000000000000000000001011010000000000000000000000000000100
138 10110010011001101001000000000000000000000000000000000011010000000000000000000000000000111
139 11001101010000000001100000000000000000000000000000001010110000000000000000000000000000110
140 01101010110010100000000000000000000000000000000000010100110000000000000000000000000000001
141 00100100010101100011000000000000000000000000000000011101110000000000000000000000000000000
142 11111000110110100100100000000000000000000000000000000101110000000000000000000000000000011
143 10010000011000010011000000000000000000000000000000011100000000000000000000000000000000010
144 11100000010001001100000000000000000000000000000000010110000000000000000000000000000000001
145 01100001010010110001100000000000000000000000000000011111000000000000000000000000000000000
146 11010010010100101001000000000000000000000000000000000111000000000000000000000000000000011
147 11001101010111000001000000000000000000000000000000001110100000000000000000000000000000010
148 01101010111000100000100000000000000000000000000000010100100000000000000000000000000000101
149 10101100010000100011000000000000000000000000000000010001100000000000000000000000000000000
150 01100000110011100101000000000000000000000000000000011001100000000000000000000000000000001
151 00110000010100110011100000000000000000000000000000000000010000000000000000000000000000010
152 00011000010110101100000000000000000000000000000000011000010000000000000000000000000000011
153 11010001011001010001000000000000000000000000000000010011010000000000000000000000000000000
154 01111010010000101000100000000000000000000000000000011011010000000000000000000000000000001
155 10010101010010100000000000000000000000000000000000010010110000000000000000000000000000010
156 11001010110101000001000000000000000000000000000000011010110000000000000000000000000000011
157 00111100010110000010100000000000000000000000000000000001110000000000000000000000000000100
158 11100000111000100101000000000000000000000000000000011001110000000000000000000000000000101
159 11111000010001110010000000000000000000000000000000000000000000000000000000000000000000110
160 00110000010010101100100000000000000000000000000000011000000000000000000000000000000000111
161 11100001010100010001000000000000000000000000000000010011000000000000000000000000000000100
162 01001010010111101000000000000000000000000000000000001011000000000000000000000000000000101
163 10110101011000100001100000000000000000000000000000000010100000000000000000000000000000110
164 11001010110000000001000000000000000000000000000000001010100000000000000000000000000000111
165 01101100010011100010000000000000000000000000000000010101100000000000000000000000000000000
166 00100000110100100101100000000000000000000000000000011101100000000000000000000000000000001
167 11111000010110110010000000000000000000000000000000000100010000000000000000000000000000010
168 10010000011001001101000000000000000000000000000000011100010000000000000000000000000000011
169 11100001010000010000100000000000000000000000000000010111010000000000000000000000000000000
170 01100010010010101001000000000000000000000000000000011111010000000000000000000000000000001
171 11010101010101100001000000000000000000000000000000000110110000000000000000000000000000010
172 11001010110110000001100000000000000000000000000000001110110000000000000000000000000000011
173 01101100011000100010000000000000000000000000000000010101110000000000000000000000000000100
174 10101000110001100101000000000000000000000000000000010001110000000000000000000000000000001
175 01100000010010110011100000000000000000000000000000011000000000000000000000000000000000000
176 00110000010100101101000000000000000000000000000000000000000000000000000000000000000000011
177 00011001010111110000000000000000000000000000000000011001000000000000000000000000000000010
178 11010010011000001001100000000000000000000000000000010011000000000000000000000000000000001
179 01111101010000100000000000000000000000000000000000011010100000000000000000000000000000000
180 10010010110011100000000000000000000000000000000000010010100000000000000000000000000000011
181 11001100010100000011100000000000000000000000000000011011100000000000000000000000000000010
182 00111000110110000100000000000000000000000000000000000001100000000000000000000000000000101
183 11100000011001110011000000000000000000000000000000011000010000000000000000000000000000100
184 11111000010000101100100000000000000000000000000000000000010000000000000000000000000000111
185 00110001010010110000000000000000000000000000000000011001010000000000000000000000000000110
186 11100010010101001001000000000000000000000000000000010011010000000000000000000000000000101
187 01001101010110100000100000000000000000000000000000001010110000000000000000000000000000100
188 10110010111000100001000000000000000000000000000000000010110000000000000000000000000000111
189 11001100010001000011000000000000000000000000000000001011110000000000000000000000000000110
190 01101000110010100100100000000000000000000000000000010101110000000000000000000000000000001
191 00100000010100110011000000000000000000000000000000011100000000000000000000000000000000000
192 11111000010111101100000000000000000000000000000000000100000000000000000000000000000000011
193 10010001011000010001100000000000000000000000000000011101000000000000000000000000000000010
194 11100010010000001000000000000000000000000000000000010111000000000000000000000000000000001
195 01100101010011100001000000000000000000000000000000011110100000000000000000000000000000000
196 11010010110100100001100000000000000000000000000000000110100000000000000000000000000000011
197 11001100010110000011000000000000000000000000000000001111100000000000000000000000000000010
198 01101000111001100100000000000000000000000000000000010101100000000000000000000000000000101
199 10101000010000110011100000000000000000000000000000010000010000000000000000000000000000000
200 01100000010010101101000000000000000000000000000000011000010000000000000000000000000000001
201 00110001010101110001000000000000000000000000000000000001010000000000000000000000000000010
202 00011010010110101000100000000000000000000000000000011001010000000000000000000000000000011
203 11010101011000000001000000000000000000000000000000010010110000000000000000000000000000000
204 01111010110001100000000000000000000000000000000000011010110000000000000000000000000000001
205 10010100010010100010100000000000000000000000000000010011110000000000000000000000000000010
206 11001000110100000101000000000000000000000000000000011011110000000000000000000000000000011
207 00111000010111010010000000000000000000000000000000000000000000000000000000000000000000100
208 11100000011000101101100000000000000000000000000000011000000000000000000000000000000000101
209 11111001010000110000000000000000000000000000000000000001000000000000000000000000000000110
210 00110010010011101000000000000000000000000000000000011001000000000000000000000000000000111
211 11100101010100000001100000000000000000000000000000010010100000000000000000000000000000100
212 01001010110110100000000000000000000000000000000000001010100000000000000000000000000000101
213 10110100011001100011000000000000000000000000000000000011100000000000000000000000000000110
214 11001000110000000101100000000000000000000000000000001011100000000000000000000000000000111
215 01101000010010110010000000000000000000000000000000010100010000000000000000000000000000000
216 00100000010101101101000000000000000000000000000000011100010000000000000000000000000000001
217 11111001010110110000100000000000000000000000000000000101010000000000000000000000000000010
218 10010010011000001001000000000000000000000000000000011101010000000000000000000000000000011
219 11100101010001000000000000000000000000000000000000010110110000000000000000000000000000000
220 01100010110010100001100000000000000000000000000000011110110000000000000000000000000000001
221 11010100010100100011000000000000000000000000000000000111110000000000000000000000000000010
222 11001000110111000101000000000000000000000000000000001111110000000000000000000000000000011
223 01101000011000110010100000000000000000000000000000010100000000000000000000000000000000100
224 10101000010000101101000000000000000000000000000000010000000000000000000000000000000000001
225 01100001010011110001000000000000000000000000000000011001000000000000000000000000000000000
226 00110010010100101001100000000000000000000000000000000001000000000000000000000000000000011
227 00011101010110100000000000000000000000000000000000011000100000000000000000000000000000010
228 11010010111001000001000000000000000000000000000000010010100000000000000000000000000000001
229 01111100010000100010100000000000000000000000000000011011100000000000000000000000000000000
230 10010000110010100100000000000000000000000000000000010011100000000000000000000000000000011
231 11001000010101010011000000000000000000000000000000011010010000000000000000000000000000010
232 00111000010110001100100000000000000000000000000000000000010000000000000000000000000000101
233 11100001011000110001000000000000000000000000000000011001010000000000000000000000000000100
234 11111010010001101000000000000000000000000000000000000001010000000000000000000000000000111
235 00110101010010100000100000000000000000000000000000011000110000000000000000000000000000110
236 11100010110100000001000000000000000000000000000000010010110000000000000000000000000000101
237 01001100010111100010000000000000000000000000000000001011110000000000000000000000000000100
238 10110000111000100101100000000000000000000000000000000011110000000000000000000000000000111
239 11001000010000010011000000000000000000000000000000001010000000000000000000000000000000110
240 01101000010011101100000000000000000000000000000000010100000000000000000000000000000000001
241 00100001010100110001100000000000000000000000000000011101000000000000000000000000000000000
242 11111010010110101000000000000000000000000000000000000101000000000000000000000000000000011
243 10010101011001000001000000000000000000000000000000011100100000000000000000000000000000010
244 11100010110000000000100000000000000000000000000000010110100000000000000000000000000000001
245 01100100010010100011000000000000000000000000000000011111100000000000000000000000000000000
246 11010000110101100101000000000000000000000000000000000111100000000000000000000000000000011
247 11001000010110010011100000000000000000000000000000001110010000000000000000000000000000010
248 01101000011000101100000000000000000000000000000000010100010000000000000000000000000000101
249 10101001010001110001000000000000000000000000000000010001010000000000000000000000000000000
250 01100010010010101001100000000000000000000000000000011001010000000000000000000000000000001
251 00110101010100100001000000000000000000000000000000000000110000000000000000000000000000010
252 00011010110111100000000000000000000000000000000000011000110000000000000000000000000000011
253 11010100011000000011100000000000000000000000000000010011110000000000000000000000000000000
254 01111000110000100100000000000000000000000000000000011011110000000000000000000000000000001
255 10010000010011110010000000000000000000000000000000010010000000000000000000000000000000010
256 11001000010100001101100000000000000000000000000000011010000000000000000000000000000000011
257 00111001010110010000000000000000000000000000000000000001000000000000000000000000000000100
258 11100010011001101001000000000000000000000000000000011001000000000000000000000000000000101
259 11111101010000100000100000000000000000000000000000000000100000000000000000000000000000110
260 00110010110010100000000000000000000000000000000000011000100000000000000000000000000000111
261 11100100010101000011000000000000000000000000000000010011100000000000000000000000000000100
262 01001000110110100100100000000000000000000000000000001011100000000000000000000000000000101
263 10110000011000110011000000000000000000000000000000000010010000000000000000000000000000110
264 11001000010001001101000000000000000000000000000000001010010000000000000000000000000000111
265 01101001010010110000100000000000000000000000000000010101010000000000000000000000000000000
266 00100010010100101001000000000000000000000000000000011101010000000000000000000000000000001
267 11111101010111100000000000000000000000000000000000000100110000000000000000000000000000010
268 10010010111000000001100000000000000000000000000000011100110000000000000000000000000000011
269 11100100010000000010000000000000000000000000000000010111110000000000000000000000000000000
270 01100000110011100101000000000000000000000000000000011111110000000000000000000000000000001
271 11010000010100110011100000000000000000000000000000000110000000000000000000000000000000010
272 11001000010110001101000000000000000000000000000000001110000000000000000000000000000000011
273 01101001011001110000000000000000000000000000000000010101000000000000000000000000000000100
274 10101010010000101001100000000000000000000000000000010001000000000000000000000000000000001
275 01100101010010100001000000000000000000000000000000011000100000000000000000000000000000000
276 00110010110101100001000000000000000000000000000000000000100000000000000000000000000000011
277 00011100010110100010100000000000000000000000000000011001100000000000000000000000000000010
278 11010000111000000101000000000000000000000000000000010011100000000000000000000000000000001
279 01111000010001110010000000000000000000000000000000011010010000000000000000000000000000000
280 10010000010010101100100000000000000000000000000000010010010000000000000000000000000000011
281 11001001010100010001000000000000000000000000000000011011010000000000000000000000000000010
282 00111010010111001000000000000000000000000000000000000001010000000000000000000000000000101
283 11100101011000100001100000000000000000000000000000011000110000000000000000000000000000100
284 11111010110000100000000000000000000000000000000000000000110000000000000000000000000000111
285 00110100010011100010000000000000000000000000000000011001110000000000000000000000000000110
286 11100000110100000101100000000000000000000000000000010011110000000000000000000000000000101
287 01001000010110110010000000000000000000000000000000001010000000000000000000000000000000100
288 10110000011001101101000000000000000000000000000000000010000000000000000000000000000000111
289 11001001010000010001100000000000000000000000000000001011000000000000000000000000000000110
290 01101010010010101000000000000000000000000000000000010101000000000000000000000000000000001
291 00100101010101100001000000000000000000000000000000011100100000000000000000000000000000000
292 11111010110110100000100000000000000000000000000000000100100000000000000000000000000000011
293 10010100011000000011000000000000000000000000000000011101100000000000000000000000000000010
294 11100000110001000100000000000000000000000000000000010111100000000000000000000000000000001
295 01100000010010110011100000000000000000000000000000011110010000000000000000000000000000000
296 11010000010100101101000000000000000000000000000000000110010000000000000000000000000000011
297 11001001010111010001000000000000000000000000000000001111010000000000000000000000000000010
298 01101010011000101000100000000000000000000000000000010101010000000000000000000000000000101
299 10101101010000100001000000000000000000000000000000010000110000000000000000000000000000000
300 01100010110011100001000000000000000000000000000000011000110000000000000000000000000000001
301 00110100010100100011100000000000000000000000000000000001110000000000000000000000000000010
302 00011000110110100100000000000000000000000000000000011001110000000000000000000000000000011
303 11010000011001010011000000000000000000000000000000010010000000000000000000000000000000000
304 01111000010000101100100000000000000000000000000000011010000000000000000000000000000000001
305 10010001010010110000000000000000000000000000000000010011000000000000000000000000000000010
306 11001010010101001001000000000000000000000000000000011011000000000000000000000000000000011
307 00111101010110000000100000000000000000000000000000000000100000000000000000000000000000100
308 11100010111000100001000000000000000000000000000000011000100000000000000000000000000000101
309 11111100010001100010000000000000000000000000000000000001100000000000000000000000000000110
310 00110000110010100100100000000000000000000000000000011001100000000000000000000000000000111
311 11100000010100010011000000000000000000000000000000010010010000000000000000000000000000100
312 01001000010111101100000000000000000000000000000000001010010000000000000000000000000000101
313 10110001011000110001100000000000000000000000000000000011010000000000000000000000000000110
314 11001010010000001001000000000000000000000000000000001011010000000000000000000000000000111
315 01101101010011100000000000000000000000000000000000010100110000000000000000000000000000000
316 00100010110100100001100000000000000000000000000000011100110000000000000000000000000000001
317 11111100010110100010000000000000000000000000000000000101110000000000000000000000000000010
318 10010000111001000101000000000000000000000000000000011101110000000000000000000000000000011
319 11100000010000010010100000000000000000000000000000010110000000000000000000000000000000000
320 01100000010010101101000000000000000000000000000000011110000000000000000000000000000000001
321 11010001010101110001000000000000000000000000000000000111000000000000000000000000000000010
322 11001010010110001001100000000000000000000000000000001111000000000000000000000000000000011
323 01101101011000100000000000000000000000000000000000010100100000000000000000000000000000100
324 10101010110001100001000000000000000000000000000000010000100000000000000000000000000000001
325 01100100010010100011100000000000000000000000000000011001100000000000000000000000000000000
326 00110000110100100101000000000000000000000000000000000001100000000000000000000000000000011
327 00011000010111110010000000000000000000000000000000011000010000000000000000000000000000010
328 11010000011000001101100000000000000000000000000000010010010000000000000000000000000000001
329 01111001010000110000000000000000000000000000000000011011010000000000000000000000000000000
330 10010010010011101000000000000000000000000000000000010011010000000000000000000000000000011
331 11001101010100000001100000000000000000000000000000011010110000000000000000000000000000010
332 00111010110110000000000000000000000000000000000000000000110000000000000000000000000000101
333 11100100011001100011000000000000000000000000000000011001110000000000000000000000000000100
334 11111000110000100100100000000000000000000000000000000001110000000000000000000000000000111
335 00110000010010110010000000000000000000000000000000011000000000000000000000000000000000110
336 11100000010101001101000000000000000000000000000000010010000000000000000000000000000000101
337 01001001010110110000100000000000000000000000000000001011000000000000000000000000000000100
338 10110010011000101001000000000000000000000000000000000011000000000000000000000000000000111
339 11001101010001000001000000000000000000000000000000001010100000000000000000000000000000110
340 01101010110010100000100000000000000000000000000000010100100000000000000000000000000000001
341 00100100010100100011000000000000000000000000000000011101100000000000000000000000000000000
342 11111000110111100100000000000000000000000000000000000101100000000000000000000000000000011
343 10010000011000010011100000000000000000000000000000011100010000000000000000000000000000010
344 11100000010000001100000000000000000000000000000000010110010000000000000000000000000000001
345 01100001010011110001000000000000000000000000000000011111010000000000000000000000000000000
346 11010010010100101001100000000000000000000000000000000111010000000000000000000000000000011
347 11001101010110000001000000000000000000000000000000001110110000000000000000000000000000010
348 01101010111001100000000000000000000000000000000000010100110000000000000000000000000000101
349 10101100010000100011100000000000000000000000000000010001110000000000000000000000000000000
350 01100000110010100101000000000000000000000000000000011001110000000000000000000000000000001
351 00110000010101110011000000000000000000000000000000000000000000000000000000000000000000010
352 00011000010110101100100000000000000000000000000000011000000000000000000000000000000000011
353 11010001011000010001000000000000000000000000000000010011000000000000000000000000000000000
354 01111010010001101000000000000000000000000000000000011011000000000000000000000000000000001
355 10010101010010100000100000000000000000000000000000010010100000000000000000000000000000010
356 11001010110100000001000000000000000000000000000000011010100000000000000000000000000000011
357 00111100010111000010000000000000000000000000000000000001100000000000000000000000000000100
358 11100000111000100101100000000000000000000000000000011001100000000000000000000000000000101
359 11111000010000110010000000000000000000000000000000000000010000000000000000000000000000110
360 00110000010011101100000000000000000000000000000000011000010000000000000000000000000000111
361 11100001010100010001100000000000000000000000000000010011010000000000000000000000000000100
362 01001010010110101000000000000000000000000000000000001011010000000000000000000000000000101
363 10110101011001100001000000000000000000000000000000000010110000000000000000000000000000110
364 11001010110000000001100000000000000000000000000000001010110000000000000000000000000000111
365 01101100010010100010000000000000000000000000000000010101110000000000000000000000000000000
366 00100000110101100101000000000000000000000000000000011101110000000000000000000000000000001
367 11111000010110110010100000000000000000000000000000000100000000000000000000000000000000010
368 10010000011000001101000000000000000000000000000000011100000000000000000000000000000000011
369 11100001010001010000000000000000000000000000000000010111000000000000000000000000000000000
370 01100010010010101001100000000000000000000000000000011111000000000000000000000000000000001
371 11010101010100100001000000000000000000000000000000000110100000000000000000000000000000010
372 11001010110111000001000000000000000000000000000000001110100000000000000000000000000000011
373 01101100011000100010100000000000000000000000000000010101100000000000000000000000000000100
374 10101000110000100101000000000000000000000000000000010001100000000000000000000000000000001
375 01100000010011110011000000000000000000000000000000011000010000000000000000000000000000000
376 00110000010100101101100000000000000000000000000000000000010000000000000000000000000000011
377 00011001010110110000000000000000000000000000000000011001010000000000000000000000000000010
378 11010010011001001001000000000000000000000000000000010011010000000000000000000000000000001
379 01111101010000100000100000000000000000000000000000011010110000000000000000000000000000000
380 10010010110010100000000000000000000000000000000000010010110000000000000000000000000000011
381 11001100010101000011000000000000000000000000000000011011110000000000000000000000000000010
382 00111000110110000100100000000000000000000000000000000001110000000000000000000000000000101
383 11100000011000110011000000000000000000000000000000011000000000000000000000000000000000100
384 11111000010001101100000000000000000000000000000000000000000000000000000000000000000000111
385 00110001010010110000100000000000000000000000000000011001000000000000000000000000000000110
386 11100010010100001001000000000000000000000000000000010011000000000000000000000000000000101
387 01001101010111100000000000000000000000000000000000001010100000000000000000000000000000100
388 10110010111000100001100000000000000000000000000000000010100000000000000000000000000000111
389 11001100010000000011000000000000000000000000000000001011100000000000000000000000000000110
390 01101000110011100100000000000000000000000000000000010101100000000000000000000000000000001
391 00100000010100110011100000000000000000000000000000011100010000000000000000000000000000000
392 11111000010110101100000000000000000000000000000000000100010000000000000000000000000000011
393 10010001011001010001000000000000000000000000000000011101010000000000000000000000000000010
394 11100010010000001000100000000000000000000000000000010111010000000000000000000000000000001
395 01100101010010100001000000000000000000000000000000011110110000000000000000000000000000000
396 11010010110101100001000000000000000000000000000000000110110000000000000000000000000000011
397 11001100010110000011100000000000000000000000000000001111110000000000000000000000000000010
398 01101000111000100100000000000000000000000000000000010101110000000000000000000000000000101
399 10101000010001110011000000000000000000000000000000010000000000000000000000000000000000000
400 01100000010010101101100000000000000000000000000000011000000000000000000000000000000000001
401 00110001010100110001000000000000000000000000000000000001000000000000000000000000000000010
402 00011010010111101000000000000000000000000000000000011001000000000000000000000000000000011
403 11010101011000000001100000000000000000000000000000010010100000000000000000000000000000000
404 01111010110000100000000000000000000000000000000000011010100000000000000000000000000000001
405 10010100010011100010000000000000000000000000000000010011100000000000000000000000000000010
406 11001000110100000101100000000000000000000000000000011011100000000000000000000000000000011
407 00111000010110010010000000000000000000000000000000000000010000000000000000000000000000100
408 11100000011001101101000000000000000000000000000000011000010000000000000000000000000000101
409 11111001010000110000100000000000000000000000000000000001010000000000000000000000000000110
410 00110010010010101000000000000000000000000000000000011001010000000000000000000000000000111
411 11100101010101000001000000000000000000000000000000010010110000000000000000000000000000100
412 01001010110110100000100000000000000000000000000000001010110000000000000000000000000000101
413 10110100011000100011000000000000000000000000000000000011110000000000000000000000000000110
414 11001000110001000101000000000000000000000000000000001011110000000000000000000000000000111
415 01101000010010110010100000000000000000000000000000010100000000000000000000000000000000000
416 00100000010100101101000000000000000000000000000000011100000000000000000000000000000000001
417 11111001010111110000000000000000000000000000000000000101000000000000000000000000000000010
418 10010010011000001001100000000000000000000000000000011101000000000000000000000000000000011
419 11100101010000000000000000000000000000000000000000010110100000000000000000000000000000000
420 01100010110011100001000000000000000000000000000000011110100000000000000000000000000000001
421 11010100010100100011100000000000000000000000000000000111100000000000000000000000000000010
422 11001000110110000101000000000000000000000000000000001111100000000000000000000000000000011
423 01101000011001110010000000000000000000000000000000010100010000000000000000000000000000100
424 10101000010000101101100000000000000000000000000000010000010000000000000000000000000000001
425 01100001010010110001000000000000000000000000000000011001010000000000000000000000000000000
426 00110010010101101001000000000000000000000000000000000001010000000000000000000000000000011
427 00011101010110100000100000000000000000000000000000011000110000000000000000000000000000010
428 11010010111000000001000000000000000000000000000000010010110000000000000000000000000000001
429 01111100010001100010000000000000000000000000000000011011110000000000000000000000000000000
430 10010000110010100100100000000000000000000000000000010011110000000000000000000000000000011
431 11001000010100010011000000000000000000000000000000011010000000000000000000000000000000010
432 00111000010111001100000000000000000000000000000000000000000000000000000000000000000000101
433 11100001011000110001100000000000000000000000000000011001000000000000000000000000000000100
434 11111010010000101000000000000000000000000000000000000001000000000000000000000000000000111
435 00110101010011100000000000000000000000000000000000011000100000000000000000000000000000110
436 11100010110100000001100000000000000000000000000000010010100000000000000000000000000000101
437 01001100010110100010000000000000000000000000000000001011100000000000000000000000000000100
438 10110000111001100101000000000000000000000000000000000011100000000000000000000000000000111
439 11001000010000010011100000000000000000000000000000001010010000000000000000000000000000110
440 01101000010010101100000000000000000000000000000000010100010000000000000000000000000000001
441 00100001010101110001000000000000000000000000000000011101010000000000000000000000000000000
442 11111010010110101000100000000000000000000000000000000101010000000000000000000000000000011
443 10010101011000000001000000000000000000000000000000011100110000000000000000000000000000010
444 11100010110001000000000000000000000000000000000000010110110000000000000000000000000000001
445 01100100010010100011100000000000000000000000000000011111110000000000000000000000000000000
446 11010000110100100101000000000000000000000000000000000111110000000000000000000000000000011
447 11001000010111010011000000000000000000000000000000001110000000000000000000000000000000010
448 01101000011000101100100000000000000000000000000000010100000000000000000000000000000000101
449 10101001010000110001000000000000000000000000000000010001000000000000000000000000000000000
450 01100010010011101001000000000000000000000000000000011001000000000000000000000000000000001
451 00110101010100100001100000000000000000000000000000000000100000000000000000000000000000010
452 00011010110110100000000000000000000000000000000000011000100000000000000000000000000000011
453 11010100011001000011000000000000000000000000000000010011100000000000000000000000000000000
454 01111000110000100100100000000000000000000000000000011011100000000000000000000000000000001
455 10010000010010110010000000000000000000000000000000010010010000000000000000000000000000010
456 11001000010101001101000000000000000000000000000000011010010000000000000000000000000000011
457 00111001010110010000100000000000000000000000000000000001010000000000000000000000000000100
458 11100010011000101001000000000000000000000000000000011001010000000000000000000000000000101
459 11111101010001100000000000000000000000000000000000000000110000000000000000000000000000110
460 00110010110010100000100000000000000000000000000000011000110000000000000000000000000000111
461 11100100010100000011000000000000000000000000000000010011110000000000000000000000000000100
462 01001000110111100100000000000000000000000000000000001011110000000000000000000000000000101
463 10110000011000110011100000000000000000000000000000000010000000000000000000000000000000110
464 11001000010000001101000000000000000000000000000000001010000000000000000000000000000000111
465 01101001010011110000000000000000000000000000000000010101000000000000000000000000000000000
466 00100010010100101001100000000000000000000000000000011101000000000000000000000000000000001
467 11111101010110100000000000000000000000000000000000000100100000000000000000000000000000010
468 10010010111001000001000000000000000000000000000000011100100000000000000000000000000000011
469 11100100010000000010100000000000000000000000000000010111100000000000000000000000000000000
470 01100000110010100101000000000000000000000000000000011111100000000000000000000000000000001
471 11010000010101110011000000000000000000000000000000000110010000000000000000000000000000010
472 11001000010110001101100000000000000000000000000000001110010000000000000000000000000000011
473 01101001011000110000000000000000000000000000000000010101010000000000000000000000000000100
474 10101010010001101001000000000000000000000000000000010001010000000000000000000000000000001
475 01100101010010100001100000000000000000000000000000011000110000000000000000000000000000000
476 00110010110100100001000000000000000000000000000000000000110000000000000000000000000000011
477 00011100010111100010000000000000000000000000000000011001110000000000000000000000000000010
478 11010000111000000101100000000000000000000000000000010011110000000000000000000000000000001
479 01111000010000110010000000000000000000000000000000011010000000000000000000000000000000000
480 10010000010011101100000000000000000000000000000000010010000000000000000000000000000000011
481 11001001010100010001100000000000000000000000000000011011000000000000000000000000000000010
482 00111010010110001000000000000000000000000000000000000001000000000000000000000000000000101
483 11100101011001100001000000000000000000000000000000011000100000000000000000000000000000100
484 11111010110000100000100000000000000000000000000000000000100000000000000000000000000000111
485 00110100010010100010000000000000000000000000000000011001100000000000000000000000000000110
486 11100000110101000101000000000000000000000000000000010011100000000000000000000000000000101
487 01001000010110110010100000000000000000000000000000001010010000000000000000000000000000100
488 10110000011000101101000000000000000000000000000000000010010000000000000000000000000000111
489 11001001010001010001000000000000000000000000000000001011010000000000000000000000000000110
490 01101010010010101000100000000000000000000000000000010101010000000000000000000000000000001
491 00100101010100100001000000000000000000000000000000011100110000000000000000000000000000000
492 11111010110111100000000000000000000000000000000000000100110000000000000000000000000000011
493 10010100011000000011100000000000000000000000000000011101110000000000000000000000000000010
494 11100000110000000100000000000000000000000000000000010111110000000000000000000000000000001
495 01100000010011110011000000000000000000000000000000011110000000000000000000000000000000000
496 11010000010100101101100000000000000000000000000000000110000000000000000000000000000000011
497 11001001010110010001000000000000000000000000000000001111000000000000000000000000000000010
498 01101010011001101000000000000000000000000000000000010101000000000000000000000000000000101
499 10101101010000100001100000000000000000000000000000010000100000000000000000000000000000000
500 01100010110010100001000000000000000000000000000000011000100000000000000000000000000000001
501 00110100010101100011000000000000000000000000000000000001100000000000000000000000000000010
502 00011000110110100100100000000000000000000000000000011001100000000000000000000000000000011
503 11010000011000010011000000000000000000000000000000010010010000000000000000000000000000000
504 01111000010001101100000000000000000000000000000000011010010000000000000000000000000000001
505 10010001010010110000100000000000000000000000000000010011010000000000000000000000000000010
506 11001010010100001001000000000000000000000000000000011011010000000000000000000000000000011
507 00111101010111000000000000000000000000000000000000000000110000000000000000000000000000100
508 11100010111000100001100000000000000000000000000000011000110000000000000000000000000000101
509 11111100010000100010000000000000000000000000000000000001110000000000000000000000000000110
510 00110000110011100100000000000000000000000000000000011001110000000000000000000000000000111
511 11100000010100010011100000000000000000000000000000010010000000000000000000000000000000100
512 01001000010110101100000000000000000000000000000000001010000000000000000000000000000000101
513 10110001011001110001000000000000000000000000000000000011000000000000000000000000000000110
514 11001010010000001001100000000000000000000000000000001011000000000000000000000000000000111
515 01101101010010100000000000000000000000000000000000010100100000000000000000000000000000000
516 00100010110101100001000000000000000000000000000000011100100000000000000000000000000000001
517 11111100010110100010100000000000000000000000000000000101100000000000000000000000000000010
518 10010000111000000101000000000000000000000000000000011101100000000000000000000000000000011
519 11100000010001010010000000000000000000000000000000010110010000000000000000000000000000000
520 01100000010010101101100000000000000000000000000000011110010000000000000000000000000000001
521 11010001010100110001000000000000000000000000000000000111010000000000000000000000000000010
522 11001010010111001001000000000000000000000000000000001111010000000000000000000000000000011
523 01101101011000100000100000000000000000000000000000010100110000000000000000000000000000100
524 10101010110000100001000000000000000000000000000000010000110000000000000000000000000000001
525 01100100010011100011000000000000000000000000000000011001110000000000000000000000000000000
526 00110000110100100101100000000000000000000000000000000001110000000000000000000000000000011
527 00011000010110110010000000000000000000000000000000011000000000000000000000000000000000010
528 11010000011001001101000000000000000000000000000000010010000000000000000000000000000000001
529 01111001010000110000100000000000000000000000000000011011000000000000000000000000000000000
530 10010010010010101000000000000000000000000000000000010011000000000000000000000000000000011
531 11001101010101000001000000000000000000000000000000011010100000000000000000000000000000010
532 00111010110110000000100000000000000000000000000000000000100000000000000000000000000000101
533 11100100011000100011000000000000000000000000000000011001100000000000000000000000000000100
534 11111000110001100100000000000000000000000000000000000001100000000000000000000000000000111
535 00110000010010110010100000000000000000000000000000011000010000000000000000000000000000110
536 11100000010100001101000000000000000000000000000000010010010000000000000000000000000000101
537 01001001010111110000000000000000000000000000000000001011010000000000000000000000000000100
538 10110010011000101001100000000000000000000000000000000011010000000000000000000000000000111
539 11001101010000000001000000000000000000000000000000001010110000000000000000000000000000110
540 01101010110011100000000000000000000000000000000000010100110000000000000000000000000000001
541 00100100010100100011100000000000000000000000000000011101110000000000000000000000000000000
542 11111000110110100100000000000000000000000000000000000101110000000000000000000000000000011
543 10010000011001010011000000000000000000000000000000011100000000000000000000000000000000010
544 11100000010000001100100000000000000000000000000000010110000000000000000000000000000000001
545 01100001010010110001000000000000000000000000000000011111000000000000000000000000000000000
546 11010010010101101001000000000000000000000000000000000111000000000000000000000000000000011
547 11001101010110000001100000000000000000000000000000001110100000000000000000000000000000010
548 01101010111000100000000000000000000000000000000000010100100000000000000000000000000000101
549 10101100010001100011000000000000000000000000000000010001100000000000000000000000000000000
550 01100000110010100101100000000000000000000000000000011001100000000000000000000000000000001
551 00110000010100110011000000000000000000000000000000000000010000000000000000000000000000010
552 00011000010111101100000000000000000000000000000000011000010000000000000000000000000000011
553 11010001011000010001100000000000000000000000000000010011010000000000000000000000000000000
554 01111010010000101000000000000000000000000000000000011011010000000000000000000000000000001
555 10010101010011100000000000000000000000000000000000010010110000000000000000000000000000010
556 11001010110100000001100000000000000000000000000000011010110000000000000000000000000000011
557 00111100010110000010000000000000000000000000000000000001110000000000000000000000000000100
558 11100000111001100101000000000000000000000000000000011001110000000000000000000000000000101
559 11111000010000110010100000000000000000000000000000000000000000000000000000000000000000110
560 00110000010010101100000000000000000000000000000000011000000000000000000000000000000000111
561 11100001010101010001000000000000000000000000000000010011000000000000000000000000000000100
562 01001010010110101000100000000000000000000000000000001011000000000000000000000000000000101
563 10110101011000100001000000000000000000000000000000000010100000000000000000000000000000110
564 11001010110001000001000000000000000000000000000000001010100000000000000000000000000000111
565 01101100010010100010100000000000000000000000000000010101100000000000000000000000000000000
566 00100000110100100101000000000000000000000000000000011101100000000000000000000000000000001
567 11111000010111110010000000000000000000000000000000000100010000000000000000000000000000010
568 10010000011000001101100000000000000000000000000000011100010000000000000000000000000000011
569 11100001010000010000000000000000000000000000000000010111010000000000000000000000000000000
570 01100010010011101001000000000000000000000000000000011111010000000000000000000000000000001
571 11010101010100100001100000000000000000000000000000000110110000000000000000000000000000010
572 11001010110110000001000000000000000000000000000000001110110000000000000000000000000000011
573 01101100011001100010000000000000000000000000000000010101110000000000000000000000000000100
574 10101000110000100101100000000000000000000000000000010001110000000000000000000000000000001
575 01100000010010110011000000000000000000000000000000011000000000000000000000000000000000000
576 00110000010101101101000000000000000000000000000000000000000000000000000000000000000000011
577 00011001010110110000100000000000000000000000000000011001000000000000000000000000000000010
578 11010010011000001001000000000000000000000000000000010011000000000000000000000000000000001
579 01111101010001100000000000000000000000000000000000011010100000000000000000000000000000000
580 10010010110010100000100000000000000000000000000000010010100000000000000000000000000000011
581 11001100010100000011000000000000000000000000000000011011100000000000000000000000000000010
582 00111000110111000100000000000000000000000000000000000001100000000000000000000000000000101
583 11100000011000110011100000000000000000000000000000011000010000000000000000000000000000100
584 11111000010000101100000000000000000000000000000000000000010000000000000000000000000000111
585 00110001010011110000000000000000000000000000000000011001010000000000000000000000000000110
586 11100010010100001001100000000000000000000000000000010011010000000000000000000000000000101
587 01001101010110100000000000000000000000000000000000001010110000000000000000000000000000100
588 10110010111001100001000000000000000000000000000000000010110000000000000000000000000000111
589 11001100010000000011100000000000000000000000000000001011110000000000000000000000000000110
590 01101000110010100100000000000000000000000000000000010101110000000000000000000000000000001
591 00100000010101110011000000000000000000000000000000011100000000000000000000000000000000000
592 11111000010110101100100000000000000000000000000000000100000000000000000000000000000000011
593 10010001011000010001000000000000000000000000000000011101000000000000000000000000000000010
594 11100010010001001000000000000000000000000000000000010111000000000000000000000000000000001
595 01100101010010100001100000000000000000000000000000011110100000000000000000000000000000000
596 11010010110100100001000000000000000000000000000000000110100000000000000000000000000000011
597 11001100010111000011000000000000000000000000000000001111100000000000000000000000000000010
598 01101000111000100100100000000000000000000000000000010101100000000000000000000000000000101
599 10101000010000110011000000000000000000000000000000010000010000000000000000000000000000000
600 01100000010011101101000000000000000000000000000000011000010000000000000000000000000000001
601 00110001010100110001100000000000000000000000000000000001010000000000000000000000000000010
602 00011010010110101000000000000000000000000000000000011001010000000000000000000000000000011
603 11010101011001000001000000000000000000000000000000010010110000000000000000000000000000000
604 01111010110000100000100000000000000000000000000000011010110000000000000000000000000000001
605 10010100010010100010000000000000000000000000000000010011110000000000000000000000000000010
606 11001000110101000101000000000000000000000000000000011011110000000000000000000000000000011
607 00111000010110010010100000000000000000000000000000000000000000000000000000000000000000100
608 11100000011000101101000000000000000000000000000000011000000000000000000000000000000000101
609 11111001010001110000000000000000000000000000000000000001000000000000000000000000000000110
610 00110010010010101000100000000000000000000000000000011001000000000000000000000000000000111
611 11100101010100000001000000000000000000000000000000010010100000000000000000000000000000100
612 01001010110111100000000000000000000000000000000000001010100000000000000000000000000000101
613 10110100011000100011100000000000000000000000000000000011100000000000000000000000000000110
614 11001000110000000101000000000000000000000000000000001011100000000000000000000000000000111
615 01101000010011110010000000000000000000000000000000010100010000000000000000000000000000000
616 00100000010100101101100000000000000000000000000000011100010000000000000000000000000000001
617 11111001010110110000000000000000000000000000000000000101010000000000000000000000000000010
618 10010010011001001001000000000000000000000000000000011101010000000000000000000000000000011
619 11100101010000000000100000000000000000000000000000010110110000000000000000000000000000000
620 01100010110010100001000000000000000000000000000000011110110000000000000000000000000000001
621 11010100010101100011000000000000000000000000000000000111110000000000000000000000000000010
622 11001000110110000101100000000000000000000000000000001111110000000000000000000000000000011
623 01101000011000110010000000000000000000000000000000010100000000000000000000000000000000100
624 10101000010001101101000000000000000000000000000000010000000000000000000000000000000000001
625 01100001010010110001100000000000000000000000000000011001000000000000000000000000000000000
626 00110010010100101001000000000000000000000000000000000001000000000000000000000000000000011
627 00011101010111100000000000000000000000000000000000011000100000000000000000000000000000010
628 11010010111000000001100000000000000000000000000000010010100000000000000000000000000000001
629 01111100010000100010000000000000000000000000000000011011100000000000000000000000000000000
630 10010000110011100100000000000000000000000000000000010011100000000000000000000000000000011
631 11001000010100010011100000000000000000000000000000011010010000000000000000000000000000010
632 00111000010110001100000000000000000000000000000000000000010000000000000000000000000000101
633 11100001011001110001000000000000000000000000000000011001010000000000000000000000000000100
634 11111010010000101000100000000000000000000000000000000001010000000000000000000000000000111
635 00110101010010100000000000000000000000000000000000011000110000000000000000000000000000110
636 11100010110101000001000000000000000000000000000000010010110000000000000000000000000000101
637 01001100010110100010100000000000000000000000000000001011110000000000000000000000000000100
638 10110000111000100101000000000000000000000000000000000011110000000000000000000000000000111
639 11001000010001010011000000000000000000000000000000001010000000000000000000000000000000110
640 01101000010010101100100000000000000000000000000000010100000000000000000000000000000000001
641 00100001010100110001000000000000000000000000000000011101000000000000000000000000000000000
642 11111010010111101000000000000000000000000000000000000101000000000000000000000000000000011
643 10010101011000000001100000000000000000000000000000011100100000000000000000000000000000010
644 11100010110000000000000000000000000000000000000000010110100000000000000000000000000000001
645 01100100010011100011000000000000000000000000000000011111100000000000000000000000000000000
646 11010000110100100101100000000000000000000000000000000111100000000000000000000000000000011
647 11001000010110010011000000000000000000000000000000001110010000000000000000000000000000010
648 01101000011001101100000000000000000000000000000000010100010000000000000000000000000000101
649 10101001010000110001100000000000000000000000000000010001010000000000000000000000000000000
650 01100010010010101001000000000000000000000000000000011001010000000000000000000000000000001
651 00110101010101100001000000000000000000000000000000000000110000000000000000000000000000010
652 00011010110110100000100000000000000000000000000000011000110000000000000000000000000000011
653 11010100011000000011000000000000000000000000000000010011110000000000000000000000000000000
654 01111000110001100100000000000000000000000000000000011011110000000000000000000000000000001
655 10010000010010110010100000000000000000000000000000010010000000000000000000000000000000010
656 11001000010100001101000000000000000000000000000000011010000000000000000000000000000000011
657 00111001010111010000000000000000000000000000000000000001000000000000000000000000000000100
658 11100010011000101001100000000000000000000000000000011001000000000000000000000000000000101
659 11111101010000100000000000000000000000000000000000000000100000000000000000000000000000110
660 00110010110011100000000000000000000000000000000000011000100000000000000000000000000000111
661 11100100010100000011100000000000000000000000000000010011100000000000000000000000000000100
662 01001000110110100100000000000000000000000000000000001011100000000000000000000000000000101
663 10110000011001110011000000000000000000000000000000000010010000000000000000000000000000110
664 11001000010000001101100000000000000000000000000000001010010000000000000000000000000000111
665 01101001010010110000000000000000000000000000000000010101010000000000000000000000000000000
666 00100010010101101001000000000000000000000000000000011101010000000000000000000000000000001
667 11111101010110100000100000000000000000000000000000000100110000000000000000000000000000010
668 10010010111000000001000000000000000000000000000000011100110000000000000000000000000000011
669 11100100010001000010000000000000000000000000000000010111110000000000000000000000000000000
670 01100000110010100101100000000000000000000000000000011111110000000000000000000000000000001
671 11010000010100110011000000000000000000000000000000000110000000000000000000000000000000010
672 11001000010111001101000000000000000000000000000000001110000000000000000000000000000000011
673 01101001011000110000100000000000000000000000000000010101000000000000000000000000000000100
674 10101010010000101001000000000000000000000000000000010001000000000000000000000000000000001
675 01100101010011100001000000000000000000000000000000011000100000000000000000000000000000000
676 00110010110100100001100000000000000000000000000000000000100000000000000000000000000000011
677 00011100010110100010000000000000000000000000000000011001100000000000000000000000000000010
678 11010000111001000101000000000000000000000000000000010011100000000000000000000000000000001
679 01111000010000110010100000000000000000000000000000011010010000000000000000000000000000000
680 10010000010010101100000000000000000000000000000000010010010000000000000000000000000000011
681 11001001010101010001000000000000000000000000000000011011010000000000000000000000000000010
682 00111010010110001000100000000000000000000000000000000001010000000000000000000000000000101
683 11100101011000100001000000000000000000000000000000011000110000000000000000000000000000100
684 11111010110001100000000000000000000000000000000000000000110000000000000000000000000000111
685 00110100010010100010100000000000000000000000000000011001110000000000000000000000000000110
686 11100000110100000101000000000000000000000000000000010011110000000000000000000000000000101
687 01001000010111110010000000000000000000000000000000001010000000000000000000000000000000100
688 10110000011000101101100000000000000000000000000000000010000000000000000000000000000000111
689 11001001010000010001000000000000000000000000000000001011000000000000000000000000000000110
690 01101010010011101000000000000000000000000000000000010101000000000000000000000000000000001
691 00100101010100100001100000000000000000000000000000011100100000000000000000000000000000000
692 11111010110110100000000000000000000000000000000000000100100000000000000000000000000000011
693 10010100011001000011000000000000000000000000000000011101100000000000000000000000000000010
694 11100000110000000100100000000000000000000000000000010111100000000000000000000000000000001
695 01100000010010110011000000000000000000000000000000011110010000000000000000000000000000000
696 11010000010101101101000000000000000000000000000000000110010000000000000000000000000000011
697 11001001010110010001100000000000000000000000000000001111010000000000000000000000000000010
698 01101010011000101000000000000000000000000000000000010101010000000000000000000000000000101
699 10101101010001100001000000000000000000000000000000010000110000000000000000000000000000000
700 01100010110010100001100000000000000000000000000000011000110000000000000000000000000000001
701 00110100010100100011000000000000000000000000000000000001110000000000000000000000000000010
702 00011000110111100100000000000000000000000000000000011001110000000000000000000000000000011
703 11010000011000010011100000000000000000000000000000010010000000000000000000000000000000000
704 01111000010000101100000000000000000000000000000000011010000000000000000000000000000000001
705 10010001010011110000000000000000000000000000000000010011000000000000000000000000000000010
706 11001010010100001001100000000000000000000000000000011011000000000000000000000000000000011
707 00111101010110000000000000000000000000000000000000000000100000000000000000000000000000100
708 11100010111001100001000000000000000000000000000000011000100000000000000000000000000000101
709 11111100010000100010100000000000000000000000000000000001100000000000000000000000000000110
710 00110000110010100100000000000000000000000000000000011001100000000000000000000000000000111
711 11100000010101010011000000000000000000000000000000010010010000000000000000000000000000100
712 01001000010110101100100000000000000000000000000000001010010000000000000000000000000000101
713 10110001011000110001000000000000000000000000000000000011010000000000000000000000000000110
714 11001010010001001001000000000000000000000000000000001011010000000000000000000000000000111
715 01101101010010100000100000000000000000000000000000010100110000000000000000000000000000000
716 00100010110100100001000000000000000000000000000000011100110000000000000000000000000000001
717 11111100010111100010000000000000000000000000000000000101110000000000000000000000000000010
718 10010000111000000101100000000000000000000000000000011101110000000000000000000000000000011
719 11100000010000010010000000000000000000000000000000010110000000000000000000000000000000000
720 01100000010011101101000000000000000000000000000000011110000000000000000000000000000000001
721 11010001010100110001100000000000000000000000000000000111000000000000000000000000000000010
722 11001010010110001001000000000000000000000000000000001111000000000000000000000000000000011
723 01101101011001100000000000000000000000000000000000010100100000000000000000000000000000100
724 10101010110000100001100000000000000000000000000000010000100000000000000000000000000000001
725 01100100010010100011000000000000000000000000000000011001100000000000000000000000000000000
726 00110000110101100101000000000000000000000000000000000001100000000000000000000000000000011
727 00011000010110110010100000000000000000000000000000011000010000000000000000000000000000010
728 11010000011000001101000000000000000000000000000000010010010000000000000000000000000000001
729 01111001010001110000000000000000000000000000000000011011010000000000000000000000000000000
730 10010010010010101000100000000000000000000000000000010011010000000000000000000000000000011
731 11001101010100000001000000000000000000000000000000011010110000000000000000000000000000010
732 00111010110111000000000000000000000000000000000000000000110000000000000000000000000000101
733 11100100011000100011100000000000000000000000000000011001110000000000000000000000000000100
734 11111000110000100100000000000000000000000000000000000001110000000000000000000000000000111
735 00110000010011110010000000000000000000000000000000011000000000000000000000000000000000110
736 11100000010100001101100000000000000000000000000000010010000000000000000000000000000000101
737 01001001010110110000000000000000000000000000000000001011000000000000000000000000000000100
738 10110010011001101001000000000000000000000000000000000011000000000000000000000000000000111
739 11001101010000000001100000000000000000000000000000001010100000000000000000000000000000110
740 01101010110010100000000000000000000000000000000000010100100000000000000000000000000000001
741 00100100010101100011000000000000000000000000000000011101100000000000000000000000000000000
742 11111000110110100100100000000000000000000000000000000101100000000000000000000000000000011
743 10010000011000010011000000000000000000000000000000011100010000000000000000000000000000010
744 11100000010001001100000000000000000000000000000000010110010000000000000000000000000000001
745 01100001010010110001100000000000000000000000000000011111010000000000000000000000000000000
746 11010010010100101001000000000000000000000000000000000111010000000000000000000000000000011
747 11001101010111000001000000000000000000000000000000001110110000000000000000000000000000010
748 01101010111000100000100000000000000000000000000000010100110000000000000000000000000000101
749 10101100010000100011000000000000000000000000000000010001110000000000000000000000000000000
750 01100000110011100101000000000000000000000000000000011001110000000000000000000000000000001
751 00110000010100110011100000000000000000000000000000000000000000000000000000000000000000010
752 00011000010110101100000000000000000000000000000000011000000000000000000000000000000000011
753 11010001011001010001000000000000000000000000000000010011000000000000000000000000000000000
754 01111010010000101000100000000000000000000000000000011011000000000000000000000000000000001
755 10010101010010100000000000000000000000000000000000010010100000000000000000000000000000010
756 11001010110101000001000000000000000000000000000000011010100000000000000000000000000000011
757 00111100010110000010100000000000000000000000000000000001100000000000000000000000000000100
758 11100000111000100101000000000000000000000000000000011001100000000000000000000000000000101
759 11111000010001110010000000000000000000000000000000000000010000000000000000000000000000110
760 00110000010010101100100000000000000000000000000000011000010000000000000000000000000000111
761 11100001010100010001000000000000000000000000000000010011010000000000000000000000000000100
762 01001010010111101000000000000000000000000000000000001011010000000000000000000000000000101
763 10110101011000100001100000000000000000000000000000000010110000000000000000000000000000110
764 11001010110000000001000000000000000000000000000000001010110000000000000000000000000000111
765 01101100010011100010000000000000000000000000000000010101110000000000000000000000000000000
766 00100000110100100101100000000000000000000000000000011101110000000000000000000000000000001
767 11111000010110110010000000000000000000000000000000000100000000000000000000000000000000010
768 10010000011001001101000000000000000000000000000000011100000000000000000000000000000000011
769 11100001010000010000100000000000000000000000000000010111000000000000000000000000000000000
770 01100010010010101001000000000000000000000000000000011111000000000000000000000000000000001
771 11010101010101100001000000000000000000000000000000000110100000000000000000000000000000010
772 11001010110110000001100000000000000000000000000000001110100000000000000000000000000000011
773 01101100011000100010000000000000000000000000000000010101100000000000000000000000000000100
774 10101000110001100101000000000000000000000000000000010001100000000000000000000000000000001
775 01100000010010110011100000000000000000000000000000011000010000000000000000000000000000000
776 00110000010100101101000000000000000000000000000000000000010000000000000000000000000000011
777 00011001010111110000000000000000000000000000000000011001010000000000000000000000000000010
778 11010010011000001001100000000000000000000000000000010011010000000000000000000000000000001
779 01111101010000100000000000000000000000000000000000011010110000000000000000000000000000000
780 10010010110011100000000000000000000000000000000000010010110000000000000000000000000000011
781 11001100010100000011100000000000000000000000000000011011110000000000000000000000000000010
782 00111000110110000100000000000000000000000000000000000001110000000000000000000000000000101
783 11100000011001110011000000000000000000000000000000011000000000000000000000000000000000100
784 11111000010000101100100000000000000000000000000000000000000000000000000000000000000000111
785 00110001010010110000000000000000000000000000000000011001000000000000000000000000000000110
786 11100010010101001001000000000000000000000000000000010011000000000000000000000000000000101
787 01001101010110100000100000000000000000000000000000001010100000000000000000000000000000100
788 10110010111000100001000000000000000000000000000000000010100000000000000000000000000000111
789 11001100010001000011000000000000000000000000000000001011100000000000000000000000000000110
790 01101000110010100100100000000000000000000000000000010101100000000000000000000000000000001
791 00100000010100110011000000000000000000000000000000011100010000000000000000000000000000000
792 11111000010111101100000000000000000000000000000000000100010000000000000000000000000000011
793 10010001011000010001100000000000000000000000000000011101010000000000000000000000000000010
794 11100010010000001000000000000000000000000000000000010111010000000000000000000000000000001
795 01100101010011100001000000000000000000000000000000011110110000000000000000000000000000000
796 11010010110100100001100000000000000000000000000000000110110000000000000000000000000000011
797 11001100010110000011000000000000000000000000000000001111110000000000000000000000000000010
798 01101000111001100100000000000000000000000000000000010101110000000000000000000000000000101
799 10101000010000110011100000000000000000000000000000010000000000000000000000000000000000000
800 01100000010010101101000000000000000000000000000000011000000000000000000000000000000000001
801 00110001010101110001000000000000000000000000000000000001000000000000000000000000000000010
802 00011010010110101000100000000000000000000000000000011001000000000000000000000000000000011
803 11010101011000000001000000000000000000000000000000010010100000000000000000000000000000000
804 01111010110001100000000000000000000000000000000000011010100000000000000000000000000000001
805 10010100010010100010100000000000000000000000000000010011100000000000000000000000000000010
806 11001000110100000101000000000000000000000000000000011011100000000000000000000000000000011
807 00111000010111010010000000000000000000000000000000000000010000000000000000000000000000100
808 11100000011000101101100000000000000000000000000000011000010000000000000000000000000000101
809 11111001010000110000000000000000000000000000000000000001010000000000000000000000000000110
810 00110010010011101000000000000000000000000000000000011001010000000000000000000000000000111
811 11100101010100000001100000000000000000000000000000010010110000000000000000000000000000100
812 01001010110110100000000000000000000000000000000000001010110000000000000000000000000000101
813 10110100011001100011000000000000000000000000000000000011110000000000000000000000000000110
814 11001000110000000101100000000000000000000000000000001011110000000000000000000000000000111
815 01101000010010110010000000000000000000000000000000010100000000000000000000000000000000000
816 00100000010101101101000000000000000000000000000000011100000000000000000000000000000000001
817 11111001010110110000100000000000000000000000000000000101000000000000000000000000000000010
818 10010010011000001001000000000000000000000000000000011101000000000000000000000000000000011
819 11100101010001000000000000000000000000000000000000010110100000000000000000000000000000000
820 01100010110010100001100000000000000000000000000000011110100000000000000000000000000000001
821 11010100010100100011000000000000000000000000000000000111100000000000000000000000000000010
822 11001000110111000101000000000000000000000000000000001111100000000000000000000000000000011
823 01101000011000110010100000000000000000000000000000010100010000000000000000000000000000100
824 10101000010000101101000000000000000000000000000000010000010000000000000000000000000000001
825 01100001010011110001000000000000000000000000000000011001010000000000000000000000000000000
826 00110010010100101001100000000000000000000000000000000001010000000000000000000000000000011
827 00011101010110100000000000000000000000000000000000011000110000000000000000000000000000010
828 11010010111001000001000000000000000000000000000000010010110000000000000000000000000000001
829 01111100010000100010100000000000000000000000000000011011110000000000000000000000000000000
830 10010000110010100100000000000000000000000000000000010011110000000000000000000000000000011
831 11001000010101010011000000000000000000000000000000011010000000000000000000000000000000010
832 00111000010110001100100000000000000000000000000000000000000000000000000000000000000000101
833 11100001011000110001000000000000000000000000000000011001000000000000000000000000000000100
834 11111010010001101000000000000000000000000000000000000001000000000000000000000000000000111
835 00110101010010100000100000000000000000000000000000011000100000000000000000000000000000110
836 11100010110100000001000000000000000000000000000000010010100000000000000000000000000000101
837 01001100010111100010000000000000000000000000000000001011100000000000000000000000000000100
838 10110000111000100101100000000000000000000000000000000011100000000000000000000000000000111
839 11001000010000010011000000000000000000000000000000001010010000000000000000000000000000110
840 01101000010011101100000000000000000000000000000000010100010000000000000000000000000000001
841 00100001010100110001100000000000000000000000000000011101010000000000000000000000000000000
842 11111010010110101000000000000000000000000000000000000101010000000000000000000000000000011
843 10010101011001000001000000000000000000000000000000011100110000000000000000000000000000010
844 11100010110000000000100000000000000000000000000000010110110000000000000000000000000000001
845 01100100010010100011000000000000000000000000000000011111110000000000000000000000000000000
846 11010000110101100101000000000000000000000000000000000111110000000000000000000000000000011
847 11001000010110010011100000000000000000000000000000001110000000000000000000000000000000010
848 01101000011000101100000000000000000000000000000000010100000000000000000000000000000000101
849 10101001010001110001000000000000000000000000000000010001000000000000000000000000000000000
850 01100010010010101001100000000000000000000000000000011001000000000000000000000000000000001
851 00110101010100100001000000000000000000000000000000000000100000000000000000000000000000010
852 00011010110111100000000000000000000000000000000000011000100000000000000000000000000000011
853 11010100011000000011100000000000000000000000000000010011100000000000000000000000000000000
854 01111000110000100100000000000000000000000000000000011011100000000000000000000000000000001
855 10010000010011110010000000000000000000000000000000010010010000000000000000000000000000010
856 11001000010100001101100000000000000000000000000000011010010000000000000000000000000000011
857 00111001010110010000000000000000000000000000000000000001010000000000000000000000000000100
858 11100010011001101001000000000000000000000000000000011001010000000000000000000000000000101
859 11111101010000100000100000000000000000000000000000000000110000000000000000000000000000110
860 00110010110010100000000000000000000000000000000000011000110000000000000000000000000000111
861 11100100010101000011000000000000000000000000000000010011110000000000000000000000000000100
862 01001000110110100100100000000000000000000000000000001011110000000000000000000000000000101
863 10110000011000110011000000000000000000000000000000000010000000000000000000000000000000110
864 11001000010001001101000000000000000000000000000000001010000000000000000000000000000000111
865 01101001010010110000100000000000000000000000000000010101000000000000000000000000000000000
866 00100010010100101001000000000000000000000000000000011101000000000000000000000000000000001
867 11111101010111100000000000000000000000000000000000000100100000000000000000000000000000010
868 10010010111000000001100000000000000000000000000000011100100000000000000000000000000000011
869 11100100010000000010000000000000000000000000000000010111100000000000000000000000000000000
870 01100000110011100101000000000000000000000000000000011111100000000000000000000000000000001
871 11010000010100110011100000000000000000000000000000000110010000000000000000000000000000010
872 11001000010110001101000000000000000000000000000000001110010000000000000000000000000000011
873 01101001011001110000000000000000000000000000000000010101010000000000000000000000000000100
874 10101010010000101001100000000000000000000000000000010001010000000000000000000000000000001
875 01100101010010100001000000000000000000000000000000011000110000000000000000000000000000000
876 00110010110101100001000000000000000000000000000000000000110000000000000000000000000000011
877 00011100010110100010100000000000000000000000000000011001110000000000000000000000000000010
878 11010000111000000101000000000000000000000000000000010011110000000000000000000000000000001
879 01111000010001110010000000000000000000000000000000011010000000000000000000000000000000000
880 10010000010010101100100000000000000000000000000000010010000000000000000000000000000000011
881 11001001010100010001000000000000000000000000000000011011000000000000000000000000000000010
882 00111010010111001000000000000000000000000000000000000001000000000000000000000000000000101
883 11100101011000100001100000000000000000000000000000011000100000000000000000000000000000100
884 11111010110000100000000000000000000000000000000000000000100000000000000000000000000000111
885 00110100010011100010000000000000000000000000000000011001100000000000000000000000000000110
886 11100000110100000101100000000000000000000000000000010011100000000000000000000000000000101
887 01001000010110110010000000000000000000000000000000001010010000000000000000000000000000100
888 10110000011001101101000000000000000000000000000000000010010000000000000000000000000000111
889 11001001010000010001100000000000000000000000000000001011010000000000000000000000000000110
890 01101010010010101000000000000000000000000000000000010101010000000000000000000000000000001
891 00100101010101100001000000000000000000000000000000011100110000000000000000000000000000000
892 11111010110110100000100000000000000000000000000000000100110000000000000000000000000000011
893 10010100011000000011000000000000000000000000000000011101110000000000000000000000000000010
894 11100000110001000100000000000000000000000000000000010111110000000000000000000000000000001
895 01100000010010110011100000000000000000000000000000011110000000000000000000000000000000000
896 11010000010100101101000000000000000000000000000000000110000000000000000000000000000000011
897 11001001010111010001000000000000000000000000000000001111000000000000000000000000000000010
898 01101010011000101000100000000000000000000000000000010101000000000000000000000000000000101
899 10101101010000100001000000000000000000000000000000010000100000000000000000000000000000000
900 01100010110011100001000000000000000000000000000000011000100000000000000000000000000000001
901 00110100010100100011100000000000000000000000000000000001100000000000000000000000000000010
902 00011000110110100100000000000000000000000000000000011001100000000000000000000000000000011
903 11010000011001010011000000000000000000000000000000010010010000000000000000000000000000000
904 01111000010000101100100000000000000000000000000000011010010000000000000000000000000000001
905 10010001010010110000000000000000000000000000000000010011010000000000000000000000000000010
906 11001010010101001001000000000000000000000000000000011011010000000000000000000000000000011
907 00111101010110000000100000000000000000000000000000000000110000000000000000000000000000100
908 11100010111000100001000000000000000000000000000000011000110000000000000000000000000000101
909 11111100010001100010000000000000000000000000000000000001110000000000000000000000000000110
910 00110000110010100100100000000000000000000000000000011001110000000000000000000000000000111
911 11100000010100010011000000000000000000000000000000010010000000000000000000000000000000100
912 01001000010111101100000000000000000000000000000000001010000000000000000000000000000000101
913 10110001011000110001100000000000000000000000000000000011000000000000000000000000000000110
914 11001010010000001001000000000000000000000000000000001011000000000000000000000000000000111
915 01101101010011100000000000000000000000000000000000010100100000000000000000000000000000000
916 00100010110100100001100000000000000000000000000000011100100000000000000000000000000000001
917 11111100010110100010000000000000000000000000000000000101100000000000000000000000000000010
918 10010000111001000101000000000000000000000000000000011101100000000000000000000000000000011
919 11100000010000010010100000000000000000000000000000010110010000000000000000000000000000000
920 01100000010010101101000000000000000000000000000000011110010000000000000000000000000000001
921 11010001010101110001000000000000000000000000000000000111010000000000000000000000000000010
922 11001010010110001001100000000000000000000000000000001111010000000000000000000000000000011
923 01101101011000100000000000000000000000000000000000010100110000000000000000000000000000100
924 10101010110001100001000000000000000000000000000000010000110000000000000000000000000000001
925 01100100010010100011100000000000000000000000000000011001110000000000000000000000000000000
926 00110000110100100101000000000000000000000000000000000001110000000000000000000000000000011
927 00011000010111110010000000000000000000000000000000011000000000000000000000000000000000010
928 11010000011000001101100000000000000000000000000000010010000000000000000000000000000000001
929 01111001010000110000000000000000000000000000000000011011000000000000000000000000000000000
930 10010010010011101000000000000000000000000000000000010011000000000000000000000000000000011
931 11001101010100000001100000000000000000000000000000011010100000000000000000000000000000010
932 00111010110110000000000000000000000000000000000000000000100000000000000000000000000000101
933 11100100011001100011000000000000000000000000000000011001100000000000000000000000000000100
934 11111000110000100100100000000000000000000000000000000001100000000000000000000000000000111
935 00110000010010110010000000000000000000000000000000011000010000000000000000000000000000110
936 11100000010101001101000000000000000000000000000000010010010000000000000000000000000000101
937 01001001010110110000100000000000000000000000000000001011010000000000000000000000000000100
938 10110010011000101001000000000000000000000000000000000011010000000000000000000000000000111
939 11001101010001000001000000000000000000000000000000001010110000000000000000000000000000110
940 01101010110010100000100000000000000000000000000000010100110000000000000000000000000000001
941 00100100010100100011000000000000000000000000000000011101110000000000000000000000000000000
942 11111000110111100100000000000000000000000000000000000101110000000000000000000000000000011
943 10010000011000010011100000000000000000000000000000011100000000000000000000000000000000010
944 11100000010000001100000000000000000000000000000000010110000000000000000000000000000000001
945 01100001010011110001000000000000000000000000000000011111000000000000000000000000000000000
946 11010010010100101001100000000000000000000000000000000111000000000000000000000000000000011
947 11001101010110000001000000000000000000000000000000001110100000000000000000000000000000010
948 01101010111001100000000000000000000000000000000000010100100000000000000000000000000000101
949 10101100010000100011100000000000000000000000000000010001100000000000000000000000000000000
950 01100000110010100101000000000000000000000000000000011001100000000000000000000000000000001
951 00110000010101110011000000000000000000000000000000000000010000000000000000000000000000010
952 00011000010110101100100000000000000000000000000000011000010000000000000000000000000000011
953 11010001011000010001000000000000000000000000000000010011010000000000000000000000000000000
954 01111010010001101000000000000000000000000000000000011011010000000000000000000000000000001
955 10010101010010100000100000000000000000000000000000010010110000000000000000000000000000010
956 11001010110100000001000000000000000000000000000000011010110000000000000000000000000000011
957 00111100010111000010000000000000000000000000000000000001110000000000000000000000000000100
958 11100000111000100101100000000000000000000000000000011001110000000000000000000000000000101
959 11111000010000110010000000000000000000000000000000000000000000000000000000000000000000110
960 00110000010011101100000000000000000000000000000000011000000000000000000000000000000000111
961 11100001010100010001100000000000000000000000000000010011000000000000000000000000000000100
962 01001010010110101000000000000000000000000000000000001011000000000000000000000000000000101
963 10110101011001100001000000000000000000000000000000000010100000000000000000000000000000110
964 11001010110000000001100000000000000000000000000000001010100000000000000000000000000000111
965 01101100010010100010000000000000000000000000000000010101100000000000000000000000000000000
966 00100000110101100101000000000000000000000000000000011101100000000000000000000000000000001
967 11111000010110110010100000000000000000000000000000000100010000000000000000000000000000010
968 10010000011000001101000000000000000000000000000000011100010000000000000000000000000000011
969 11100001010001010000000000000000000000000000000000010111010000000000000000000000000000000
970 01100010010010101001100000000000000000000000000000011111010000000000000000000000000000001
971 11010101010100100001000000000000000000000000000000000110110000000000000000000000000000010
972 11001010110111000001000000000000000000000000000000001110110000000000000000000000000000011
973 01101100011000100010100000000000000000000000000000010101110000000000000000000000000000100
974 10101000110000100101000000000000000000000000000000010001110000000000000000000000000000001
975 01100000010011110011000000000000000000000000000000011000000000000000000000000000000000000
976 00110000010100101101100000000000000000000000000000000000000000000000000000000000000000011
977 00011001010110110000000000000000000000000000000000011001000000000000000000000000000000010
978 11010010011001001001000000000000000000000000000000010011000000000000000000000000000000001
979 01111101010000100000100000000000000000000000000000011010100000000000000000000000000000000
980 10010010110010100000000000000000000000000000000000010010100000000000000000000000000000011
981 11001100010101000011000000000000000000000000000000011011100000000000000000000000000000010
982 00111000110110000100100000000000000000000000000000000001100000000000000000000000000000101
983 11100000011000110011000000000000000000000000000000011000010000000000000000000000000000100
984 11111000010001101100000000000000000000000000000000000000010000000000000000000000000000111
985 00110001010010110000100000000000000000000000000000011001010000000000000000000000000000110
986 11100010010100001001000000000000000000000000000000010011010000000000000000000000000000101
987 01001101010111100000000000000000000000000000000000001010110000000000000000000000000000100
988 10110010111000100001100000000000000000000000000000000010110000000000000000000000000000111
989 11001100010000000011000000000000000000000000000000001011110000000000000000000000000000110
990 01101000110011100100000000000000000000000000000000010101110000000000000000000000000000001
991 00100000010100110011100000000000000000000000000000011100000000000000000000000000000000000
992 11111000010110101100000000000000000000000000000000000100000000000000000000000000000000011
993 10010001011001010001000000000000000000000000000000011101000000000000000000000000000000010
994 11100010010000001000100000000000000000000000000000010111000000000000000000000000000000001
995 01100101010010100001000000000000000000000000000000011110100000000000000000000000000000000
996 11010010110101100001000000000000000000000000000000000110100000000000000000000000000000011
997 11001100010110000011100000000000000000000000000000001111100000000000000000000000000000010
998 01101000111000100100000000000000000000000000000000010101100000000000000000000000000000101
999 10101000010001110011000000000000000000000000000000010000010000000000000000000000000000000
1000 01100000010010101101100000000000000000000000000000011000010000000000000000000000000000001
1001 00110001010100110001000000000000000000000000000000000001010000000000000000000000000000010
1002 00011010010111101000000000000000000000000000000000011001010000000000000000000000000000011
1003 11010101011000000001100000000000000000000000000000010010110000000000000000000000000000000
1004 01111010110000100000000000000000000000000000000000011010110000000000000000000000000000001
1005 10010100010011100010000000000000000000000000000000010011110000000000000000000000000000010
1006 11001000110100000101100000000000000000000000000000011011110000000000000000000000000000011
1007 00111000010110010010000000000000000000000000000000000000000000000000000000000000000000100
1008 11100000011001101101000000000000000000000000000000011000000000000000000000000000000000101
1009 11111001010000110000100000000000000000000000000000000001000000000000000000000000000000110
1010 00110010010010101000000000000000000000000000000000011001000000000000000000000000000000111
1011 11100101010101000001000000000000000000000000000000010010100000000000000000000000000000100
1012 01001010110110100000100000000000000000000000000000001010100000000000000000000000000000101
1013 10110100011000100011000000000000000000000000000000000011100000000000000000000000000000110
1014 11001000110001000101000000000000000000000000000000001011100000000000000000000000000000111
1015 01101000010010110010100000000000000000000000000000010100010000000000000000000000000000000
1016 00100000010100101101000000000000000000000000000000011100010000000000000000000000000000001
1017 11111001010111110000000000000000000000000000000000000101010000000000000000000000000000010
1018 10010010011000001001100000000000000000000000000000011101010000000000000000000000000000011
1019 11100101010000000000000000000000000000000000000000010110110000000000000000000000000000000
1020 01100010110011100001000000000000000000000000000000011110110000000000000000000000000000001
1021 11010100010100100011100000000000000000000000000000000111110000000000000000000000000000010
1022 11001000110110000101000000000000000000000000000000001111110000000000000000000000000000011
1023 01101000011001110010000000000000000000000000000000010100000000000000000000000000000000100
1024 10101000010000101101100000000000000000000000000000010000000000000000000000000000000000001
1025 01100001010010110001000000000000000000000000000000011001000000000000000000000000000000000
1026 00110010010101101001000000000000000000000000000000000001000000000000000000000000000000011
1027 00011101010110100000100000000000000000000000000000011000100000000000000000000000000000010
1028 11010010111000000001000000000000000000000000000000010010100000000000000000000000000000001
1029 01111100010001100010000000000000000000000000000000011011100000000000000000000000000000000
1030 10010000110010100100100000000000000000000000000000010011100000000000000000000000000000011
1031 11001000010100010011000000000000000000000000000000011010010000000000000000000000000000010
1032 00111000010111001100000000000000000000000000000000000000010000000000000000000000000000101
1033 11100001011000110001100000000000000000000000000000011001010000000000000000000000000000100
1034 11111010010000101000000000000000000000000000000000000001010000000000000000000000000000111
1035 00110101010011100000000000000000000000000000000000011000110000000000000000000000000000110
1036 11100010110100000001100000000000000000000000000000010010110000000000000000000000000000101
1037 01001100010110100010000000000000000000000000000000001011110000000000000000000000000000100
1038 10110000111001100101000000000000000000000000000000000011110000000000000000000000000000111
1039 11001000010000010011100000000000000000000000000000001010000000000000000000000000000000110
1040 01101000010010101100000000000000000000000000000000010100000000000000000000000000000000001
1041 00100001010101110001000000000000000000000000000000011101000000000000000000000000000000000
1042 11111010010110101000100000000000000000000000000000000101000000000000000000000000000000011
1043 10010101011000000001000000000000000000000000000000011100100000000000000000000000000000010
1044 11100010110001000000000000000000000000000000000000010110100000000000000000000000000000001
1045 01100100010010100011100000000000000000000000000000011111100000000000000000000000000000000
1046 11010000110100100101000000000000000000000000000000000111100000000000000000000000000000011
1047 11001000010111010011000000000000000000000000000000001110010000000000000000000000000000010
1048 01101000011000101100100000000000000000000000000000010100010000000000000000000000000000101
1049 10101001010000110001000000000000000000000000000000010001010000000000000000000000000000000
1050 01100010010011101001000000000000000000000000000000011001010000000000000000000000000000001
1051 00110101010100100001100000000000000000000000000000000000110000000000000000000000000000010
1052 00011010110110100000000000000000000000000000000000011000110000000000000000000000000000011
1053 11010100011001000011000000000000000000000000000000010011110000000000000000000000000000000
1054 01111000110000100100100000000000000000000000000000011011110000000000000000000000000000001
1055 10010000010010110010000000000000000000000000000000010010000000000000000000000000000000010
1056 11001000010101001101000000000000000000000000000000011010000000000000000000000000000000011
1057 00111001010110010000100000000000000000000000000000000001000000000000000000000000000000100
1058 11100010011000101001000000000000000000000000000000011001000000000000000000000000000000101
1059 11111101010001100000000000000000000000000000000000000000100000000000000000000000000000110
1060 00110010110010100000100000000000000000000000000000011000100000000000000000000000000000111
1061 11100100010100000011000000000000000000000000000000010011100000000000000000000000000000100
1062 01001000110111100100000000000000000000000000000000001011100000000000000000000000000000101
1063 10110000011000110011100000000000000000000000000000000010010000000000000000000000000000110
1064 11001000010000001101000000000000000000000000000000001010010000000000000000000000000000111
1065 01101001010011110000000000000000000000000000000000010101010000000000000000000000000000000
1066 00100010010100101001100000000000000000000000000000011101010000000000000000000000000000001
1067 11111101010110100000000000000000000000000000000000000100110000000000000000000000000000010
1068 10010010111001000001000000000000000000000000000000011100110000000000000000000000000000011
1069 11100100010000000010100000000000000000000000000000010111110000000000000000000000000000000
1070 01100000110010100101000000000000000000000000000000011111110000000000000000000000000000001
1071 11010000010101110011000000000000000000000000000000000110000000000000000000000000000000010
1072 11001000010110001101100000000000000000000000000000001110000000000000000000000000000000011
1073 01101001011000110000000000000000000000000000000000010101000000000000000000000000000000100
1074 10101010010001101001000000000000000000000000000000010001000000000000000000000000000000001
1075 01100101010010100001100000000000000000000000000000011000100000000000000000000000000000000
1076 00110010110100100001000000000000000000000000000000000000100000000000000000000000000000011
1077 00011100010111100010000000000000000000000000000000011001100000000000000000000000000000010
1078 11010000111000000101100000000000000000000000000000010011100000000000000000000000000000001
1079 01111000010000110010000000000000000000000000000000011010010000000000000000000000000000000
1080 10010000010011101100000000000000000000000000000000010010010000000000000000000000000000011
1081 11001001010100010001100000000000000000000000000000011011010000000000000000000000000000010
1082 00111010010110001000000000000000000000000000000000000001010000000000000000000000000000101
1083 11100101011001100001000000000000000000000000000000011000110000000000000000000000000000100
1084 11111010110000100000100000000000000000000000000000000000110000000000000000000000000000111
1085 00110100010010100010000000000000000000000000000000011001110000000000000000000000000000110
1086 11100000110101000101000000000000000000000000000000010011110000000000000000000000000000101
1087 01001000010110110010100000000000000000000000000000001010000000000000000000000000000000100
1088 10110000011000101101000000000000000000000000000000000010000000000000000000000000000000111
1089 11001001010001010001000000000000000000000000000000001011000000000000000000000000000000110
1090 01101010010010101000100000000000000000000000000000010101000000000000000000000000000000001
1091 00100101010100100001000000000000000000000000000000011100100000000000000000000000000000000
1092 11111010110111100000000000000000000000000000000000000100100000000000000000000000000000011
1093 10010100011000000011100000000000000000000000000000011101100000000000000000000000000000010
1094 11100000110000000100000000000000000000000000000000010111100000000000000000000000000000001
1095 01100000010011110011000000000000000000000000000000011110010000000000000000000000000000000
1096 11010000010100101101100000000000000000000000000000000110010000000000000000000000000000011
1097 11001001010110010001000000000000000000000000000000001111010000000000000000000000000000010
1098 01101010011001101000000000000000000000000000000000010101010000000000000000000000000000101
1099 10101101010000100001100000000000000000000000000000010000110000000000000000000000000000000
1100 01100010110010100001000000000000000000000000000000011000110000000000000000000000000000001
1101 00110100010101100011000000000000000000000000000000000001110000000000000000000000000000010
1102 00011000110110100100100000000000000000000000000000011001110000000000000000000000000000011
1103 11010000011000010011000000000000000000000000000000010010000000000000000000000000000000000
1104 01111000010001101100000000000000000000000000000000011010000000000000000000000000000000001
1105 10010001010010110000100000000000000000000000000000010011000000000000000000000000000000010
1106 11001010010100001001000000000000000000000000000000011011000000000000000000000000000000011
1107 00111101010111000000000000000000000000000000000000000000100000000000000000000000000000100
1108 11100010111000100001100000000000000000000000000000011000100000000000000000000000000000101
1109 11111100010000100010000000000000000000000000000000000001100000000000000000000000000000110
1110 00110000110011100100000000000000000000000000000000011001100000000000000000000000000000111
1111 11100000010100010011100000000000000000000000000000010010010000000000000000000000000000100
1112 01001000010110101100000000000000000000000000000000001010010000000000000000000000000000101
1113 10110001011001110001000000000000000000000000000000000011010000000000000000000000000000110
1114 11001010010000001001100000000000000000000000000000001011010000000000000000000000000000111
1115 01101101010010100000000000000000000000000000000000010100110000000000000000000000000000000
1116 00100010110101100001000000000000000000000000000000011100110000000000000000000000000000001
1117 11111100010110100010100000000000000000000000000000000101110000000000000000000000000000010
1118 10010000111000000101000000000000000000000000000000011101110000000000000000000000000000011
1119 11100000010001010010000000000000000000000000000000010110000000000000000000000000000000000
1120 01100000010010101101100000000000000000000000000000011110000000000000000000000000000000001
1121 11010001010100110001000000000000000000000000000000000111000000000000000000000000000000010
1122 11001010010111001001000000000000000000000000000000001111000000000000000000000000000000011
1123 01101101011000100000100000000000000000000000000000010100100000000000000000000000000000100
1124 10101010110000100001000000000000000000000000000000010000100000000000000000000000000000001
1125 01100100010011100011000000000000000000000000000000011001100000000000000000000000000000000
1126 00110000110100100101100000000000000000000000000000000001100000000000000000000000000000011
1127 00011000010110110010000000000000000000000000000000011000010000000000000000000000000000010
1128 11010000011001001101000000000000000000000000000000010010010000000000000000000000000000001
1129 01111001010000110000100000000000000000000000000000011011010000000000000000000000000000000
1130 10010010010010101000000000000000000000000000000000010011010000000000000000000000000000011
1131 11001101010101000001000000000000000000000000000000011010110000000000000000000000000000010
1132 00111010110110000000100000000000000000000000000000000000110000000000000000000000000000101
1133 11100100011000100011000000000000000000000000000000011001110000000000000000000000000000100
1134 11111000110001100100000000000000000000000000000000000001110000000000000000000000000000111
1135 00110000010010110010100000000000000000000000000000011000000000000000000000000000000000110
1136 11100000010100001101000000000000000000000000000000010010000000000000000000000000000000101
1137 01001001010111110000000000000000000000000000000000001011000000000000000000000000000000100
1138 10110010011000101001100000000000000000000000000000000011000000000000000000000000000000111
1139 11001101010000000001000000000000000000000000000000001010100000000000000000000000000000110
1140 01101010110011100000000000000000000000000000000000010100100000000000000000000000000000001
1141 00100100010100100011100000000000000000000000000000011101100000000000000000000000000000000
1142 11111000110110100100000000000000000000000000000000000101100000000000000000000000000000011
1143 10010000011001010011000000000000000000000000000000011100010000000000000000000000000000010
1144 11100000010000001100100000000000000000000000000000010110010000000000000000000000000000001
1145 01100001010010110001000000000000000000000000000000011111010000000000000000000000000000000
1146 11010010010101101001000000000000000000000000000000000111010000000000000000000000000000011
1147 11001101010110000001100000000000000000000000000000001110110000000000000000000000000000010
1148 01101010111000100000000000000000000000000000000000010100110000000000000000000000000000101
1149 10101100010001100011000000000000000000000000000000010001110000000000000000000000000000000
1150 01100000110010100101100000000000000000000000000000011001110000000000000000000000000000001
1151 00110000010100110011000000000000000000000000000000000000000000000000000000000000000000010
1152 00011000010111101100000000000000000000000000000000011000000000000000000000000000000000011
1153 11010001011000010001100000000000000000000000000000010011000000000000000000000000000000000
1154 01111010010000101000000000000000000000000000000000011011000000000000000000000000000000001
1155 10010101010011100000000000000000000000000000000000010010100000000000000000000000000000010
1156 11001010110100000001100000000000000000000000000000011010100000000000000000000000000000011
1157 00111100010110000010000000000000000000000000000000000001100000000000000000000000000000100
1158 11100000111001100101000000000000000000000000000000011001100000000000000000000000000000101
1159 11111000010000110010100000000000000000000000000000000000010000000000000000000000000000110
1160 00110000010010101100000000000000000000000000000000011000010000000000000000000000000000111
1161 11100001010101010001000000000000000000000000000000010011010000000000000000000000000000100
1162 01001010010110101000100000000000000000000000000000001011010000000000000000000000000000101
1163 10110101011000100001000000000000000000000000000000000010110000000000000000000000000000110
1164 11001010110001000001000000000000000000000000000000001010110000000000000000000000000000111
1165 01101100010010100010100000000000000000000000000000010101110000000000000000000000000000000
1166 00100000110100100101000000000000000000000000000000011101110000000000000000000000000000001
1167 11111000010111110010000000000000000000000000000000000100000000000000000000000000000000010
1168 10010000011000001101100000000000000000000000000000011100000000000000000000000000000000011
1169 11100001010000010000000000000000000000000000000000010111000000000000000000000000000000000
1170 01100010010011101001000000000000000000000000000000011111000000000000000000000000000000001
1171 11010101010100100001100000000000000000000000000000000110100000000000000000000000000000010
1172 11001010110110000001000000000000000000000000000000001110100000000000000000000000000000011
1173 01101100011001100010000000000000000000000000000000010101100000000000000000000000000000100
1174 10101000110000100101100000000000000000000000000000010001100000000000000000000000000000001
1175 01100000010010110011000000000000000000000000000000011000010000000000000000000000000000000
1176 00110000010101101101000000000000000000000000000000000000010000000000000000000000000000011
1177 00011001010110110000100000000000000000000000000000011001010000000000000000000000000000010
1178 11010010011000001001000000000000000000000000000000010011010000000000000000000000000000001
1179 01111101010001100000000000000000000000000000000000011010110000000000000000000000000000000
1180 10010010110010100000100000000000000000000000000000010010110000000000000000000000000000011
1181 11001100010100000011000000000000000000000000000000011011110000000000000000000000000000010
1182 00111000110111000100000000000000000000000000000000000001110000000000000000000000000000101
1183 11100000011000110011100000000000000000000000000000011000000000000000000000000000000000100
1184 11111000010000101100000000000000000000000000000000000000000000000000000000000000000000111
1185 00110001010011110000000000000000000000000000000000011001000000000000000000000000000000110
1186 11100010010100001001100000000000000000000000000000010011000000000000000000000000000000101
1187 01001101010110100000000000000000000000000000000000001010100000000000000000000000000000100
1188 10110010111001100001000000000000000000000000000000000010100000000000000000000000000000111
1189 11001100010000000011100000000000000000000000000000001011100000000000000000000000000000110
1190 01101000110010100100000000000000000000000000000000010101100000000000000000000000000000001
1191 00100000010101110011000000000000000000000000000000011100010000000000000000000000000000000
1192 11111000010110101100100000000000000000000000000000000100010000000000000000000000000000011
1193 10010001011000010001000000000000000000000000000000011101010000000000000000000000000000010
1194 11100010010001001000000000000000000000000000000000010111010000000000000000000000000000001
1195 01100101010010100001100000000000000000000000000000011110110000000000000000000000000000000
1196 11010010110100100001000000000000000000000000000000000110110000000000000000000000000000011
1197 11001100010111000011000000000000000000000000000000001111110000000000000000000000000000010
1198 01101000111000100100100000000000000000000000000000010101110000000000000000000000000000101
1199 10101000010000110011000000000000000000000000000000010000000000000000000000000000000000000
1200 01100000010011101101000000000000000000000000000000011000000000000000000000000000000000001
1201 00110001010100110001100000000000000000000000000000000001000000000000000000000000000000010
1202 00011010010110101000000000000000000000000000000000011001000000000000000000000000000000011
1203 11010101011001000001000000000000000000000000000000010010100000000000000000000000000000000
1204 01111010110000100000100000000000000000000000000000011010100000000000000000000000000000001
1205 10010100010010100010000000000000000000000000000000010011100000000000000000000000000000010
1206 11001000110101000101000000000000000000000000000000011011100000000000000000000000000000011
1207 00111000010110010010100000000000000000000000000000000000010000000000000000000000000000100
1208 11100000011000101101000000000000000000000000000000011000010000000000000000000000000000101
1209 11111001010001110000000000000000000000000000000000000001010000000000000000000000000000110
1210 00110010010010101000100000000000000000000000000000011001010000000000000000000000000000111
1211 11100101010100000001000000000000000000000000000000010010110000000000000000000000000000100
1212 01001010110111100000000000000000000000000000000000001010110000000000000000000000000000101
1213 10110100011000100011100000000000000000000000000000000011110000000000000000000000000000110
1214 11001000110000000101000000000000000000000000000000001011110000000000000000000000000000111
1215 01101000010011110010000000000000000000000000000000010100000000000000000000000000000000000
1216 00100000010100101101100000000000000000000000000000011100000000000000000000000000000000001
1217 11111001010110110000000000000000000000000000000000000101000000000000000000000000000000010
1218 10010010011001001001000000000000000000000000000000011101000000000000000000000000000000011
1219 11100101010000000000100000000000000000000000000000010110100000000000000000000000000000000
1220 01100010110010100001000000000000000000000000000000011110100000000000000000000000000000001
1221 11010100010101100011000000000000000000000000000000000111100000000000000000000000000000010
1222 11001000110110000101100000000000000000000000000000001111100000000000000000000000000000011
1223 01101000011000110010000000000000000000000000000000010100010000000000000000000000000000100
1224 10101000010001101101000000000000000000000000000000010000010000000000000000000000000000001
1225 01100001010010110001100000000000000000000000000000011001010000000000000000000000000000000
1226 00110010010100101001000000000000000000000000000000000001010000000000000000000000000000011
1227 00011101010111100000000000000000000000000000000000011000110000000000000000000000000000010
1228 11010010111000000001100000000000000000000000000000010010110000000000000000000000000000001
1229 01111100010000100010000000000000000000000000000000011011110000000000000000000000000000000
1230 10010000110011100100000000000000000000000000000000010011110000000000000000000000000000011
1231 11001000010100010011100000000000000000000000000000011010000000000000000000000000000000010
1232 00111000010110001100000000000000000000000000000000000000000000000000000000000000000000101
1233 11100001011001110001000000000000000000000000000000011001000000000000000000000000000000100
1234 11111010010000101000100000000000000000000000000000000001000000000000000000000000000000111
1235 00110101010010100000000000000000000000000000000000011000100000000000000000000000000000110
1236 11100010110101000001000000000000000000000000000000010010100000000000000000000000000000101
1237 01001100010110100010100000000000000000000000000000001011100000000000000000000000000000100
1238 10110000111000100101000000000000000000000000000000000011100000000000000000000000000000111
1239 11001000010001010011000000000000000000000000000000001010010000000000000000000000000000110
1240 01101000010010101100100000000000000000000000000000010100010000000000000000000000000000001
1241 00100001010100110001000000000000000000000000000000011101010000000000000000000000000000000
1242 11111010010111101000000000000000000000000000000000000101010000000000000000000000000000011
1243 10010101011000000001100000000000000000000000000000011100110000000000000000000000000000010
1244 11100010110000000000000000000000000000000000000000010110110000000000000000000000000000001
1245 01100100010011100011000000000000000000000000000000011111110000000000000000000000000000000
1246 11010000110100100101100000000000000000000000000000000111110000000000000000000000000000011
1247 11001000010110010011000000000000000000000000000000001110000000000000000000000000000000010
1248 01101000011001101100000000000000000000000000000000010100000000000000000000000000000000101
1249 10101001010000110001100000000000000000000000000000010001000000000000000000000000000000000
1250 01100010010010101001000000000000000000000000000000011001000000000000000000000000000000001
1251 00110101010101100001000000000000000000000000000000000000100000000000000000000000000000010
1252 00011010110110100000100000000000000000000000000000011000100000000000000000000000000000011
1253 11010100011000000011000000000000000000000000000000010011100000000000000000000000000000000
1254 01111000110001100100000000000000000000000000000000011011100000000000000000000000000000001
1255 10010000010010110010100000000000000000000000000000010010010000000000000000000000000000010
1256 11001000010100001101000000000000000000000000000000011010010000000000000000000000000000011
1257 00111001010111010000000000000000000000000000000000000001010000000000000000000000000000100
1258 11100010011000101001100000000000000000000000000000011001010000000000000000000000000000101
1259 11111101010000100000000000000000000000000000000000000000110000000000000000000000000000110
1260 00110010110011100000000000000000000000000000000000011000110000000000000000000000000000111
1261 11100100010100000011100000000000000000000000000000010011110000000000000000000000000000100
1262 01001000110110100100000000000000000000000000000000001011110000000000000000000000000000101
1263 10110000011001110011000000000000000000000000000000000010000000000000000000000000000000110
1264 11001000010000001101100000000000000000000000000000001010000000000000000000000000000000111
1265 01101001010010110000000000000000000000000000000000010101000000000000000000000000000000000
1266 00100010010101101001000000000000000000000000000000011101000000000000000000000000000000001
1267 11111101010110100000100000000000000000000000000000000100100000000000000000000000000000010
1268 10010010111000000001000000000000000000000000000000011100100000000000000000000000000000011
1269 11100100010001000010000000000000000000000000000000010111100000000000000000000000000000000
1270 01100000110010100101100000000000000000000000000000011111100000000000000000000000000000001
1271 11010000010100110011000000000000000000000000000000000110010000000000000000000000000000010
1272 11001000010111001101000000000000000000000000000000001110010000000000000000000000000000011
1273 01101001011000110000100000000000000000000000000000010101010000000000000000000000000000100
1274 10101010010000101001000000000000000000000000000000010001010000000000000000000000000000001
1275 01100101010011100001000000000000000000000000000000011000110000000000000000000000000000000
1276 00110010110100100001100000000000000000000000000000000000110000000000000000000000000000011
1277 00011100010110100010000000000000000000000000000000011001110000000000000000000000000000010
1278 11010000111001000101000000000000000000000000000000010011110000000000000000000000000000001
1279 01111000010000110010100000000000000000000000000000011010000000000000000000000000000000000
1280 10010000010010101100000000000000000000000000000000010010000000000000000000000000000000011
1281 11001001010101010001000000000000000000000000000000011011000000000000000000000000000000010
1282 00111010010110001000100000000000000000000000000000000001000000000000000000000000000000101
1283 11100101011000100001000000000000000000000000000000011000100000000000000000000000000000100
1284 11111010110001100000000000000000000000000000000000000000100000000000000000000000000000111
1285 00110100010010100010100000000000000000000000000000011001100000000000000000000000000000110
1286 11100000110100000101000000000000000000000000000000010011100000000000000000000000000000101
1287 01001000010111110010000000000000000000000000000000001010010000000000000000000000000000100
1288 10110000011000101101100000000000000000000000000000000010010000000000000000000000000000111
1289 11001001010000010001000000000000000000000000000000001011010000000000000000000000000000110
1290 01101010010011101000000000000000000000000000000000010101010000000000000000000000000000001
1291 00100101010100100001100000000000000000000000000000011100110000000000000000000000000000000
1292 11111010110110100000000000000000000000000000000000000100110000000000000000000000000000011
1293 10010100011001000011000000000000000000000000000000011101110000000000000000000000000000010
1294 11100000110000000100100000000000000000000000000000010111110000000000000000000000000000001
1295 01100000010010110011000000000000000000000000000000011110000000000000000000000000000000000
1296 11010000010101101101000000000000000000000000000000000110000000000000000000000000000000011
1297 11001001010110010001100000000000000000000000000000001111000000000000000000000000000000010
1298 01101010011000101000000000000000000000000000000000010101000000000000000000000000000000101
1299 10101101010001100001000000000000000000000000000000010000100000000000000000000000000000000
1300 01100010110010100001100000000000000000000000000000011000100000000000000000000000000000001
1301 00110100010100100011000000000000000000000000000000000001100000000000000000000000000000010
1302 00011000110111100100000000000000000000000000000000011001100000000000000000000000000000011
1303 11010000011000010011100000000000000000000000000000010010010000000000000000000000000000000
1304 01111000010000101100000000000000000000000000000000011010010000000000000000000000000000001
1305 10010001010011110000000000000000000000000000000000010011010000000000000000000000000000010
1306 11001010010100001001100000000000000000000000000000011011010000000000000000000000000000011
1307 00111101010110000000000000000000000000000000000000000000110000000000000000000000000000100
1308 11100010111001100001000000000000000000000000000000011000110000000000000000000000000000101
1309 11111100010000100010100000000000000000000000000000000001110000000000000000000000000000110
1310 00110000110010100100000000000000000000000000000000011001110000000000000000000000000000111
1311 11100000010101010011000000000000000000000000000000010010000000000000000000000000000000100
1312 01001000010110101100100000000000000000000000000000001010000000000000000000000000000000101
1313 10110001011000110001000000000000000000000000000000000011000000000000000000000000000000110
1314 11001010010001001001000000000000000000000000000000001011000000000000000000000000000000111
1315 01101101010010100000100000000000000000000000000000010100100000000000000000000000000000000
1316 00100010110100100001000000000000000000000000000000011100100000000000000000000000000000001
1317 11111100010111100010000000000000000000000000000000000101100000000000000000000000000000010
1318 10010000111000000101100000000000000000000000000000011101100000000000000000000000000000011
1319 11100000010000010010000000000000000000000000000000010110010000000000000000000000000000000
1320 01100000010011101101000000000000000000000000000000011110010000000000000000000000000000001
1321 11010001010100110001100000000000000000000000000000000111010000000000000000000000000000010
1322 11001010010110001001000000000000000000000000000000001111010000000000000000000000000000011
1323 01101101011001100000000000000000000000000000000000010100110000000000000000000000000000100
1324 10101010110000100001100000000000000000000000000000010000110000000000000000000000000000001
1325 01100100010010100011000000000000000000000000000000011001110000000000000000000000000000000
1326 00110000110101100101000000000000000000000000000000000001110000000000000000000000000000011
1327 00011000010110110010100000000000000000000000000000011000000000000000000000000000000000010
1328 11010000011000001101000000000000000000000000000000010010000000000000000000000000000000001
1329 01111001010001110000000000000000000000000000000000011011000000000000000000000000000000000
1330 10010010010010101000100000000000000000000000000000010011000000000000000000000000000000011
1331 11001101010100000001000000000000000000000000000000011010100000000000000000000000000000010
1332 00111010110111000000000000000000000000000000000000000000100000000000000000000000000000101
1333 11100100011000100011100000000000000000000000000000011001100000000000000000000000000000100
1334 11111000110000100100000000000000000000000000000000000001100000000000000000000000000000111
1335 00110000010011110010000000000000000000000000000000011000010000000000000000000000000000110
1336 11100000010100001101100000000000000000000000000000010010010000000000000000000000000000101
1337 01001001010110110000000000000000000000000000000000001011010000000000000000000000000000100
1338 10110010011001101001000000000000000000000000000000000011010000000000000000000000000000111
1339 11001101010000000001100000000000000000000000000000001010110000000000000000000000000000110
1340 01101010110010100000000000000000000000000000000000010100110000000000000000000000000000001
1341 00100100010101100011000000000000000000000000000000011101110000000000000000000000000000000
1342 11111000110110100100100000000000000000000000000000000101110000000000000000000000000000011
1343 10010000011000010011000000000000000000000000000000011100000000000000000000000000000000010
1344 11100000010001001100000000000000000000000000000000010110000000000000000000000000000000001
1345 01100001010010110001100000000000000000000000000000011111000000000000000000000000000000000
1346 11010010010100101001000000000000000000000000000000000111000000000000000000000000000000011
1347 11001101010111000001000000000000000000000000000000001110100000000000000000000000000000010
1348 01101010111000100000100000000000000000000000000000010100100000000000000000000000000000101
1349 10101100010000100011000000000000000000000000000000010001100000000000000000000000000000000
1350 01100000110011100101000000000000000000000000000000011001100000000000000000000000000000001
1351 00110000010100110011100000000000000000000000000000000000010000000000000000000000000000010
1352 00011000010110101100000000000000000000000000000000011000010000000000000000000000000000011
1353 11010001011001010001000000000000000000000000000000010011010000000000000000000000000000000
1354 01111010010000101000100000000000000000000000000000011011010000000000000000000000000000001
1355 10010101010010100000000000000000000000000000000000010010110000000000000000000000000000010
1356 11001010110101000001000000000000000000000000000000011010110000000000000000000000000000011
1357 00111100010110000010100000000000000000000000000000000001110000000000000000000000000000100
1358 11100000111000100101000000000000000000000000000000011001110000000000000000000000000000101
1359 11111000010001110010000000000000000000000000000000000000000000000000000000000000000000110
1360 00110000010010101100100000000000000000000000000000011000000000000000000000000000000000111
1361 11100001010100010001000000000000000000000000000000010011000000000000000000000000000000100
1362 01001010010111101000000000000000000000000000000000001011000000000000000000000000000000101
1363 10110101011000100001100000000000000000000000000000000010100000000000000000000000000000110
1364 11001010110000000001000000000000000000000000000000001010100000000000000000000000000000111
1365 01101100010011100010000000000000000000000000000000010101100000000000000000000000000000000
1366 00100000110100100101100000000000000000000000000000011101100000000000000000000000000000001
1367 11111000010110110010000000000000000000000000000000000100010000000000000000000000000000010
1368 10010000011001001101000000000000000000000000000000011100010000000000000000000000000000011
1369 11100001010000010000100000000000000000000000000000010111010000000000000000000000000000000
1370 01100010010010101001000000000000000000000000000000011111010000000000000000000000000000001
1371 11010101010101100001000000000000000000000000000000000110110000000000000000000000000000010
1372 11001010110110000001100000000000000000000000000000001110110000000000000000000000000000011
1373 01101100011000100010000000000000000000000000000000010101110000000000000000000000000000100
1374 10101000110001100101000000000000000000000000000000010001110000000000000000000000000000001
1375 01100000010010110011100000000000000000000000000000011000000000000000000000000000000000000
1376 00110000010100101101000000000000000000000000000000000000000000000000000000000000000000011
1377 00011001010111110000000000000000000000000000000000011001000000000000000000000000000000010
1378 11010010011000001001100000000000000000000000000000010011000000000000000000000000000000001
1379 01111101010000100000000000000000000000000000000000011010100000000000000000000000000000000
1380 10010010110011100000000000000000000000000000000000010010100000000000000000000000000000011
1381 11001100010100000011100000000000000000000000000000011011100000000000000000000000000000010
1382 00111000110110000100000000000000000000000000000000000001100000000000000000000000000000101
1383 11100000011001110011000000000000000000000000000000011000010000000000000000000000000000100
1384 11111000010000101100100000000000000000000000000000000000010000000000000000000000000000111
1385 00110001010010110000000000000000000000000000000000011001010000000000000000000000000000110
1386 11100010010101001001000000000000000000000000000000010011010000000000000000000000000000101
1387 01001101010110100000100000000000000000000000000000001010110000000000000000000000000000100
1388 10110010111000100001000000000000000000000000000000000010110000000000000000000000000000111
1389 11001100010001000011000000000000000000000000000000001011110000000000000000000000000000110
1390 01101000110010100100100000000000000000000000000000010101110000000000000000000000000000001
1391 00100000010100110011000000000000000000000000000000011100000000000000000000000000000000000
1392 11111000010111101100000000000000000000000000000000000100000000000000000000000000000000011
1393 10010001011000010001100000000000000000000000000000011101000000000000000000000000000000010
1394 11100010010000001000000000000000000000000000000000010111000000000000000000000000000000001
1395 01100101010011100001000000000000000000000000000000011110100000000000000000000000000000000
1396 11010010110100100001100000000000000000000000000000000110100000000000000000000000000000011
1397 11001100010110000011000000000000000000000000000000001111100000000000000000000000000000010
1398 01101000111001100100000000000000000000000000000000010101100000000000000000000000000000101
1399 10101000010000110011100000000000000000000000000000010000010000000000000000000000000000000
1400 01100000010010101101000000000000000000000000000000011000010000000000000000000000000000001
1401 00110001010101110001000000000000000000000000000000000001010000000000000000000000000000010
1402 00011010010110101000100000000000000000000000000000011001010000000000000000000000000000011
1403 11010101011000000001000000000000000000000000000000010010110000000000000000000000000000000
1404 01111010110001100000000000000000000000000000000000011010110000000000000000000000000000001
1405 10010100010010100010100000000000000000000000000000010011110000000000000000000000000000010
1406 11001000110100000101000000000000000000000000000000011011110000000000000000000000000000011
1407 00111000010111010010000000000000000000000000000000000000000000000000000000000000000000100
1408 11100000011000101101100000000000000000000000000000011000000000000000000000000000000000101
1409 11111001010000110000000000000000000000000000000000000001000000000000000000000000000000110
1410 00110010010011101000000000000000000000000000000000011001000000000000000000000000000000111
1411 11100101010100000001100000000000000000000000000000010010100000000000000000000000000000100
1412 01001010110110100000000000000000000000000000000000001010100000000000000000000000000000101
1413 10110100011001100011000000000000000000000000000000000011100000000000000000000000000000110
1414 11001000110000000101100000000000000000000000000000001011100000000000000000000000000000111
1415 01101000010010110010000000000000000000000000000000010100010000000000000000000000000000000
1416 00100000010101101101000000000000000000000000000000011100010000000000000000000000000000001
1417 11111001010110110000100000000000000000000000000000000101010000000000000000000000000000010
1418 10010010011000001001000000000000000000000000000000011101010000000000000000000000000000011
1419 11100101010001000000000000000000000000000000000000010110110000000000000000000000000000000
1420 01100010110010100001100000000000000000000000000000011110110000000000000000000000000000001
1421 11010100010100100011000000000000000000000000000000000111110000000000000000000000000000010
1422 11001000110111000101000000000000000000000000000000001111110000000000000000000000000000011
1423 01101000011000110010100000000000000000000000000000010100000000000000000000000000000000100
1424 10101000010000101101000000000000000000000000000000010000000000000000000000000000000000001
1425 01100001010011110001000000000000000000000000000000011001000000000000000000000000000000000
1426 00110010010100101001100000000000000000000000000000000001000000000000000000000000000000011
1427 00011101010110100000000000000000000000000000000000011000100000000000000000000000000000010
1428 11010010111001000001000000000000000000000000000000010010100000000000000000000000000000001
1429 01111100010000100010100000000000000000000000000000011011100000000000000000000000000000000
1430 10010000110010100100000000000000000000000000000000010011100000000000000000000000000000011
1431 11001000010101010011000000000000000000000000000000011010010000000000000000000000000000010
1432 00111000010110001100100000000000000000000000000000000000010000000000000000000000000000101
1433 11100001011000110001000000000000000000000000000000011001010000000000000000000000000000100
1434 11111010010001101000000000000000000000000000000000000001010000000000000000000000000000111
1435 00110101010010100000100000000000000000000000000000011000110000000000000000000000000000110
1436 11100010110100000001000000000000000000000000000000010010110000000000000000000000000000101
1437 01001100010111100010000000000000000000000000000000001011110000000000000000000000000000100
1438 10110000111000100101100000000000000000000000000000000011110000000000000000000000000000111
1439 11001000010000010011000000000000000000000000000000001010000000000000000000000000000000110
1440 01101000010011101100000000000000000000000000000000010100000000000000000000000000000000001
1441 00100001010100110001100000000000000000000000000000011101000000000000000000000000000000000
1442 11111010010110101000000000000000000000000000000000000101000000000000000000000000000000011
1443 10010101011001000001000000000000000000000000000000011100100000000000000000000000000000010
1444 11100010110000000000100000000000000000000000000000010110100000000000000000000000000000001
1445 01100100010010100011000000000000000000000000000000011111100000000000000000000000000000000
1446 11010000110101100101000000000000000000000000000000000111100000000000000000000000000000011
1447 11001000010110010011100000000000000000000000000000001110010000000000000000000000000000010
1448 01101000011000101100000000000000000000000000000000010100010000000000000000000000000000101
1449 10101001010001110001000000000000000000000000000000010001010000000000000000000000000000000
1450 01100010010010101001100000000000000000000000000000011001010000000000000000000000000000001
1451 00110101010100100001000000000000000000000000000000000000110000000000000000000000000000010
1452 00011010110111100000000000000000000000000000000000011000110000000000000000000000000000011
1453 11010100011000000011100000000000000000000000000000010011110000000000000000000000000000000
1454 01111000110000100100000000000000000000000000000000011011110000000000000000000000000000001
1455 10010000010011110010000000000000000000000000000000010010000000000000000000000000000000010
1456 11001000010100001101100000000000000000000000000000011010000000000000000000000000000000011
1457 00111001010110010000000000000000000000000000000000000001000000000000000000000000000000100
1458 11100010011001101001000000000000000000000000000000011001000000000000000000000000000000101
1459 11111101010000100000100000000000000000000000000000000000100000000000000000000000000000110
1460 00110010110010100000000000000000000000000000000000011000100000000000000000000000000000111
1461 11100100010101000011000000000000000000000000000000010011100000000000000000000000000000100
1462 01001000110110100100100000000000000000000000000000001011100000000000000000000000000000101
1463 10110000011000110011000000000000000000000000000000000010010000000000000000000000000000110
1464 11001000010001001101000000000000000000000000000000001010010000000000000000000000000000111
1465 01101001010010110000100000000000000000000000000000010101010000000000000000000000000000000
1466 00100010010100101001000000000000000000000000000000011101010000000000000000000000000000001
1467 11111101010111100000000000000000000000000000000000000100110000000000000000000000000000010
1468 10010010111000000001100000000000000000000000000000011100110000000000000000000000000000011
1469 11100100010000000010000000000000000000000000000000010111110000000000000000000000000000000
1470 01100000110011100101000000000000000000000000000000011111110000000000000000000000000000001
1471 11010000010100110011100000000000000000000000000000000110000000000000000000000000000000010
1472 11001000010110001101000000000000000000000000000000001110000000000000000000000000000000011
1473 01101001011001110000000000000000000000000000000000010101000000000000000000000000000000100
1474 10101010010000101001100000000000000000000000000000010001000000000000000000000000000000001
1475 01100101010010100001000000000000000000000000000000011000100000000000000000000000000000000
1476 00110010110101100001000000000000000000000000000000000000100000000000000000000000000000011
1477 00011100010110100010100000000000000000000000000000011001100000000000000000000000000000010
1478 11010000111000000101000000000000000000000000000000010011100000000000000000000000000000001
1479 01111000010001110010000000000000000000000000000000011010010000000000000000000000000000000
1480 10010000010010101100100000000000000000000000000000010010010000000000000000000000000000011
1481 11001001010100010001000000000000000000000000000000011011010000000000000000000000000000010
1482 00111010010111001000000000000000000000000000000000000001010000000000000000000000000000101
1483 11100101011000100001100000000000000000000000000000011000110000000000000000000000000000100
1484 11111010110000100000000000000000000000000000000000000000110000000000000000000000000000111
1485 00110100010011100010000000000000000000000000000000011001110000000000000000000000000000110
1486 11100000110100000101100000000000000000000000000000010011110000000000000000000000000000101
1487 01001000010110110010000000000000000000000000000000001010000000000000000000000000000000100
1488 10110000011001101101000000000000000000000000000000000010000000000000000000000000000000111
1489 11001001010000010001100000000000000000000000000000001011000000000000000000000000000000110
1490 01101010010010101000000000000000000000000000000000010101000000000000000000000000000000001
1491 00100101010101100001000000000000000000000000000000011100100000000000000000000000000000000
1492 11111010110110100000100000000000000000000000000000000100100000000000000000000000000000011
1493 10010100011000000011000000000000000000000000000000011101100000000000000000000000000000010
1494 11100000110001000100000000000000000000000000000000010111100000000000000000000000000000001
1495 01100000010010110011100000000000000000000000000000011110010000000000000000000000000000000
1496 11010000010100101101000000000000000000000000000000000110010000000000000000000000000000011
1497 11001001010111010001000000000000000000000000000000001111010000000000000000000000000000010
1498 01101010011000101000100000000000000000000000000000010101010000000000000000000000000000101
1499 10101101010000100001000000000000000000000000000000010000110000000000000000000000000000000
1500 01100010110011100001000000000000000000000000000000011000110000000000000000000000000000001
1501 00110100010100100011100000000000000000000000000000000001110000000000000000000000000000010
1502 00011000110110100100000000000000000000000000000000011001110000000000000000000000000000011
1503 11010000011001010011000000000000000000000000000000010010000000000000000000000000000000000
1504 01111000010000101100100000000000000000000000000000011010000000000000000000000000000000001
1505 10010001010010110000000000000000000000000000000000010011000000000000000000000000000000010
1506 11001010010101001001000000000000000000000000000000011011000000000000000000000000000000011
1507 00111101010110000000100000000000000000000000000000000000100000000000000000000000000000100
1508 11100010111000100001000000000000000000000000000000011000100000000000000000000000000000101
1509 11111100010001100010000000000000000000000000000000000001100000000000000000000000000000110
1510 00110000110010100100100000000000000000000000000000011001100000000000000000000000000000111
1511 11100000010100010011000000000000000000000000000000010010010000000000000000000000000000100
1512 01001000010111101100000000000000000000000000000000001010010000000000000000000000000000101
1513 10110001011000110001100000000000000000000000000000000011010000000000000000000000000000110
1514 11001010010000001001000000000000000000000000000000001011010000000000000000000000000000111
1515 01101101010011100000000000000000000000000000000000010100110000000000000000000000000000000
1516 00100010110100100001100000000000000000000000000000011100110000000000000000000000000000001
1517 11111100010110100010000000000000000000000000000000000101110000000000000000000000000000010
1518 10010000111001000101000000000000000000000000000000011101110000000000000000000000000000011
1519 11100000010000010010100000000000000000000000000000010110000000000000000000000000000000000
1520 01100000010010101101000000000000000000000000000000011110000000000000000000000000000000001
1521 11010001010101110001000000000000000000000000000000000111000000000000000000000000000000010
1522 11001010010110001001100000000000000000000000000000001111000000000000000000000000000000011
1523 01101101011000100000000000000000000000000000000000010100100000000000000000000000000000100
1524 10101010110001100001000000000000000000000000000000010000100000000000000000000000000000001
1525 01100100010010100011100000000000000000000000000000011001100000000000000000000000000000000
1526 00110000110100100101000000000000000000000000000000000001100000000000000000000000000000011
1527 00011000010111110010000000000000000000000000000000011000010000000000000000000000000000010
1528 11010000011000001101100000000000000000000000000000010010010000000000000000000000000000001
1529 01111001010000110000000000000000000000000000000000011011010000000000000000000000000000000
1530 10010010010011101000000000000000000000000000000000010011010000000000000000000000000000011
1531 11001101010100000001100000000000000000000000000000011010110000000000000000000000000000010
1532 00111010110110000000000000000000000000000000000000000000110000000000000000000000000000101
1533 11100100011001100011000000000000000000000000000000011001110000000000000000000000000000100
1534 11111000110000100100100000000000000000000000000000000001110000000000000000000000000000111
1535 00110000010010110010000000000000000000000000000000011000000000000000000000000000000000110
1536 11100000010101001101000000000000000000000000000000010010000000000000000000000000000000101
1537 01001001010110110000100000000000000000000000000000001011000000000000000000000000000000100
1538 10110010011000101001000000000000000000000000000000000011000000000000000000000000000000111
1539 11001101010001000001000000000000000000000000000000001010100000000000000000000000000000110
1540 01101010110010100000100000000000000000000000000000010100100000000000000000000000000000001
1541 00100100010100100011000000000000000000000000000000011101100000000000000000000000000000000
1542 11111000110111100100000000000000000000000000000000000101100000000000000000000000000000011
1543 10010000011000010011100000000000000000000000000000011100010000000000000000000000000000010
1544 11100000010000001100000000000000000000000000000000010110010000000000000000000000000000001
1545 01100001010011110001000000000000000000000000000000011111010000000000000000000000000000000
1546 11010010010100101001100000000000000000000000000000000111010000000000000000000000000000011
1547 11001101010110000001000000000000000000000000000000001110110000000000000000000000000000010
1548 01101010111001100000000000000000000000000000000000010100110000000000000000000000000000101
1549 10101100010000100011100000000000000000000000000000010001110000000000000000000000000000000
1550 01100000110010100101000000000000000000000000000000011001110000000000000000000000000000001
1551 00110000010101110011000000000000000000000000000000000000000000000000000000000000000000010
1552 00011000010110101100100000000000000000000000000000011000000000000000000000000000000000011
1553 11010001011000010001000000000000000000000000000000010011000000000000000000000000000000000
1554 01111010010001101000000000000000000000000000000000011011000000000000000000000000000000001
1555 10010101010010100000100000000000000000000000000000010010100000000000000000000000000000010
1556 11001010110100000001000000000000000000000000000000011010100000000000000000000000000000011
1557 00111100010111000010000000000000000000000000000000000001100000000000000000000000000000100
1558 11100000111000100101100000000000000000000000000000011001100000000000000000000000000000101
1559 11111000010000110010000000000000000000000000000000000000010000000000000000000000000000110
1560 00110000010011101100000000000000000000000000000000011000010000000000000000000000000000111
1561 11100001010100010001100000000000000000000000000000010011010000000000000000000000000000100
1562 01001010010110101000000000000000000000000000000000001011010000000000000000000000000000101
1563 10110101011001100001000000000000000000000000000000000010110000000000000000000000000000110
1564 11001010110000000001100000000000000000000000000000001010110000000000000000000000000000111
1565 01101100010010100010000000000000000000000000000000010101110000000000000000000000000000000
1566 00100000110101100101000000000000000000000000000000011101110000000000000000000000000000001
1567 11111000010110110010100000000000000000000000000000000100000000000000000000000000000000010
1568 10010000011000001101000000000000000000000000000000011100000000000000000000000000000000011
1569 11100001010001010000000000000000000000000000000000010111000000000000000000000000000000000
1570 01100010010010101001100000000000000000000000000000011111000000000000000000000000000000001
1571 11010101010100100001000000000000000000000000000000000110100000000000000000000000000000010
1572 11001010110111000001000000000000000000000000000000001110100000000000000000000000000000011
1573 01101100011000100010100000000000000000000000000000010101100000000000000000000000000000100
1574 10101000110000100101000000000000000000000000000000010001100000000000000000000000000000001
1575 01100000010011110011000000000000000000000000000000011000010000000000000000000000000000000
1576 00110000010100101101100000000000000000000000000000000000010000000000000000000000000000011
1577 00011001010110110000000000000000000000000000000000011001010000000000000000000000000000010
1578 11010010011001001001000000000000000000000000000000010011010000000000000000000000000000001
1579 01111101010000100000100000000000000000000000000000011010110000000000000000000000000000000
1580 10010010110010100000000000000000000000000000000000010010110000000000000000000000000000011
1581 11001100010101000011000000000000000000000000000000011011110000000000000000000000000000010
1582 00111000110110000100100000000000000000000000000000000001110000000000000000000000000000101
1583 11100000011000110011000000000000000000000000000000011000000000000000000000000000000000100
1584 11111000010001101100000000000000000000000000000000000000000000000000000000000000000000111
1585 00110001010010110000100000000000000000000000000000011001000000000000000000000000000000110
1586 11100010010100001001000000000000000000000000000000010011000000000000000000000000000000101
1587 01001101010111100000000000000000000000000000000000001010100000000000000000000000000000100
1588 10110010111000100001100000000000000000000000000000000010100000000000000000000000000000111
1589 11001100010000000011000000000000000000000000000000001011100000000000000000000000000000110
1590 01101000110011100100000000000000000000000000000000010101100000000000000000000000000000001
1591 00100000010100110011100000000000000000000000000000011100010000000000000000000000000000000
1592 11111000010110101100000000000000000000000000000000000100010000000000000000000000000000011
1593 10010001011001010001000000000000000000000000000000011101010000000000000000000000000000010
1594 11100010010000001000100000000000000000000000000000010111010000000000000000000000000000001
1595 01100101010010100001000000000000000000000000000000011110110000000000000000000000000000000
1596 11010010110101100001000000000000000000000000000000000110110000000000000000000000000000011
1597 11001100010110000011100000000000000000000000000000001111110000000000000000000000000000010
1598 01101000111000100100000000000000000000000000000000010101110000000000000000000000000000101
1599 10101000010001110011000000000000000000000000000000010000000000000000000000000000000000000
1600 01100000010010101101100000000000000000000000000000011000000000000000000000000000000000001
1601 00110001010100110001000000000000000000000000000000000001000000000000000000000000000000010
1602 00011010010111101000000000000000000000000000000000011001000000000000000000000000000000011
1603 11010101011000000001100000000000000000000000000000010010100000000000000000000000000000000
1604 01111010110000100000000000000000000000000000000000011010100000000000000000000000000000001
1605 10010100010011100010000000000000000000000000000000010011100000000000000000000000000000010
1606 11001000110100000101100000000000000000000000000000011011100000000000000000000000000000011
1607 00111000010110010010000000000000000000000000000000000000010000000000000000000000000000100
1608 11100000011001101101000000000000000000000000000000011000010000000000000000000000000000101
1609 11111001010000110000100000000000000000000000000000000001010000000000000000000000000000110
1610 00110010010010101000000000000000000000000000000000011001010000000000000000000000000000111
1611 11100101010101000001000000000000000000000000000000010010110000000000000000000000000000100
1612 01001010110110100000100000000000000000000000000000001010110000000000000000000000000000101
1613 10110100011000100011000000000000000000000000000000000011110000000000000000000000000000110
1614 11001000110001000101000000000000000000000000000000001011110000000000000000000000000000111
1615 01101000010010110010100000000000000000000000000000010100000000000000000000000000000000000
1616 00100000010100101101000000000000000000000000000000011100000000000000000000000000000000001
1617 11111001010111110000000000000000000000000000000000000101000000000000000000000000000000010
1618 10010010011000001001100000000000000000000000000000011101000000000000000000000000000000011
1619 11100101010000000000000000000000000000000000000000010110100000000000000000000000000000000
1620 01100010110011100001000000000000000000000000000000011110100000000000000000000000000000001
1621 11010100010100100011100000000000000000000000000000000111100000000000000000000000000000010
1622 11001000110110000101000000000000000000000000000000001111100000000000000000000000000000011
1623 01101000011001110010000000000000000000000000000000010100010000000000000000000000000000100
1624 10101000010000101101100000000000000000000000000000010000010000000000000000000000000000001
1625 01100001010010110001000000000000000000000000000000011001010000000000000000000000000000000
1626 00110010010101101001000000000000000000000000000000000001010000000000000000000000000000011
1627 00011101010110100000100000000000000000000000000000011000110000000000000000000000000000010
1628 11010010111000000001000000000000000000000000000000010010110000000000000000000000000000001
1629 01111100010001100010000000000000000000000000000000011011110000000000000000000000000000000
1630 10010000110010100100100000000000000000000000000000010011110000000000000000000000000000011
1631 11001000010100010011000000000000000000000000000000011010000000000000000000000000000000010
1632 00111000010111001100000000000000000000000000000000000000000000000000000000000000000000101
1633 11100001011000110001100000000000000000000000000000011001000000000000000000000000000000100
1634 11111010010000101000000000000000000000000000000000000001000000000000000000000000000000111
1635 00110101010011100000000000000000000000000000000000011000100000000000000000000000000000110
1636 11100010110100000001100000000000000000000000000000010010100000000000000000000000000000101
1637 01001100010110100010000000000000000000000000000000001011100000000000000000000000000000100
1638 10110000111001100101000000000000000000000000000000000011100000000000000000000000000000111
1639 11001000010000010011100000000000000000000000000000001010010000000000000000000000000000110
1640 01101000010010101100000000000000000000000000000000010100010000000000000000000000000000001
1641 00100001010101110001000000000000000000000000000000011101010000000000000000000000000000000
1642 11111010010110101000100000000000000000000000000000000101010000000000000000000000000000011
1643 10010101011000000001000000000000000000000000000000011100110000000000000000000000000000010
1644 11100010110001000000000000000000000000000000000000010110110000000000000000000000000000001
1645 01100100010010100011100000000000000000000000000000011111110000000000000000000000000000000
1646 11010000110100100101000000000000000000000000000000000111110000000000000000000000000000011
1647 11001000010111010011000000000000000000000000000000001110000000000000000000000000000000010
1648 01101000011000101100100000000000000000000000000000010100000000000000000000000000000000101
1649 10101001010000110001000000000000000000000000000000010001000000000000000000000000000000000
1650 01100010010011101001000000000000000000000000000000011001000000000000000000000000000000001
1651 00110101010100100001100000000000000000000000000000000000100000000000000000000000000000010
1652 00011010110110100000000000000000000000000000000000011000100000000000000000000000000000011
1653 11010100011001000011000000000000000000000000000000010011100000000000000000000000000000000
1654 01111000110000100100100000000000000000000000000000011011100000000000000000000000000000001
1655 10010000010010110010000000000000000000000000000000010010010000000000000000000000000000010
1656 11001000010101001101000000000000000000000000000000011010010000000000000000000000000000011
1657 00111001010110010000100000000000000000000000000000000001010000000000000000000000000000100
1658 11100010011000101001000000000000000000000000000000011001010000000000000000000000000000101
1659 11111101010001100000000000000000000000000000000000000000110000000000000000000000000000110
1660 00110010110010100000100000000000000000000000000000011000110000000000000000000000000000111
1661 11100100010100000011000000000000000000000000000000010011110000000000000000000000000000100
1662 01001000110111100100000000000000000000000000000000001011110000000000000000000000000000101
1663 10110000011000110011100000000000000000000000000000000010000000000000000000000000000000110
1664 11001000010000001101000000000000000000000000000000001010000000000000000000000000000000111
1665 01101001010011110000000000000000000000000000000000010101000000000000000000000000000000000
1666 00100010010100101001100000000000000000000000000000011101000000000000000000000000000000001
1667 11111101010110100000000000000000000000000000000000000100100000000000000000000000000000010
1668 10010010111001000001000000000000000000000000000000011100100000000000000000000000000000011
1669 11100100010000000010100000000000000000000000000000010111100000000000000000000000000000000
1670 01100000110010100101000000000000000000000000000000011111100000000000000000000000000000001
1671 11010000010101110011000000000000000000000000000000000110010000000000000000000000000000010
1672 11001000010110001101100000000000000000000000000000001110010000000000000000000000000000011
1673 01101001011000110000000000000000000000000000000000010101010000000000000000000000000000100
1674 10101010010001101001000000000000000000000000000000010001010000000000000000000000000000001
1675 01100101010010100001100000000000000000000000000000011000110000000000000000000000000000000
1676 00110010110100100001000000000000000000000000000000000000110000000000000000000000000000011
1677 00011100010111100010000000000000000000000000000000011001110000000000000000000000000000010
1678 11010000111000000101100000000000000000000000000000010011110000000000000000000000000000001
1679 01111000010000110010000000000000000000000000000000011010000000000000000000000000000000000
1680 10010000010011101100000000000000000000000000000000010010000000000000000000000000000000011
1681 11001001010100010001100000000000000000000000000000011011000000000000000000000000000000010
1682 00111010010110001000000000000000000000000000000000000001000000000000000000000000000000101
1683 11100101011001100001000000000000000000000000000000011000100000000000000000000000000000100
1684 11111010110000100000100000000000000000000000000000000000100000000000000000000000000000111
1685 00110100010010100010000000000000000000000000000000011001100000000000000000000000000000110
1686 11100000110101000101000000000000000000000000000000010011100000000000000000000000000000101
1687 01001000010110110010100000000000000000000000000000001010010000000000000000000000000000100
1688 10110000011000101101000000000000000000000000000000000010010000000000000000000000000000111
1689 11001001010001010001000000000000000000000000000000001011010000000000000000000000000000110
1690 01101010010010101000100000000000000000000000000000010101010000000000000000000000000000001
1691 00100101010100100001000000000000000000000000000000011100110000000000000000000000000000000
1692 11111010110111100000000000000000000000000000000000000100110000000000000000000000000000011
1693 10010100011000000011100000000000000000000000000000011101110000000000000000000000000000010
1694 11100000110000000100000000000000000000000000000000010111110000000000000000000000000000001
1695 01100000010011110011000000000000000000000000000000011110000000000000000000000000000000000
1696 11010000010100101101100000000000000000000000000000000110000000000000000000000000000000011
1697 11001001010110010001000000000000000000000000000000001111000000000000000000000000000000010
1698 01101010011001101000000000000000000000000000000000010101000000000000000000000000000000101
1699 10101101010000100001100000000000000000000000000000010000100000000000000000000000000000000
1700 01100010110010100001000000000000000000000000000000011000100000000000000000000000000000001
1701 00110100010101100011000000000000000000000000000000000001100000000000000000000000000000010
1702 00011000110110100100100000000000000000000000000000011001100000000000000000000000000000011
1703 11010000011000010011000000000000000000000000000000010010010000000000000000000000000000000
1704 01111000010001101100000000000000000000000000000000011010010000000000000000000000000000001
1705 10010001010010110000100000000000000000000000000000010011010000000000000000000000000000010
1706 11001010010100001001000000000000000000000000000000011011010000000000000000000000000000011
1707 00111101010111000000000000000000000000000000000000000000110000000000000000000000000000100
1708 11100010111000100001100000000000000000000000000000011000110000000000000000000000000000101
1709 11111100010000100010000000000000000000000000000000000001110000000000000000000000000000110
1710 00110000110011100100000000000000000000000000000000011001110000000000000000000000000000111
1711 11100000010100010011100000000000000000000000000000010010000000000000000000000000000000100
1712 01001000010110101100000000000000000000000000000000001010000000000000000000000000000000101
1713 10110001011001110001000000000000000000000000000000000011000000000000000000000000000000110
1714 11001010010000001001100000000000000000000000000000001011000000000000000000000000000000111
1715 01101101010010100000000000000000000000000000000000010100100000000000000000000000000000000
1716 00100010110101100001000000000000000000000000000000011100100000000000000000000000000000001
1717 11111100010110100010100000000000000000000000000000000101100000000000000000000000000000010
1718 10010000111000000101000000000000000000000000000000011101100000000000000000000000000000011
1719 11100000010001010010000000000000000000000000000000010110010000000000000000000000000000000
1720 01100000010010101101100000000000000000000000000000011110010000000000000000000000000000001
1721 11010001010100110001000000000000000000000000000000000111010000000000000000000000000000010
1722 11001010010111001001000000000000000000000000000000001111010000000000000000000000000000011
1723 01101101011000100000100000000000000000000000000000010100110000000000000000000000000000100
1724 10101010110000100001000000000000000000000000000000010000110000000000000000000000000000001
1725 01100100010011100011000000000000000000000000000000011001110000000000000000000000000000000
1726 00110000110100100101100000000000000000000000000000000001110000000000000000000000000000011
1727 00011000010110110010000000000000000000000000000000011000000000000000000000000000000000010
1728 11010000011001001101000000000000000000000000000000010010000000000000000000000000000000001
1729 01111001010000110000100000000000000000000000000000011011000000000000000000000000000000000
1730 10010010010010101000000000000000000000000000000000010011000000000000000000000000000000011
1731 11001101010101000001000000000000000000000000000000011010100000000000000000000000000000010
1732 00111010110110000000100000000000000000000000000000000000100000000000000000000000000000101
1733 11100100011000100011000000000000000000000000000000011001100000000000000000000000000000100
1734 11111000110001100100000000000000000000000000000000000001100000000000000000000000000000111
1735 00110000010010110010100000000000000000000000000000011000010000000000000000000000000000110
1736 11100000010100001101000000000000000000000000000000010010010000000000000000000000000000101
1737 01001001010111110000000000000000000000000000000000001011010000000000000000000000000000100
1738 10110010011000101001100000000000000000000000000000000011010000000000000000000000000000111
1739 11001101010000000001000000000000000000000000000000001010110000000000000000000000000000110
1740 01101010110011100000000000000000000000000000000000010100110000000000000000000000000000001
1741 00100100010100100011100000000000000000000000000000011101110000000000000000000000000000000
1742 11111000110110100100000000000000000000000000000000000101110000000000000000000000000000011
1743 10010000011001010011000000000000000000000000000000011100000000000000000000000000000000010
1744 11100000010000001100100000000000000000000000000000010110000000000000000000000000000000001
1745 01100001010010110001000000000000000000000000000000011111000000000000000000000000000000000
1746 11010010010101101001000000000000000000000000000000000111000000000000000000000000000000011
1747 11001101010110000001100000000000000000000000000000001110100000000000000000000000000000010
1748 01101010111000100000000000000000000000000000000000010100100000000000000000000000000000101
1749 10101100010001100011000000000000000000000000000000010001100000000000000000000000000000000
1750 01100000110010100101100000000000000000000000000000011001100000000000000000000000000000001
1751 00110000010100110011000000000000000000000000000000000000010000000000000000000000000000010
1752 00011000010111101100000000000000000000000000000000011000010000000000000000000000000000011
1753 11010001011000010001100000000000000000000000000000010011010000000000000000000000000000000
1754 01111010010000101000000000000000000000000000000000011011010000000000000000000000000000001
1755 10010101010011100000000000000000000000000000000000010010110000000000000000000000000000010
1756 11001010110100000001100000000000000000000000000000011010110000000000000000000000000000011
1757 00111100010110000010000000000000000000000000000000000001110000000000000000000000000000100
1758 11100000111001100101000000000000000000000000000000011001110000000000000000000000000000101
1759 11111000010000110010100000000000000000000000000000000000000000000000000000000000000000110
1760 00110000010010101100000000000000000000000000000000011000000000000000000000000000000000111
1761 11100001010101010001000000000000000000000000000000010011000000000000000000000000000000100
1762 01001010010110101000100000000000000000000000000000001011000000000000000000000000000000101
1763 10110101011000100001000000000000000000000000000000000010100000000000000000000000000000110
1764 11001010110001000001000000000000000000000000000000001010100000000000000000000000000000111
1765 01101100010010100010100000000000000000000000000000010101100000000000000000000000000000000
1766 00100000110100100101000000000000000000000000000000011101100000000000000000000000000000001
1767 11111000010111110010000000000000000000000000000000000100010000000000000000000000000000010
1768 10010000011000001101100000000000000000000000000000011100010000000000000000000000000000011
1769 11100001010000010000000000000000000000000000000000010111010000000000000000000000000000000
1770 01100010010011101001000000000000000000000000000000011111010000000000000000000000000000001
1771 11010101010100100001100000000000000000000000000000000110110000000000000000000000000000010
1772 11001010110110000001000000000000000000000000000000001110110000000000000000000000000000011
1773 01101100011001100010000000000000000000000000000000010101110000000000000000000000000000100
1774 10101000110000100101100000000000000000000000000000010001110000000000000000000000000000001
1775 01100000010010110011000000000000000000000000000000011000000000000000000000000000000000000
1776 00110000010101101101000000000000000000000000000000000000000000000000000000000000000000011
1777 00011001010110110000100000000000000000000000000000011001000000000000000000000000000000010
1778 11010010011000001001000000000000000000000000000000010011000000000000000000000000000000001
1779 01111101010001100000000000000000000000000000000000011010100000000000000000000000000000000
1780 10010010110010100000100000000000000000000000000000010010100000000000000000000000000000011
1781 11001100010100000011000000000000000000000000000000011011100000000000000000000000000000010
1782 00111000110111000100000000000000000000000000000000000001100000000000000000000000000000101
1783 11100000011000110011100000000000000000000000000000011000010000000000000000000000000000100
1784 11111000010000101100000000000000000000000000000000000000010000000000000000000000000000111
1785 00110001010011110000000000000000000000000000000000011001010000000000000000000000000000110
1786 11100010010100001001100000000000000000000000000000010011010000000000000000000000000000101
1787 01001101010110100000000000000000000000000000000000001010110000000000000000000000000000100
1788 10110010111001100001000000000000000000000000000000000010110000000000000000000000000000111
1789 11001100010000000011100000000000000000000000000000001011110000000000000000000000000000110
1790 01101000110010100100000000000000000000000000000000010101110000000000000000000000000000001
1791 00100000010101110011000000000000000000000000000000011100000000000000000000000000000000000
1792 11111000010110101100100000000000000000000000000000000100000000000000000000000000000000011
1793 10010001011000010001000000000000000000000000000000011101000000000000000000000000000000010
1794 11100010010001001000000000000000000000000000000000010111000000000000000000000000000000001
1795 01100101010010100001100000000000000000000000000000011110100000000000000000000000000000000
1796 11010010110100100001000000000000000000000000000000000110100000000000000000000000000000011
1797 11001100010111000011000000000000000000000000000000001111100000000000000000000000000000010
1798 01101000111000100100100000000000000000000000000000010101100000000000000000000000000000101
1799 10101000010000110011000000000000000000000000000000010000010000000000000000000000000000000
1800 01100000010011101101000000000000000000000000000000011000010000000000000000000000000000001
1801 00110001010100110001100000000000000000000000000000000001010000000000000000000000000000010
1802 00011010010110101000000000000000000000000000000000011001010000000000000000000000000000011
1803 11010101011001000001000000000000000000000000000000010010110000000000000000000000000000000
1804 01111010110000100000100000000000000000000000000000011010110000000000000000000000000000001
1805 10010100010010100010000000000000000000000000000000010011110000000000000000000000000000010
1806 11001000110101000101000000000000000000000000000000011011110000000000000000000000000000011
1807 00111000010110010010100000000000000000000000000000000000000000000000000000000000000000100
1808 11100000011000101101000000000000000000000000000000011000000000000000000000000000000000101
1809 11111001010001110000000000000000000000000000000000000001000000000000000000000000000000110
1810 00110010010010101000100000000000000000000000000000011001000000000000000000000000000000111
1811 11100101010100000001000000000000000000000000000000010010100000000000000000000000000000100
1812 01001010110111100000000000000000000000000000000000001010100000000000000000000000000000101
1813 10110100011000100011100000000000000000000000000000000011100000000000000000000000000000110
1814 11001000110000000101000000000000000000000000000000001011100000000000000000000000000000111
1815 01101000010011110010000000000000000000000000000000010100010000000000000000000000000000000
1816 00100000010100101101100000000000000000000000000000011100010000000000000000000000000000001
1817 11111001010110110000000000000000000000000000000000000101010000000000000000000000000000010
1818 10010010011001001001000000000000000000000000000000011101010000000000000000000000000000011
1819 11100101010000000000100000000000000000000000000000010110110000000000000000000000000000000
1820 01100010110010100001000000000000000000000000000000011110110000000000000000000000000000001
1821 11010100010101100011000000000000000000000000000000000111110000000000000000000000000000010
1822 11001000110110000101100000000000000000000000000000001111110000000000000000000000000000011
1823 01101000011000110010000000000000000000000000000000010100000000000000000000000000000000100
1824 10101000010001101101000000000000000000000000000000010000000000000000000000000000000000001
1825 01100001010010110001100000000000000000000000000000011001000000000000000000000000000000000
1826 00110010010100101001000000000000000000000000000000000001000000000000000000000000000000011
1827 00011101010111100000000000000000000000000000000000011000100000000000000000000000000000010
1828 11010010111000000001100000000000000000000000000000010010100000000000000000000000000000001
1829 01111100010000100010000000000000000000000000000000011011100000000000000000000000000000000
1830 10010000110011100100000000000000000000000000000000010011100000000000000000000000000000011
1831 11001000010100010011100000000000000000000000000000011010010000000000000000000000000000010
1832 00111000010110001100000000000000000000000000000000000000010000000000000000000000000000101
1833 11100001011001110001000000000000000000000000000000011001010000000000000000000000000000100
1834 11111010010000101000100000000000000000000000000000000001010000000000000000000000000000111
1835 00110101010010100000000000000000000000000000000000011000110000000000000000000000000000110
1836 11100010110101000001000000000000000000000000000000010010110000000000000000000000000000101
1837 01001100010110100010100000000000000000000000000000001011110000000000000000000000000000100
1838 10110000111000100101000000000000000000000000000000000011110000000000000000000000000000111
1839 11001000010001010011000000000000000000000000000000001010000000000000000000000000000000110
1840 01101000010010101100100000000000000000000000000000010100000000000000000000000000000000001
1841 00100001010100110001000000000000000000000000000000011101000000000000000000000000000000000
1842 11111010010111101000000000000000000000000000000000000101000000000000000000000000000000011
1843 10010101011000000001100000000000000000000000000000011100100000000000000000000000000000010
1844 11100010110000000000000000000000000000000000000000010110100000000000000000000000000000001
1845 01100100010011100011000000000000000000000000000000011111100000000000000000000000000000000
1846 11010000110100100101100000000000000000000000000000000111100000000000000000000000000000011
1847 11001000010110010011000000000000000000000000000000001110010000000000000000000000000000010
1848 01101000011001101100000000000000000000000000000000010100010000000000000000000000000000101
1849 10101001010000110001100000000000000000000000000000010001010000000000000000000000000000000
1850 01100010010010101001000000000000000000000000000000011001010000000000000000000000000000001
1851 00110101010101100001000000000000000000000000000000000000110000000000000000000000000000010
1852 00011010110110100000100000000000000000000000000000011000110000000000000000000000000000011
1853 11010100011000000011000000000000000000000000000000010011110000000000000000000000000000000
1854 01111000110001100100000000000000000000000000000000011011110000000000000000000000000000001
1855 10010000010010110010100000000000000000000000000000010010000000000000000000000000000000010
1856 11001000010100001101000000000000000000000000000000011010000000000000000000000000000000011
1857 00111001010111010000000000000000000000000000000000000001000000000000000000000000000000100
1858 11100010011000101001100000000000000000000000000000011001000000000000000000000000000000101
1859 11111101010000100000000000000000000000000000000000000000100000000000000000000000000000110
1860 00110010110011100000000000000000000000000000000000011000100000000000000000000000000000111
1861 11100100010100000011100000000000000000000000000000010011100000000000000000000000000000100
1862 01001000110110100100000000000000000000000000000000001011100000000000000000000000000000101
1863 10110000011001110011000000000000000000000000000000000010010000000000000000000000000000110
1864 11001000010000001101100000000000000000000000000000001010010000000000000000000000000000111
1865 01101001010010110000000000000000000000000000000000010101010000000000000000000000000000000
1866 00100010010101101001000000000000000000000000000000011101010000000000000000000000000000001
1867 11111101010110100000100000000000000000000000000000000100110000000000000000000000000000010
1868 10010010111000000001000000000000000000000000000000011100110000000000000000000000000000011
1869 11100100010001000010000000000000000000000000000000010111110000000000000000000000000000000
1870 01100000110010100101100000000000000000000000000000011111110000000000000000000000000000001
1871 11010000010100110011000000000000000000000000000000000110000000000000000000000000000000010
1872 11001000010111001101000000000000000000000000000000001110000000000000000000000000000000011
1873 01101001011000110000100000000000000000000000000000010101000000000000000000000000000000100
1874 10101010010000101001000000000000000000000000000000010001000000000000000000000000000000001
1875 01100101010011100001000000000000000000000000000000011000100000000000000000000000000000000
1876 00110010110100100001100000000000000000000000000000000000100000000000000000000000000000011
1877 00011100010110100010000000000000000000000000000000011001100000000000000000000000000000010
1878 11010000111001000101000000000000000000000000000000010011100000000000000000000000000000001
1879 01111000010000110010100000000000000000000000000000011010010000000000000000000000000000000
1880 10010000010010101100000000000000000000000000000000010010010000000000000000000000000000011
1881 11001001010101010001000000000000000000000000000000011011010000000000000000000000000000010
1882 00111010010110001000100000000000000000000000000000000001010000000000000000000000000000101
1883 11100101011000100001000000000000000000000000000000011000110000000000000000000000000000100
1884 11111010110001100000000000000000000000000000000000000000110000000000000000000000000000111
1885 00110100010010100010100000000000000000000000000000011001110000000000000000000000000000110
1886 11100000110100000101000000000000000000000000000000010011110000000000000000000000000000101
1887 01001000010111110010000000000000000000000000000000001010000000000000000000000000000000100
1888 10110000011000101101100000000000000000000000000000000010000000000000000000000000000000111
1889 11001001010000010001000000000000000000000000000000001011000000000000000000000000000000110
1890 01101010010011101000000000000000000000000000000000010101000000000000000000000000000000001
1891 00100101010100100001100000000000000000000000000000011100100000000000000000000000000000000
1892 11111010110110100000000000000000000000000000000000000100100000000000000000000000000000011
1893 10010100011001000011000000000000000000000000000000011101100000000000000000000000000000010
1894 11100000110000000100100000000000000000000000000000010111100000000000000000000000000000001
1895 01100000010010110011000000000000000000000000000000011110010000000000000000000000000000000
1896 11010000010101101101000000000000000000000000000000000110010000000000000000000000000000011
1897 11001001010110010001100000000000000000000000000000001111010000000000000000000000000000010
1898 01101010011000101000000000000000000000000000000000010101010000000000000000000000000000101
1899 10101101010001100001000000000000000000000000000000010000110000000000000000000000000000000
1900 01100010110010100001100000000000000000000000000000011000110000000000000000000000000000001
1901 00110100010100100011000000000000000000000000000000000001110000000000000000000000000000010
1902 00011000110111100100000000000000000000000000000000011001110000000000000000000000000000011
1903 11010000011000010011100000000000000000000000000000010010000000000000000000000000000000000
1904 01111000010000101100000000000000000000000000000000011010000000000000000000000000000000001
1905 10010001010011110000000000000000000000000000000000010011000000000000000000000000000000010
1906 11001010010100001001100000000000000000000000000000011011000000000000000000000000000000011
1907 00111101010110000000000000000000000000000000000000000000100000000000000000000000000000100
1908 11100010111001100001000000000000000000000000000000011000100000000000000000000000000000101
1909 11111100010000100010100000000000000000000000000000000001100000000000000000000000000000110
1910 00110000110010100100000000000000000000000000000000011001100000000000000000000000000000111
1911 11100000010101010011000000000000000000000000000000010010010000000000000000000000000000100
1912 01001000010110101100100000000000000000000000000000001010010000000000000000000000000000101
1913 10110001011000110001000000000000000000000000000000000011010000000000000000000000000000110
1914 11001010010001001001000000000000000000000000000000001011010000000000000000000000000000111
1915 01101101010010100000100000000000000000000000000000010100110000000000000000000000000000000
1916 00100010110100100001000000000000000000000000000000011100110000000000000000000000000000001
1917 11111100010111100010000000000000000000000000000000000101110000000000000000000000000000010
1918 10010000111000000101100000000000000000000000000000011101110000000000000000000000000000011
1919 11100000010000010010000000000000000000000000000000010110000000000000000000000000000000000
1920 01100000010011101101000000000000000000000000000000011110000000000000000000000000000000001
1921 11010001010100110001100000000000000000000000000000000111000000000000000000000000000000010
1922 11001010010110001001000000000000000000000000000000001111000000000000000000000000000000011
1923 01101101011001100000000000000000000000000000000000010100100000000000000000000000000000100
1924 10101010110000100001100000000000000000000000000000010000100000000000000000000000000000001
1925 01100100010010100011000000000000000000000000000000011001100000000000000000000000000000000
1926 00110000110101100101000000000000000000000000000000000001100000000000000000000000000000011
1927 00011000010110110010100000000000000000000000000000011000010000000000000000000000000000010
1928 11010000011000001101000000000000000000000000000000010010010000000000000000000000000000001
1929 01111001010001110000000000000000000000000000000000011011010000000000000000000000000000000
1930 10010010010010101000100000000000000000000000000000010011010000000000000000000000000000011
1931 11001101010100000001000000000000000000000000000000011010110000000000000000000000000000010
1932 00111010110111000000000000000000000000000000000000000000110000000000000000000000000000101
1933 11100100011000100011100000000000000000000000000000011001110000000000000000000000000000100
1934 11111000110000100100000000000000000000000000000000000001110000000000000000000000000000111
1935 00110000010011110010000000000000000000000000000000011000000000000000000000000000000000110
1936 11100000010100001101100000000000000000000000000000010010000000000000000000000000000000101
1937 01001001010110110000000000000000000000000000000000001011000000000000000000000000000000100
1938 10110010011001101001000000000000000000000000000000000011000000000000000000000000000000111
1939 11001101010000000001100000000000000000000000000000001010100000000000000000000000000000110
1940 01101010110010100000000000000000000000000000000000010100100000000000000000000000000000001
1941 00100100010101100011000000000000000000000000000000011101100000000000000000000000000000000
1942 11111000110110100100100000000000000000000000000000000101100000000000000000000000000000011
1943 10010000011000010011000000000000000000000000000000011100010000000000000000000000000000010
1944 11100000010001001100000000000000000000000000000000010110010000000000000000000000000000001
1945 01100001010010110001100000000000000000000000000000011111010000000000000000000000000000000
1946 11010010010100101001000000000000000000000000000000000111010000000000000000000000000000011
1947 11001101010111000001000000000000000000000000000000001110110000000000000000000000000000010
1948 01101010111000100000100000000000000000000000000000010100110000000000000000000000000000101
1949 10101100010000100011000000000000000000000000000000010001110000000000000000000000000000000
1950 01100000110011100101000000000000000000000000000000011001110000000000000000000000000000001
1951 00110000010100110011100000000000000000000000000000000000000000000000000000000000000000010
1952 00011000010110101100000000000000000000000000000000011000000000000000000000000000000000011
1953 11010001011001010001000000000000000000000000000000010011000000000000000000000000000000000
1954 01111010010000101000100000000000000000000000000000011011000000000000000000000000000000001
1955 10010101010010100000000000000000000000000000000000010010100000000000000000000000000000010
1956 11001010110101000001000000000000000000000000000000011010100000000000000000000000000000011
1957 00111100010110000010100000000000000000000000000000000001100000000000000000000000000000100
1958 11100000111000100101000000000000000000000000000000011001100000000000000000000000000000101
1959 11111000010001110010000000000000000000000000000000000000010000000000000000000000000000110
1960 00110000010010101100100000000000000000000000000000011000010000000000000000000000000000111
1961 11100001010100010001000000000000000000000000000000010011010000000000000000000000000000100
1962 01001010010111101000000000000000000000000000000000001011010000000000000000000000000000101
1963 10110101011000100001100000000000000000000000000000000010110000000000000000000000000000110
1964 11001010110000000001000000000000000000000000000000001010110000000000000000000000000000111
1965 01101100010011100010000000000000000000000000000000010101110000000000000000000000000000000
1966 00100000110100100101100000000000000000000000000000011101110000000000000000000000000000001
1967 11111000010110110010000000000000000000000000000000000100000000000000000000000000000000010
1968 10010000011001001101000000000000000000000000000000011100000000000000000000000000000000011
1969 11100001010000010000100000000000000000000000000000010111000000000000000000000000000000000
1970 01100010010010101001000000000000000000000000000000011111000000000000000000000000000000001
1971 11010101010101100001000000000000000000000000000000000110100000000000000000000000000000010
1972 11001010110110000001100000000000000000000000000000001110100000000000000000000000000000011
1973 01101100011000100010000000000000000000000000000000010101100000000000000000000000000000100
1974 10101000110001100101000000000000000000000000000000010001100000000000000000000000000000001
1975 01100000010010110011100000000000000000000000000000011000010000000000000000000000000000000
1976 00110000010100101101000000000000000000000000000000000000010000000000000000000000000000011
1977 00011001010111110000000000000000000000000000000000011001010000000000000000000000000000010
1978 11010010011000001001100000000000000000000000000000010011010000000000000000000000000000001
1979 01111101010000100000000000000000000000000000000000011010110000000000000000000000000000000
1980 10010010110011100000000000000000000000000000000000010010110000000000000000000000000000011
1981 11001100010100000011100000000000000000000000000000011011110000000000000000000000000000010
1982 00111000110110000100000000000000000000000000000000000001110000000000000000000000000000101
1983 11100000011001110011000000000000000000000000000000011000000000000000000000000000000000100
1984 11111000010000101100100000000000000000000000000000000000000000000000000000000000000000111
1985 00110001010010110000000000000000000000000000000000011001000000000000000000000000000000110
1986 11100010010101001001000000000000000000000000000000010011000000000000000000000000000000101
1987 01001101010110100000100000000000000000000000000000001010100000000000000000000000000000100
1988 10110010111000100001000000000000000000000000000000000010100000000000000000000000000000111
1989 11001100010001000011000000000000000000000000000000001011100000000000000000000000000000110
1990 01101000110010100100100000000000000000000000000000010101100000000000000000000000000000001
1991 00100000010100110011000000000000000000000000000000011100010000000000000000000000000000000
1992 11111000010111101100000000000000000000000000000000000100010000000000000000000000000000011
1993 10010001011000010001100000000000000000000000000000011101010000000000000000000000000000010
1994 11100010010000001000000000000000000000000000000000010111010000000000000000000000000000001
1995 01100101010011100001000000000000000000000000000000011110110000000000000000000000000000000
1996 11010010110100100001100000000000000000000000000000000110110000000000000000000000000000011
1997 11001100010110000011000000000000000000000000000000001111110000000000000000000000000000010
1998 01101000111001100100000000000000000000000000000000010101110000000000000000000000000000101
1999 10101000010000110011100000000000000000000000000000010000000000000000000000000000000000000
2000 01100000010010101101000000000000000000000000000000011000000000000000000000000000000000001
2001 00110001010101110001000000000000000000000000000000000001000000000000000000000000000000010
2002 00011010010110101000100000000000000000000000000000011001000000000000000000000000000000011
2003 11010101011000000001000000000000000000000000000000010010100000000000000000000000000000000
2004 01111010110001100000000000000000000000000000000000011010100000000000000000000000000000001
2005 10010100010010100010100000000000000000000000000000010011100000000000000000000000000000010
2006 11001000110100000101000000000000000000000000000000011011100000000000000000000000000000011
2007 00111000010111010010000000000000000000000000000000000000010000000000000000000000000000100
2008 11100000011000101101100000000000000000000000000000011000010000000000000000000000000000101
2009 11111001010000110000000000000000000000000000000000000001010000000000000000000000000000110
2010 00110010010011101000000000000000000000000000000000011001010000000000000000000000000000111
2011 11100101010100000001100000000000000000000000000000010010110000000000000000000000000000100
2012 01001010110110100000000000000000000000000000000000001010110000000000000000000000000000101
2013 10110100011001100011000000000000000000000000000000000011110000000000000000000000000000110
2014 11001000110000000101100000000000000000000000000000001011110000000000000000000000000000111
2015 01101000010010110010000000000000000000000000000000010100000000000000000000000000000000000
2016 00100000010101101101000000000000000000000000000000011100000000000000000000000000000000001
2017 11111001010110110000100000000000000000000000000000000101000000000000000000000000000000010
2018 10010010011000001001000000000000000000000000000000011101000000000000000000000000000000011
2019 11100101010001000000000000000000000000000000000000010110100000000000000000000000000000000
2020 01100010110010100001100000000000000000000000000000011110100000000000000000000000000000001
2021 11010100010100100011000000000000000000000000000000000111100000000000000000000000000000010
2022 11001000110111000101000000000000000000000000000000001111100000000000000000000000000000011
2023 01101000011000110010100000000000000000000000000000010100010000000000000000000000000000100
2024 10101000010000101101000000000000000000000000000000010000010000000000000000000000000000001
2025 01100001010011110001000000000000000000000000000000011001010000000000000000000000000000000
2026 00110010010100101001100000000000000000000000000000000001010000000000000000000000000000011
2027 00011101010110100000000000000000000000000000000000011000110000000000000000000000000000010
2028 11010010111001000001000000000000000000000000000000010010110000000000000000000000000000001
2029 01111100010000100010100000000000000000000000000000011011110000000000000000000000000000000
2030 10010000110010100100000000000000000000000000000000010011110000000000000000000000000000011
2031 11001000010101010011000000000000000000000000000000011010000000000000000000000000000000010
2032 00111000010110001100100000000000000000000000000000000000000000000000000000000000000000101
2033 11100001011000110001000000000000000000000000000000011001000000000000000000000000000000100
2034 11111010010001101000000000000000000000000000000000000001000000000000000000000000000000111
2035 00110101010010100000100000000000000000000000000000011000100000000000000000000000000000110
2036 11100010110100000001000000000000000000000000000000010010100000000000000000000000000000101
2037 01001100010111100010000000000000000000000000000000001011100000000000000000000000000000100
2038 10110000111000100101100000000000000000000000000000000011100000000000000000000000000000111
2039 11001000010000010011000000000000000000000000000000001010010000000000000000000000000000110
2040 01101000010011101100000000000000000000000000000000010100010000000000000000000000000000001
2041 00100001010100110001100000000000000000000000000000011101010000000000000000000000000000000
2042 11111010010110101000000000000000000000000000000000000101010000000000000000000000000000011
2043 10010101011001000001000000000000000000000000000000011100110000000000000000000000000000010
2044 11100010110000000000100000000000000000000000000000010110110000000000000000000000000000001
2045 01100100010010100011000000000000000000000000000000011111110000000000000000000000000000000
2046 11010000110101100101000000000000000000000000000000000111110000000000000000000000000000011
2047 11001000010110010011100000000000000000000000000000001110000000000000000000000000000000010
2048 01101000011000101100000000000000000000000000000000010100000000000000000000000000000000101
2049 10101001010001110001000000000000000000000000000000010001000000000000000000000000000000000
2050 01100010010010101001100000000000000000000000000000011001000000000000000000000000000000001
2051 00110101010100100001000000000000000000000000000000000000100000000000000000000000000000010
2052 00011010110111100000000000000000000000000000000000011000100000000000000000000000000000011
2053 11010100011000000011100000000000000000000000000000010011100000000000000000000000000000000
2054 01111000110000100100000000000000000000000000000000011011100000000000000000000000000000001
2055 10010000010011110010000000000000000000000000000000010010010000000000000000000000000000010
2056 11001000010100001101100000000000000000000000000000011010010000000000000000000000000000011
2057 00111001010110010000000000000000000000000000000000000001010000000000000000000000000000100
2058 11100010011001101001000000000000000000000000000000011001010000000000000000000000000000101
2059 11111101010000100000100000000000000000000000000000000000110000000000000000000000000000110
2060 00110010110010100000000000000000000000000000000000011000110000000000000000000000000000111
2061 11100100010101000011000000000000000000000000000000010011110000000000000000000000000000100
2062 01001000110110100100100000000000000000000000000000001011110000000000000000000000000000101
2063 10110000011000110011000000000000000000000000000000000010000000000000000000000000000000110
2064 11001000010001001101000000000000000000000000000000001010000000000000000000000000000000111
2065 01101001010010110000100000000000000000000000000000010101000000000000000000000000000000000
2066 00100010010100101001000000000000000000000000000000011101000000000000000000000000000000001
2067 11111101010111100000000000000000000000000000000000000100100000000000000000000000000000010
2068 10010010111000000001100000000000000000000000000000011100100000000000000000000000000000011
2069 11100100010000000010000000000000000000000000000000010111100000000000000000000000000000000
2070 01100000110011100101000000000000000000000000000000011111100000000000000000000000000000001
2071 11010000010100110011100000000000000000000000000000000110010000000000000000000000000000010
2072 11001000010110001101000000000000000000000000000000001110010000000000000000000000000000011
2073 01101001011001110000000000000000000000000000000000010101010000000000000000000000000000100
2074 10101010010000101001100000000000000000000000000000010001010000000000000000000000000000001
2075 01100101010010100001000000000000000000000000000000011000110000000000000000000000000000000
2076 00110010110101100001000000000000000000000000000000000000110000000000000000000000000000011
2077 00011100010110100010100000000000000000000000000000011001110000000000000000000000000000010
2078 11010000111000000101000000000000000000000000000000010011110000000000000000000000000000001
2079 01111000010001110010000000000000000000000000000000011010000000000000000000000000000000000
2080 10010000010010101100100000000000000000000000000000010010000000000000000000000000000000011
2081 11001001010100010001000000000000000000000000000000011011000000000000000000000000000000010
2082 00111010010111001000000000000000000000000000000000000001000000000000000000000000000000101
2083 11100101011000100001100000000000000000000000000000011000100000000000000000000000000000100
2084 11111010110000100000000000000000000000000000000000000000100000000000000000000000000000111
2085 00110100010011100010000000000000000000000000000000011001100000000000000000000000000000110
2086 11100000110100000101100000000000000000000000000000010011100000000000000000000000000000101
2087 01001000010110110010000000000000000000000000000000001010010000000000000000000000000000100
2088 10110000011001101101000000000000000000000000000000000010010000000000000000000000000000111
2089 11001001010000010001100000000000000000000000000000001011010000000000000000000000000000110
2090 01101010010010101000000000000000000000000000000000010101010000000000000000000000000000001
2091 00100101010101100001000000000000000000000000000000011100110000000000000000000000000000000
2092 11111010110110100000100000000000000000000000000000000100110000000000000000000000000000011
2093 10010100011000000011000000000000000000000000000000011101110000000000000000000000000000010
2094 11100000110001000100000000000000000000000000000000010111110000000000000000000000000000001
2095 01100000010010110011100000000000000000000000000000011110000000000000000000000000000000000
2096 11010000010100101101000000000000000000000000000000000110000000000000000000000000000000011
2097 11001001010111010001000000000000000000000000000000001111000000000000000000000000000000010
2098 01101010011000101000100000000000000000000000000000010101000000000000000000000000000000101
2099 10101101010000100001000000000000000000000000000000010000100000000000000000000000000000000
2100 01100010110011100001000000000000000000000000000000011000100000000000000000000000000000001
2101 00110100010100100011100000000000000000000000000000000001100000000000000000000000000000010
2102 00011000110110100100000000000000000000000000000000011001100000000000000000000000000000011
2103 11010000011001010011000000000000000000000000000000010010010000000000000000000000000000000
2104 01111000010000101100100000000000000000000000000000011010010000000000000000000000000000001
2105 10010001010010110000000000000000000000000000000000010011010000000000000000000000000000010
2106 11001010010101001001000000000000000000000000000000011011010000000000000000000000000000011
2107 00111101010110000000100000000000000000000000000000000000110000000000000000000000000000100
2108 11100010111000100001000000000000000000000000000000011000110000000000000000000000000000101
2109 11111100010001100010000000000000000000000000000000000001110000000000000000000000000000110
2110 00110000110010100100100000000000000000000000000000011001110000000000000000000000000000111
2111 11100000010100010011000000000000000000000000000000010010000000000000000000000000000000100
2112 01001000010111101100000000000000000000000000000000001010000000000000000000000000000000101
2113 10110001011000110001100000000000000000000000000000000011000000000000000000000000000000110
2114 11001010010000001001000000000000000000000000000000001011000000000000000000000000000000111
2115 01101101010011100000000000000000000000000000000000010100100000000000000000000000000000000
2116 00100010110100100001100000000000000000000000000000011100100000000000000000000000000000001
2117 11111100010110100010000000000000000000000000000000000101100000000000000000000000000000010
2118 10010000111001000101000000000000000000000000000000011101100000000000000000000000000000011
2119 11100000010000010010100000000000000000000000000000010110010000000000000000000000000000000
2120 01100000010010101101000000000000000000000000000000011110010000000000000000000000000000001
2121 11010001010101110001000000000000000000000000000000000111010000000000000000000000000000010
2122 11001010010110001001100000000000000000000000000000001111010000000000000000000000000000011
2123 01101101011000100000000000000000000000000000000000010100110000000000000000000000000000100
2124 10101010110001100001000000000000000000000000000000010000110000000000000000000000000000001
2125 01100100010010100011100000000000000000000000000000011001110000000000000000000000000000000
2126 00110000110100100101000000000000000000000000000000000001110000000000000000000000000000011
2127 00011000010111110010000000000000000000000000000000011000000000000000000000000000000000010
2128 11010000011000001101100000000000000000000000000000010010000000000000000000000000000000001
2129 01111001010000110000000000000000000000000000000000011011000000000000000000000000000000000
2130 10010010010011101000000000000000000000000000000000010011000000000000000000000000000000011
2131 11001101010100000001100000000000000000000000000000011010100000000000000000000000000000010
2132 00111010110110000000000000000000000000000000000000000000100000000000000000000000000000101
2133 11100100011001100011000000000000000000000000000000011001100000000000000000000000000000100
2134 11111000110000100100100000000000000000000000000000000001100000000000000000000000000000111
2135 00110000010010110010000000000000000000000000000000011000010000000000000000000000000000110
2136 11100000010101001101000000000000000000000000000000010010010000000000000000000000000000101
2137 01001001010110110000100000000000000000000000000000001011010000000000000000000000000000100
2138 10110010011000101001000000000000000000000000000000000011010000000000000000000000000000111
2139 11001101010001000001000000000000000000000000000000001010110000000000000000000000000000110
2140 01101010110010100000100000000000000000000000000000010100110000000000000000000000000000001
2141 00100100010100100011000000000000000000000000000000011101110000000000000000000000000000000
2142 11111000110111100100000000000000000000000000000000000101110000000000000000000000000000011
2143 10010000011000010011100000000000000000000000000000011100000000000000000000000000000000010
2144 11100000010000001100000000000000000000000000000000010110000000000000000000000000000000001
2145 01100001010011110001000000000000000000000000000000011111000000000000000000000000000000000
2146 11010010010100101001100000000000000000000000000000000111000000000000000000000000000000011
2147 11001101010110000001000000000000000000000000000000001110100000000000000000000000000000010
2148 01101010111001100000000000000000000000000000000000010100100000000000000000000000000000101
2149 10101100010000100011100000000000000000000000000000010001100000000000000000000000000000000
2150 01100000110010100101000000000000000000000000000000011001100000000000000000000000000000001
2151 00110000010101110011000000000000000000000000000000000000010000000000000000000000000000010
2152 00011000010110101100100000000000000000000000000000011000010000000000000000000000000000011
2153 11010001011000010001000000000000000000000000000000010011010000000000000000000000000000000
2154 01111010010001101000000000000000000000000000000000011011010000000000000000000000000000001
2155 10010101010010100000100000000000000000000000000000010010110000000000000000000000000000010
2156 11001010110100000001000000000000000000000000000000011010110000000000000000000000000000011
2157 00111100010111000010000000000000000000000000000000000001110000000000000000000000000000100
2158 11100000111000100101100000000000000000000000000000011001110000000000000000000000000000101
2159 11111000010000110010000000000000000000000000000000000000000000000000000000000000000000110
2160 00110000010011101100000000000000000000000000000000011000000000000000000000000000000000111
2161 11100001010100010001100000000000000000000000000000010011000000000000000000000000000000100
2162 01001010010110101000000000000000000000000000000000001011000000000000000000000000000000101
2163 10110101011001100001000000000000000000000000000000000010100000000000000000000000000000110
2164 11001010110000000001100000000000000000000000000000001010100000000000000000000000000000111
2165 01101100010010100010000000000000000000000000000000010101100000000000000000000000000000000
2166 00100000110101100101000000000000000000000000000000011101100000000000000000000000000000001
2167 11111000010110110010100000000000000000000000000000000100010000000000000000000000000000010
2168 10010000011000001101000000000000000000000000000000011100010000000000000000000000000000011
2169 11100001010001010000000000000000000000000000000000010111010000000000000000000000000000000
2170 01100010010010101001100000000000000000000000000000011111010000000000000000000000000000001
2171 11010101010100100001000000000000000000000000000000000110110000000000000000000000000000010
2172 11001010110111000001000000000000000000000000000000001110110000000000000000000000000000011
2173 01101100011000100010100000000000000000000000000000010101110000000000000000000000000000100
2174 10101000110000100101000000000000000000000000000000010001110000000000000000000000000000001
2175 01100000010011110011000000000000000000000000000000011000000000000000000000000000000000000
2176 00110000010100101101100000000000000000000000000000000000000000000000000000000000000000011
2177 00011001010110110000000000000000000000000000000000011001000000000000000000000000000000010
2178 11010010011001001001000000000000000000000000000000010011000000000000000000000000000000001
2179 01111101010000100000100000000000000000000000000000011010100000000000000000000000000000000
2180 10010010110010100000000000000000000000000000000000010010100000000000000000000000000000011
2181 11001100010101000011000000000000000000000000000000011011100000000000000000000000000000010
2182 00111000110110000100100000000000000000000000000000000001100000000000000000000000000000101
2183 11100000011000110011000000000000000000000000000000011000010000000000000000000000000000100
2184 11111000010001101100000000000000000000000000000000000000010000000000000000000000000000111
2185 00110001010010110000100000000000000000000000000000011001010000000000000000000000000000110
2186 11100010010100001001000000000000000000000000000000010011010000000000000000000000000000101
2187 01001101010111100000000000000000000000000000000000001010110000000000000000000000000000100
2188 10110010111000100001100000000000000000000000000000000010110000000000000000000000000000111
2189 11001100010000000011000000000000000000000000000000001011110000000000000000000000000000110
2190 01101000110011100100000000000000000000000000000000010101110000000000000000000000000000001
2191 00100000010100110011100000000000000000000000000000011100000000000000000000000000000000000
2192 11111000010110101100000000000000000000000000000000000100000000000000000000000000000000011
2193 10010001011001010001000000000000000000000000000000011101000000000000000000000000000000010
2194 11100010010000001000100000000000000000000000000000010111000000000000000000000000000000001
2195 01100101010010100001000000000000000000000000000000011110100000000000000000000000000000000
2196 11010010110101100001000000000000000000000000000000000110100000000000000000000000000000011
2197 11001100010110000011100000000000000000000000000000001111100000000000000000000000000000010
2198 01101000111000100100000000000000000000000000000000010101100000000000000000000000000000101
2199 10101000010001110011000000000000000000000000000000010000010000000000000000000000000000000
2200 01100000010010101101100000000000000000000000000000011000010000000000000000000000000000001
2201 00110001010100110001000000000000000000000000000000000001010000000000000000000000000000010
2202 00011010010111101000000000000000000000000000000000011001010000000000000000000000000000011
2203 11010101011000000001100000000000000000000000000000010010110000000000000000000000000000000
2204 01111010110000100000000000000000000000000000000000011010110000000000000000000000000000001
2205 10010100010011100010000000000000000000000000000000010011110000000000000000000000000000010
2206 11001000110100000101100000000000000000000000000000011011110000000000000000000000000000011
2207 00111000010110010010000000000000000000000000000000000000000000000000000000000000000000100
2208 11100000011001101101000000000000000000000000000000011000000000000000000000000000000000101
2209 11111001010000110000100000000000000000000000000000000001000000000000000000000000000000110
2210 00110010010010101000000000000000000000000000000000011001000000000000000000000000000000111
2211 11100101010101000001000000000000000000000000000000010010100000000000000000000000000000100
2212 01001010110110100000100000000000000000000000000000001010100000000000000000000000000000101
2213 10110100011000100011000000000000000000000000000000000011100000000000000000000000000000110
2214 11001000110001000101000000000000000000000000000000001011100000000000000000000000000000111
2215 01101000010010110010100000000000000000000000000000010100010000000000000000000000000000000
2216 00100000010100101101000000000000000000000000000000011100010000000000000000000000000000001
2217 11111001010111110000000000000000000000000000000000000101010000000000000000000000000000010
2218 10010010011000001001100000000000000000000000000000011101010000000000000000000000000000011
2219 11100101010000000000000000000000000000000000000000010110110000000000000000000000000000000
2220 01100010110011100001000000000000000000000000000000011110110000000000000000000000000000001
2221 11010100010100100011100000000000000000000000000000000111110000000000000000000000000000010
2222 11001000110110000101000000000000000000000000000000001111110000000000000000000000000000011
2223 01101000011001110010000000000000000000000000000000010100000000000000000000000000000000100
2224 10101000010000101101100000000000000000000000000000010000000000000000000000000000000000001
2225 01100001010010110001000000000000000000000000000000011001000000000000000000000000000000000
2226 00110010010101101001000000000000000000000000000000000001000000000000000000000000000000011
2227 00011101010110100000100000000000000000000000000000011000100000000000000000000000000000010
2228 11010010111000000001000000000000000000000000000000010010100000000000000000000000000000001
2229 01111100010001100010000000000000000000000000000000011011100000000000000000000000000000000
2230 10010000110010100100100000000000000000000000000000010011100000000000000000000000000000011
2231 11001000010100010011000000000000000000000000000000011010010000000000000000000000000000010
2232 00111000010111001100000000000000000000000000000000000000010000000000000000000000000000101
2233 11100001011000110001100000000000000000000000000000011001010000000000000000000000000000100
2234 11111010010000101000000000000000000000000000000000000001010000000000000000000000000000111
2235 00110101010011100000000000000000000000000000000000011000110000000000000000000000000000110
2236 11100010110100000001100000000000000000000000000000010010110000000000000000000000000000101
2237 01001100010110100010000000000000000000000000000000001011110000000000000000000000000000100
2238 10110000111001100101000000000000000000000000000000000011110000000000000000000000000000111
2239 11001000010000010011100000000000000000000000000000001010000000000000000000000000000000110
2240 01101000010010101100000000000000000000000000000000010100000000000000000000000000000000001
2241 00100001010101110001000000000000000000000000000000011101000000000000000000000000000000000
2242 11111010010110101000100000000000000000000000000000000101000000000000000000000000000000011
2243 10010101011000000001000000000000000000000000000000011100100000000000000000000000000000010
2244 11100010110001000000000000000000000000000000000000010110100000000000000000000000000000001
2245 01100100010010100011100000000000000000000000000000011111100000000000000000000000000000000
2246 11010000110100100101000000000000000000000000000000000111100000000000000000000000000000011
2247 11001000010111010011000000000000000000000000000000001110010000000000000000000000000000010
2248 01101000011000101100100000000000000000000000000000010100010000000000000000000000000000101
2249 10101001010000110001000000000000000000000000000000010001010000000000000000000000000000000
2250 01100010010011101001000000000000000000000000000000011001010000000000000000000000000000001
2251 00110101010100100001100000000000000000000000000000000000110000000000000000000000000000010
2252 00011010110110100000000000000000000000000000000000011000110000000000000000000000000000011
2253 11010100011001000011000000000000000000000000000000010011110000000000000000000000000000000
2254 01111000110000100100100000000000000000000000000000011011110000000000000000000000000000001
2255 10010000010010110010000000000000000000000000000000010010000000000000000000000000000000010
2256 11001000010101001101000000000000000000000000000000011010000000000000000000000000000000011
2257 00111001010110010000100000000000000000000000000000000001000000000000000000000000000000100
2258 11100010011000101001000000000000000000000000000000011001000000000000000000000000000000101
2259 11111101010001100000000000000000000000000000000000000000100000000000000000000000000000110
2260 00110010110010100000100000000000000000000000000000011000100000000000000000000000000000111
2261 11100100010100000011000000000000000000000000000000010011100000000000000000000000000000100
2262 01001000110111100100000000000000000000000000000000001011100000000000000000000000000000101
2263 10110000011000110011100000000000000000000000000000000010010000000000000000000000000000110
2264 11001000010000001101000000000000000000000000000000001010010000000000000000000000000000111
2265 01101001010011110000000000000000000000000000000000010101010000000000000000000000000000000
2266 00100010010100101001100000000000000000000000000000011101010000000000000000000000000000001
2267 11111101010110100000000000000000000000000000000000000100110000000000000000000000000000010
2268 10010010111001000001000000000000000000000000000000011100110000000000000000000000000000011
2269 11100100010000000010100000000000000000000000000000010111110000000000000000000000000000000
2270 01100000110010100101000000000000000000000000000000011111110000000000000000000000000000001
2271 11010000010101110011000000000000000000000000000000000110000000000000000000000000000000010
2272 11001000010110001101100000000000000000000000000000001110000000000000000000000000000000011
2273 01101001011000110000000000000000000000000000000000010101000000000000000000000000000000100
2274 10101010010001101001000000000000000000000000000000010001000000000000000000000000000000001
2275 01100101010010100001100000000000000000000000000000011000100000000000000000000000000000000
2276 00110010110100100001000000000000000000000000000000000000100000000000000000000000000000011
2277 00011100010111100010000000000000000000000000000000011001100000000000000000000000000000010
2278 11010000111000000101100000000000000000000000000000010011100000000000000000000000000000001
2279 01111000010000110010000000000000000000000000000000011010010000000000000000000000000000000
2280 10010000010011101100000000000000000000000000000000010010010000000000000000000000000000011
2281 11001001010100010001100000000000000000000000000000011011010000000000000000000000000000010
2282 00111010010110001000000000000000000000000000000000000001010000000000000000000000000000101
2283 11100101011001100001000000000000000000000000000000011000110000000000000000000000000000100
2284 11111010110000100000100000000000000000000000000000000000110000000000000000000000000000111
2285 00110100010010100010000000000000000000000000000000011001110000000000000000000000000000110
2286 11100000110101000101000000000000000000000000000000010011110000000000000000000000000000101
2287 01001000010110110010100000000000000000000000000000001010000000000000000000000000000000100
2288 10110000011000101101000000000000000000000000000000000010000000000000000000000000000000111
2289 11001001010001010001000000000000000000000000000000001011000000000000000000000000000000110
2290 01101010010010101000100000000000000000000000000000010101000000000000000000000000000000001
2291 00100101010100100001000000000000000000000000000000011100100000000000000000000000000000000
2292 11111010110111100000000000000000000000000000000000000100100000000000000000000000000000011
2293 10010100011000000011100000000000000000000000000000011101100000000000000000000000000000010
2294 11100000110000000100000000000000000000000000000000010111100000000000000000000000000000001
2295 01100000010011110011000000000000000000000000000000011110010000000000000000000000000000000
2296 11010000010100101101100000000000000000000000000000000110010000000000000000000000000000011
2297 11001001010110010001000000000000000000000000000000001111010000000000000000000000000000010
2298 01101010011001101000000000000000000000000000000000010101010000000000000000000000000000101
2299 10101101010000100001100000000000000000000000000000010000110000000000000000000000000000000
2300 01100010110010100001000000000000000000000000000000011000110000000000000000000000000000001
2301 00110100010101100011000000000000000000000000000000000001110000000000000000000000000000010
2302 00011000110110100100100000000000000000000000000000011001110000000000000000000000000000011
2303 11010000011000010011000000000000000000000000000000010010000000000000000000000000000000000
2304 01111000010001101100000000000000000000000000000000011010000000000000000000000000000000001
2305 10010001010010110000100000000000000000000000000000010011000000000000000000000000000000010
2306 11001010010100001001000000000000000000000000000000011011000000000000000000000000000000011
2307 00111101010111000000000000000000000000000000000000000000100000000000000000000000000000100
2308 11100010111000100001100000000000000000000000000000011000100000000000000000000000000000101
2309 11111100010000100010000000000000000000000000000000000001100000000000000000000000000000110
2310 00110000110011100100000000000000000000000000000000011001100000000000000000000000000000111
2311 11100000010100010011100000000000000000000000000000010010010000000000000000000000000000100
2312 01001000010110101100000000000000000000000000000000001010010000000000000000000000000000101
2313 10110001011001110001000000000000000000000000000000000011010000000000000000000000000000110
2314 11001010010000001001100000000000000000000000000000001011010000000000000000000000000000111
2315 01101101010010100000000000000000000000000000000000010100110000000000000000000000000000000
2316 00100010110101100001000000000000000000000000000000011100110000000000000000000000000000001
2317 11111100010110100010100000000000000000000000000000000101110000000000000000000000000000010
2318 10010000111000000101000000000000000000000000000000011101110000000000000000000000000000011
2319 11100000010001010010000000000000000000000000000000010110000000000000000000000000000000000
2320 01100000010010101101100000000000000000000000000000011110000000000000000000000000000000001
2321 11010001010100110001000000000000000000000000000000000111000000000000000000000000000000010
2322 11001010010111001001000000000000000000000000000000001111000000000000000000000000000000011
2323 01101101011000100000100000000000000000000000000000010100100000000000000000000000000000100
2324 10101010110000100001000000000000000000000000000000010000100000000000000000000000000000001
2325 01100100010011100011000000000000000000000000000000011001100000000000000000000000000000000
2326 00110000110100100101100000000000000000000000000000000001100000000000000000000000000000011
2327 00011000010110110010000000000000000000000000000000011000010000000000000000000000000000010
2328 11010000011001001101000000000000000000000000000000010010010000000000000000000000000000001
2329 01111001010000110000100000000000000000000000000000011011010000000000000000000000000000000
2330 10010010010010101000000000000000000000000000000000010011010000000000000000000000000000011
2331 11001101010101000001000000000000000000000000000000011010110000000000000000000000000000010
2332 00111010110110000000100000000000000000000000000000000000110000000000000000000000000000101
2333 11100100011000100011000000000000000000000000000000011001110000000000000000000000000000100
2334 11111000110001100100000000000000000000000000000000000001110000000000000000000000000000111
2335 00110000010010110010100000000000000000000000000000011000000000000000000000000000000000110
2336 11100000010100001101000000000000000000000000000000010010000000000000000000000000000000101
2337 01001001010111110000000000000000000000000000000000001011000000000000000000000000000000100
2338 10110010011000101001100000000000000000000000000000000011000000000000000000000000000000111
2339 11001101010000000001000000000000000000000000000000001010100000000000000000000000000000110
2340 01101010110011100000000000000000000000000000000000010100100000000000000000000000000000001
2341 00100100010100100011100000000000000000000000000000011101100000000000000000000000000000000
2342 11111000110110100100000000000000000000000000000000000101100000000000000000000000000000011
2343 10010000011001010011000000000000000000000000000000011100010000000000000000000000000000010
2344 11100000010000001100100000000000000000000000000000010110010000000000000000000000000000001
2345 01100001010010110001000000000000000000000000000000011111010000000000000000000000000000000
2346 11010010010101101001000000000000000000000000000000000111010000000000000000000000000000011
2347 11001101010110000001100000000000000000000000000000001110110000000000000000000000000000010
2348 01101010111000100000000000000000000000000000000000010100110000000000000000000000000000101
2349 10101100010001100011000000000000000000000000000000010001110000000000000000000000000000000
2350 01100000110010100101100000000000000000000000000000011001110000000000000000000000000000001
2351 00110000010100110011000000000000000000000000000000000000000000000000000000000000000000010
2352 00011000010111101100000000000000000000000000000000011000000000000000000000000000000000011
2353 11010001011000010001100000000000000000000000000000010011000000000000000000000000000000000
2354 01111010010000101000000000000000000000000000000000011011000000000000000000000000000000001
2355 10010101010011100000000000000000000000000000000000010010100000000000000000000000000000010
2356 11001010110100000001100000000000000000000000000000011010100000000000000000000000000000011
2357 00111100010110000010000000000000000000000000000000000001100000000000000000000000000000100
2358 11100000111001100101000000000000000000000000000000011001100000000000000000000000000000101
2359 11111000010000110010100000000000000000000000000000000000010000000000000000000000000000110
2360 00110000010010101100000000000000000000000000000000011000010000000000000000000000000000111
2361 11100001010101010001000000000000000000000000000000010011010000000000000000000000000000100
2362 01001010010110101000100000000000000000000000000000001011010000000000000000000000000000101
2363 10110101011000100001000000000000000000000000000000000010110000000000000000000000000000110
2364 11001010110001000001000000000000000000000000000000001010110000000000000000000000000000111
2365 01101100010010100010100000000000000000000000000000010101110000000000000000000000000000000
2366 00100000110100100101000000000000000000000000000000011101110000000000000000000000000000001
2367 11111000010111110010000000000000000000000000000000000100000000000000000000000000000000010
2368 10010000011000001101100000000000000000000000000000011100000000000000000000000000000000011
2369 11100001010000010000000000000000000000000000000000010111000000000000000000000000000000000
2370 01100010010011101001000000000000000000000000000000011111000000000000000000000000000000001
2371 11010101010100100001100000000000000000000000000000000110100000000000000000000000000000010
2372 11001010110110000001000000000000000000000000000000001110100000000000000000000000000000011
2373 01101100011001100010000000000000000000000000000000010101100000000000000000000000000000100
2374 10101000110000100101100000000000000000000000000000010001100000000000000000000000000000001
2375 01100000010010110011000000000000000000000000000000011000010000000000000000000000000000000
2376 00110000010101101101000000000000000000000000000000000000010000000000000000000000000000011
2377 00011001010110110000100000000000000000000000000000011001010000000000000000000000000000010
2378 11010010011000001001000000000000000000000000000000010011010000000000000000000000000000001
2379 01111101010001100000000000000000000000000000000000011010110000000000000000000000000000000
2380 10010010110010100000100000000000000000000000000000010010110000000000000000000000000000011
2381 11001100010100000011000000000000000000000000000000011011110000000000000000000000000000010
2382 00111000110111000100000000000000000000000000000000000001110000000000000000000000000000101
2383 11100000011000110011100000000000000000000000000000011000000000000000000000000000000000100
2384 11111000010000101100000000000000000000000000000000000000000000000000000000000000000000111
2385 00110001010011110000000000000000000000000000000000011001000000000000000000000000000000110
2386 11100010010100001001100000000000000000000000000000010011000000000000000000000000000000101
2387 01001101010110100000000000000000000000000000000000001010100000000000000000000000000000100
2388 10110010111001100001000000000000000000000000000000000010100000000000000000000000000000111
2389 11001100010000000011100000000000000000000000000000001011100000000000000000000000000000110
2390 01101000110010100100000000000000000000000000000000010101100000000000000000000000000000001
2391 00100000010101110011000000000000000000000000000000011100010000000000000000000000000000000
2392 11111000010110101100100000000000000000000000000000000100010000000000000000000000000000011
2393 10010001011000010001000000000000000000000000000000011101010000000000000000000000000000010
2394 11100010010001001000000000000000000000000000000000010111010000000000000000000000000000001
2395 01100101010010100001100000000000000000000000000000011110110000000000000000000000000000000
2396 11010010110100100001000000000000000000000000000000000110110000000000000000000000000000011
2397 11001100010111000011000000000000000000000000000000001111110000000000000000000000000000010
2398 01101000111000100100100000000000000000000000000000010101110000000000000000000000000000101
2399 10101000010000110011000000000000000000000000000000010000000000000000000000000000000000000
2400 01100000010011101101000000000000000000000000000000011000000000000000000000000000000000001
2401 00110001010100110001100000000000000000000000000000000001000000000000000000000000000000010
2402 00011010010110101000000000000000000000000000000000011001000000000000000000000000000000011
2403 11010101011001000001000000000000000000000000000000010010100000000000000000000000000000000
2404 01111010110000100000100000000000000000000000000000011010100000000000000000000000000000001
2405 10010100010010100010000000000000000000000000000000010011100000000000000000000000000000010
2406 11001000110101000101000000000000000000000000000000011011100000000000000000000000000000011
2407 00111000010110010010100000000000000000000000000000000000010000000000000000000000000000100
2408 11100000011000101101000000000000000000000000000000011000010000000000000000000000000000101
2409 11111001010001110000000000000000000000000000000000000001010000000000000000000000000000110
2410 00110010010010101000100000000000000000000000000000011001010000000000000000000000000000111
2411 11100101010100000001000000000000000000000000000000010010110000000000000000000000000000100
2412 01001010110111100000000000000000000000000000000000001010110000000000000000000000000000101
2413 10110100011000100011100000000000000000000000000000000011110000000000000000000000000000110
2414 11001000110000000101000000000000000000000000000000001011110000000000000000000000000000111
2415 01101000010011110010000000000000000000000000000000010100000000000000000000000000000000000
2416 00100000010100101101100000000000000000000000000000011100000000000000000000000000000000001
2417 11111001010110110000000000000000000000000000000000000101000000000000000000000000000000010
2418 10010010011001001001000000000000000000000000000000011101000000000000000000000000000000011
2419 11100101010000000000100000000000000000000000000000010110100000000000000000000000000000000
2420 01100010110010100001000000000000000000000000000000011110100000000000000000000000000000001
2421 11010100010101100011000000000000000000000000000000000111100000000000000000000000000000010
2422 11001000110110000101100000000000000000000000000000001111100000000000000000000000000000011
2423 01101000011000110010000000000000000000000000000000010100010000000000000000000000000000100
2424 10101000010001101101000000000000000000000000000000010000010000000000000000000000000000001
2425 01100001010010110001100000000000000000000000000000011001010000000000000000000000000000000
2426 00110010010100101001000000000000000000000000000000000001010000000000000000000000000000011
2427 00011101010111100000000000000000000000000000000000011000110000000000000000000000000000010
2428 11010010111000000001100000000000000000000000000000010010110000000000000000000000000000001
2429 01111100010000100010000000000000000000000000000000011011110000000000000000000000000000000
2430 10010000110011100100000000000000000000000000000000010011110000000000000000000000000000011
2431 11001000010100010011100000000000000000000000000000011010000000000000000000000000000000010
2432 00111000010110001100000000000000000000000000000000000000000000000000000000000000000000101
2433 11100001011001110001000000000000000000000000000000011001000000000000000000000000000000100
2434 11111010010000101000100000000000000000000000000000000001000000000000000000000000000000111
2435 00110101010010100000000000000000000000000000000000011000100000000000000000000000000000110
2436 11100010110101000001000000000000000000000000000000010010100000000000000000000000000000101
2437 01001100010110100010100000000000000000000000000000001011100000000000000000000000000000100
2438 10110000111000100101000000000000000000000000000000000011100000000000000000000000000000111
2439 11001000010001010011000000000000000000000000000000001010010000000000000000000000000000110
2440 01101000010010101100100000000000000000000000000000010100010000000000000000000000000000001
2441 00100001010100110001000000000000000000000000000000011101010000000000000000000000000000000
2442 11111010010111101000000000000000000000000000000000000101010000000000000000000000000000011
2443 10010101011000000001100000000000000000000000000000011100110000000000000000000000000000010
2444 11100010110000000000000000000000000000000000000000010110110000000000000000000000000000001
2445 01100100010011100011000000000000000000000000000000011111110000000000000000000000000000000
2446 11010000110100100101100000000000000000000000000000000111110000000000000000000000000000011
2447 11001000010110010011000000000000000000000000000000001110000000000000000000000000000000010
2448 01101000011001101100000000000000000000000000000000010100000000000000000000000000000000101
2449 10101001010000110001100000000000000000000000000000010001000000000000000000000000000000000
2450 01100010010010101001000000000000000000000000000000011001000000000000000000000000000000001
2451 00110101010101100001000000000000000000000000000000000000100000000000000000000000000000010
2452 00011010110110100000100000000000000000000000000000011000100000000000000000000000000000011
2453 11010100011000000011000000000000000000000000000000010011100000000000000000000000000000000
2454 01111000110001100100000000000000000000000000000000011011100000000000000000000000000000001
2455 10010000010010110010100000000000000000000000000000010010010000000000000000000000000000010
2456 11001000010100001101000000000000000000000000000000011010010000000000000000000000000000011
2457 00111001010111010000000000000000000000000000000000000001010000000000000000000000000000100
2458 11100010011000101001100000000000000000000000000000011001010000000000000000000000000000101
2459 11111101010000100000000000000000000000000000000000000000110000000000000000000000000000110
2460 00110010110011100000000000000000000000000000000000011000110000000000000000000000000000111
2461 11100100010100000011100000000000000000000000000000010011110000000000000000000000000000100
2462 01001000110110100100000000000000000000000000000000001011110000000000000000000000000000101
2463 10110000011001110011000000000000000000000000000000000010000000000000000000000000000000110
2464 11001000010000001101100000000000000000000000000000001010000000000000000000000000000000111
2465 01101001010010110000000000000000000000000000000000010101000000000000000000000000000000000
2466 00100010010101101001000000000000000000000000000000011101000000000000000000000000000000001
2467 11111101010110100000100000000000000000000000000000000100100000000000000000000000000000010
2468 10010010111000000001000000000000000000000000000000011100100000000000000000000000000000011
2469 11100100010001000010000000000000000000000000000000010111100000000000000000000000000000000
2470 01100000110010100101100000000000000000000000000000011111100000000000000000000000000000001
2471 11010000010100110011000000000000000000000000000000000110010000000000000000000000000000010
2472 11001000010111001101000000000000000000000000000000001110010000000000000000000000000000011
2473 01101001011000110000100000000000000000000000000000010101010000000000000000000000000000100
2474 10101010010000101001000000000000000000000000000000010001010000000000000000000000000000001
2475 01100101010011100001000000000000000000000000000000011000110000000000000000000000000000000
2476 00110010110100100001100000000000000000000000000000000000110000000000000000000000000000011
2477 00011100010110100010000000000000000000000000000000011001110000000000000000000000000000010
2478 11010000111001000101000000000000000000000000000000010011110000000000000000000000000000001
2479 01111000010000110010100000000000000000000000000000011010000000000000000000000000000000000
2480 10010000010010101100000000000000000000000000000000010010000000000000000000000000000000011
2481 11001001010101010001000000000000000000000000000000011011000000000000000000000000000000010
2482 00111010010110001000100000000000000000000000000000000001000000000000000000000000000000101
2483 11100101011000100001000000000000000000000000000000011000100000000000000000000000000000100
2484 11111010110001100000000000000000000000000000000000000000100000000000000000000000000000111
2485 00110100010010100010100000000000000000000000000000011001100000000000000000000000000000110
2486 11100000110100000101000000000000000000000000000000010011100000000000000000000000000000101
2487 01001000010111110010000000000000000000000000000000001010010000000000000000000000000000100
2488 10110000011000101101100000000000000000000000000000000010010000000000000000000000000000111
2489 11001001010000010001000000000000000000000000000000001011010000000000000000000000000000110
2490 01101010010011101000000000000000000000000000000000010101010000000000000000000000000000001
2491 00100101010100100001100000000000000000000000000000011100110000000000000000000000000000000
2492 11111010110110100000000000000000000000000000000000000100110000000000000000000000000000011
2493 10010100011001000011000000000000000000000000000000011101110000000000000000000000000000010
2494 11100000110000000100100000000000000000000000000000010111110000000000000000000000000000001
2495 01100000010010110011000000000000000000000000000000011110000000000000000000000000000000000
2496 11010000010101101101000000000000000000000000000000000110000000000000000000000000000000011
2497 11001001010110010001100000000000000000000000000000001111000000000000000000000000000000010
2498 01101010011000101000000000000000000000000000000000010101000000000000000000000000000000101
2499 10101101010001100001000000000000000000000000000000010000100000000000000000000000000000000
2500 01100010110010100001100000000000000000000000000000011000100000000000000000000000000000001
2501 00110100010100100011000000000000000000000000000000000001100000000000000000000000000000010
2502 00011000110111100100000000000000000000000000000000011001100000000000000000000000000000011
2503 11010000011000010011100000000000000000000000000000010010010000000000000000000000000000000
2504 01111000010000101100000000000000000000000000000000011010010000000000000000000000000000001
2505 10010001010011110000000000000000000000000000000000010011010000000000000000000000000000010
2506 11001010010100001001100000000000000000000000000000011011010000000000000000000000000000011
2507 00111101010110000000000000000000000000000000000000000000110000000000000000000000000000100
2508 11100010111001100001000000000000000000000000000000011000110000000000000000000000000000101
2509 11111100010000100010100000000000000000000000000000000001110000000000000000000000000000110
2510 00110000110010100100000000000000000000000000000000011001110000000000000000000000000000111
2511 11100000010101010011000000000000000000000000000000010010000000000000000000000000000000100
2512 01001000010110101100100000000000000000000000000000001010000000000000000000000000000000101
2513 10110001011000110001000000000000000000000000000000000011000000000000000000000000000000110
2514 11001010010001001001000000000000000000000000000000001011000000000000000000000000000000111
2515 01101101010010100000100000000000000000000000000000010100100000000000000000000000000000000
2516 00100010110100100001000000000000000000000000000000011100100000000000000000000000000000001
2517 11111100010111100010000000000000000000000000000000000101100000000000000000000000000000010
2518 10010000111000000101100000000000000000000000000000011101100000000000000000000000000000011
2519 11100000010000010010000000000000000000000000000000010110010000000000000000000000000000000
2520 01100000010011101101000000000000000000000000000000011110010000000000000000000000000000001
2521 11010001010100110001100000000000000000000000000000000111010000000000000000000000000000010
2522 11001010010110001001000000000000000000000000000000001111010000000000000000000000000000011
2523 01101101011001100000000000000000000000000000000000010100110000000000000000000000000000100
2524 10101010110000100001100000000000000000000000000000010000110000000000000000000000000000001
2525 01100100010010100011000000000000000000000000000000011001110000000000000000000000000000000
2526 00110000110101100101000000000000000000000000000000000001110000000000000000000000000000011
2527 00011000010110110010100000000000000000000000000000011000000000000000000000000000000000010
2528 11010000011000001101000000000000000000000000000000010010000000000000000000000000000000001
2529 01111001010001110000000000000000000000000000000000011011000000000000000000000000000000000
2530 10010010010010101000100000000000000000000000000000010011000000000000000000000000000000011
2531 11001101010100000001000000000000000000000000000000011010100000000000000000000000000000010
2532 00111010110111000000000000000000000000000000000000000000100000000000000000000000000000101
2533 11100100011000100011100000000000000000000000000000011001100000000000000000000000000000100
2534 11111000110000100100000000000000000000000000000000000001100000000000000000000000000000111
2535 00110000010011110010000000000000000000000000000000011000010000000000000000000000000000110
2536 11100000010100001101100000000000000000000000000000010010010000000000000000000000000000101
2537 01001001010110110000000000000000000000000000000000001011010000000000000000000000000000100
2538 10110010011001101001000000000000000000000000000000000011010000000000000000000000000000111
2539 11001101010000000001100000000000000000000000000000001010110000000000000000000000000000110
2540 01101010110010100000000000000000000000000000000000010100110000000000000000000000000000001
2541 00100100010101100011000000000000000000000000000000011101110000000000000000000000000000000
2542 11111000110110100100100000000000000000000000000000000101110000000000000000000000000000011
2543 10010000011000010011000000000000000000000000000000011100000000000000000000000000000000010
2544 11100000010001001100000000000000000000000000000000010110000000000000000000000000000000001
2545 01100001010010110001100000000000000000000000000000011111000000000000000000000000000000000
2546 11010010010100101001000000000000000000000000000000000111000000000000000000000000000000011
2547 11001101010111000001000000000000000000000000000000001110100000000000000000000000000000010
2548 01101010111000100000100000000000000000000000000000010100100000000000000000000000000000101
2549 10101100010000100011000000000000000000000000000000010001100000000000000000000000000000000
2550 01100000110011100101000000000000000000000000000000011001100000000000000000000000000000001
2551 00110000010100110011100000000000000000000000000000000000010000000000000000000000000000010
2552 00011000010110101100000000000000000000000000000000011000010000000000000000000000000000011
2553 11010001011001010001000000000000000000000000000000010011010000000000000000000000000000000
2554 01111010010000101000100000000000000000000000000000011011010000000000000000000000000000001
2555 10010101010010100000000000000000000000000000000000010010110000000000000000000000000000010
2556 11001010110101000001000000000000000000000000000000011010110000000000000000000000000000011
2557 00111100010110000010100000000000000000000000000000000001110000000000000000000000000000100
2558 11100000111000100101000000000000000000000000000000011001110000000000000000000000000000101
2559 11111000010001110010000000000000000000000000000000000000000000000000000000000000000000110
2560 00110000010010101100100000000000000000000000000000011000000000000000000000000000000000111
2561 11100001010100010001000000000000000000000000000000010011000000000000000000000000000000100
2562 01001010010111101000000000000000000000000000000000001011000000000000000000000000000000101
2563 10110101011000100001100000000000000000000000000000000010100000000000000000000000000000110
2564 11001010110000000001000000000000000000000000000000001010100000000000000000000000000000111
2565 01101100010011100010000000000000000000000000000000010101100000000000000000000000000000000
2566 00100000110100100101100000000000000000000000000000011101100000000000000000000000000000001
2567 11111000010110110010000000000000000000000000000000000100010000000000000000000000000000010
2568 10010000011001001101000000000000000000000000000000011100010000000000000000000000000000011
2569 11100001010000010000100000000000000000000000000000010111010000000000000000000000000000000
2570 01100010010010101001000000000000000000000000000000011111010000000000000000000000000000001
2571 11010101010101100001000000000000000000000000000000000110110000000000000000000000000000010
2572 11001010110110000001100000000000000000000000000000001110110000000000000000000000000000011
2573 01101100011000100010000000000000000000000000000000010101110000000000000000000000000000100
2574 10101000110001100101000000000000000000000000000000010001110000000000000000000000000000001
2575 01100000010010110011100000000000000000000000000000011000000000000000000000000000000000000
2576 00110000010100101101000000000000000000000000000000000000000000000000000000000000000000011
2577 00011001010111110000000000000000000000000000000000011001000000000000000000000000000000010
2578 11010010011000001001100000000000000000000000000000010011000000000000000000000000000000001
2579 01111101010000100000000000000000000000000000000000011010100000000000000000000000000000000
2580 10010010110011100000000000000000000000000000000000010010100000000000000000000000000000011
2581 11001100010100000011100000000000000000000000000000011011100000000000000000000000000000010
2582 00111000110110000100000000000000000000000000000000000001100000000000000000000000000000101
2583 11100000011001110011000000000000000000000000000000011000010000000000000000000000000000100
2584 11111000010000101100100000000000000000000000000000000000010000000000000000000000000000111
2585 00110001010010110000000000000000000000000000000000011001010000000000000000000000000000110
2586 11100010010101001001000000000000000000000000000000010011010000000000000000000000000000101
2587 01001101010110100000100000000000000000000000000000001010110000000000000000000000000000100
2588 10110010111000100001000000000000000000000000000000000010110000000000000000000000000000111
2589 11001100010001000011000000000000000000000000000000001011110000000000000000000000000000110
2590 01101000110010100100100000000000000000000000000000010101110000000000000000000000000000001
2591 00100000010100110011000000000000000000000000000000011100000000000000000000000000000000000
2592 11111000010111101100000000000000000000000000000000000100000000000000000000000000000000011
2593 10010001011000010001100000000000000000000000000000011101000000000000000000000000000000010
2594 11100010010000001000000000000000000000000000000000010111000000000000000000000000000000001
2595 01100101010011100001000000000000000000000000000000011110100000000000000000000000000000000
2596 11010010110100100001100000000000000000000000000000000110100000000000000000000000000000011
2597 11001100010110000011000000000000000000000000000000001111100000000000000000000000000000010
2598 01101000111001100100000000000000000000000000000000010101100000000000000000000000000000101
2599 10101000010000110011100000000000000000000000000000010000010000000000000000000000000000000
2600 01100000010010101101000000000000000000000000000000011000010000000000000000000000000000001
2601 00110001010101110001000000000000000000000000000000000001010000000000000000000000000000010
2602 00011010010110101000100000000000000000000000000000011001010000000000000000000000000000011
2603 11010101011000000001000000000000000000000000000000010010110000000000000000000000000000000
2604 01111010110001100000000000000000000000000000000000011010110000000000000000000000000000001
2605 10010100010010100010100000000000000000000000000000010011110000000000000000000000000000010
2606 11001000110100000101000000000000000000000000000000011011110000000000000000000000000000011
2607 00111000010111010010000000000000000000000000000000000000000000000000000000000000000000100
2608 11100000011000101101100000000000000000000000000000011000000000000000000000000000000000101
2609 11111001010000110000000000000000000000000000000000000001000000000000000000000000000000110
2610 00110010010011101000000000000000000000000000000000011001000000000000000000000000000000111
2611 11100101010100000001100000000000000000000000000000010010100000000000000000000000000000100
2612 01001010110110100000000000000000000000000000000000001010100000000000000000000000000000101
2613 10110100011001100011000000000000000000000000000000000011100000000000000000000000000000110
2614 11001000110000000101100000000000000000000000000000001011100000000000000000000000000000111
2615 01101000010010110010000000000000000000000000000000010100010000000000000000000000000000000
2616 00100000010101101101000000000000000000000000000000011100010000000000000000000000000000001
2617 11111001010110110000100000000000000000000000000000000101010000000000000000000000000000010
2618 10010010011000001001000000000000000000000000000000011101010000000000000000000000000000011
2619 11100101010001000000000000000000000000000000000000010110110000000000000000000000000000000
2620 01100010110010100001100000000000000000000000000000011110110000000000000000000000000000001
2621 11010100010100100011000000000000000000000000000000000111110000000000000000000000000000010
2622 11001000110111000101000000000000000000000000000000001111110000000000000000000000000000011
2623 01101000011000110010100000000000000000000000000000010100000000000000000000000000000000100
2624 10101000010000101101000000000000000000000000000000010000000000000000000000000000000000001
2625 01100001010011110001000000000000000000000000000000011001000000000000000000000000000000000
2626 00110010010100101001100000000000000000000000000000000001000000000000000000000000000000011
2627 00011101010110100000000000000000000000000000000000011000100000000000000000000000000000010
2628 11010010111001000001000000000000000000000000000000010010100000000000000000000000000000001
2629 01111100010000100010100000000000000000000000000000011011100000000000000000000000000000000
2630 10010000110010100100000000000000000000000000000000010011100000000000000000000000000000011
2631 11001000010101010011000000000000000000000000000000011010010000000000000000000000000000010
2632 00111000010110001100100000000000000000000000000000000000010000000000000000000000000000101
2633 11100001011000110001000000000000000000000000000000011001010000000000000000000000000000100
2634 11111010010001101000000000000000000000000000000000000001010000000000000000000000000000111
2635 00110101010010100000100000000000000000000000000000011000110000000000000000000000000000110
2636 11100010110100000001000000000000000000000000000000010010110000000000000000000000000000101
2637 01001100010111100010000000000000000000000000000000001011110000000000000000000000000000100
2638 10110000111000100101100000000000000000000000000000000011110000000000000000000000000000111
2639 11001000010000010011000000000000000000000000000000001010000000000000000000000000000000110
2640 01101000010011101100000000000000000000000000000000010100000000000000000000000000000000001
2641 00100001010100110001100000000000000000000000000000011101000000000000000000000000000000000
2642 11111010010110101000000000000000000000000000000000000101000000000000000000000000000000011
2643 10010101011001000001000000000000000000000000000000011100100000000000000000000000000000010
2644 11100010110000000000100000000000000000000000000000010110100000000000000000000000000000001
2645 01100100010010100011000000000000000000000000000000011111100000000000000000000000000000000
2646 11010000110101100101000000000000000000000000000000000111100000000000000000000000000000011
2647 11001000010110010011100000000000000000000000000000001110010000000000000000000000000000010
2648 01101000011000101100000000000000000000000000000000010100010000000000000000000000000000101
2649 10101001010001110001000000000000000000000000000000010001010000000000000000000000000000000
2650 01100010010010101001100000000000000000000000000000011001010000000000000000000000000000001
2651 00110101010100100001000000000000000000000000000000000000110000000000000000000000000000010
2652 00011010110111100000000000000000000000000000000000011000110000000000000000000000000000011
2653 11010100011000000011100000000000000000000000000000010011110000000000000000000000000000000
2654 01111000110000100100000000000000000000000000000000011011110000000000000000000000000000001
2655 10010000010011110010000000000000000000000000000000010010000000000000000000000000000000010
2656 11001000010100001101100000000000000000000000000000011010000000000000000000000000000000011
2657 00111001010110010000000000000000000000000000000000000001000000000000000000000000000000100
2658 11100010011001101001000000000000000000000000000000011001000000000000000000000000000000101
2659 11111101010000100000100000000000000000000000000000000000100000000000000000000000000000110
2660 00110010110010100000000000000000000000000000000000011000100000000000000000000000000000111
2661 11100100010101000011000000000000000000000000000000010011100000000000000000000000000000100
2662 01001000110110100100100000000000000000000000000000001011100000000000000000000000000000101
2663 10110000011000110011000000000000000000000000000000000010010000000000000000000000000000110
2664 11001000010001001101000000000000000000000000000000001010010000000000000000000000000000111
2665 01101001010010110000100000000000000000000000000000010101010000000000000000000000000000000
2666 00100010010100101001000000000000000000000000000000011101010000000000000000000000000000001
2667 11111101010111100000000000000000000000000000000000000100110000000000000000000000000000010
2668 10010010111000000001100000000000000000000000000000011100110000000000000000000000000000011
2669 11100100010000000010000000000000000000000000000000010111110000000000000000000000000000000
2670 01100000110011100101000000000000000000000000000000011111110000000000000000000000000000001
2671 11010000010100110011100000000000000000000000000000000110000000000000000000000000000000010
2672 11001000010110001101000000000000000000000000000000001110000000000000000000000000000000011
2673 01101001011001110000000000000000000000000000000000010101000000000000000000000000000000100
2674 10101010010000101001100000000000000000000000000000010001000000000000000000000000000000001
2675 01100101010010100001000000000000000000000000000000011000100000000000000000000000000000000
2676 00110010110101100001000000000000000000000000000000000000100000000000000000000000000000011
2677 00011100010110100010100000000000000000000000000000011001100000000000000000000000000000010
2678 11010000111000000101000000000000000000000000000000010011100000000000000000000000000000001
2679 01111000010001110010000000000000000000000000000000011010010000000000000000000000000000000
2680 10010000010010101100100000000000000000000000000000010010010000000000000000000000000000011
2681 11001001010100010001000000000000000000000000000000011011010000000000000000000000000000010
2682 00111010010111001000000000000000000000000000000000000001010000000000000000000000000000101
2683 11100101011000100001100000000000000000000000000000011000110000000000000000000000000000100
2684 11111010110000100000000000000000000000000000000000000000110000000000000000000000000000111
2685 00110100010011100010000000000000000000000000000000011001110000000000000000000000000000110
2686 11100000110100000101100000000000000000000000000000010011110000000000000000000000000000101
2687 01001000010110110010000000000000000000000000000000001010000000000000000000000000000000100
2688 10110000011001101101000000000000000000000000000000000010000000000000000000000000000000111
2689 11001001010000010001100000000000000000000000000000001011000000000000000000000000000000110
2690 01101010010010101000000000000000000000000000000000010101000000000000000000000000000000001
2691 00100101010101100001000000000000000000000000000000011100100000000000000000000000000000000
2692 11111010110110100000100000000000000000000000000000000100100000000000000000000000000000011
2693 10010100011000000011000000000000000000000000000000011101100000000000000000000000000000010
2694 11100000110001000100000000000000000000000000000000010111100000000000000000000000000000001
2695 01100000010010110011100000000000000000000000000000011110010000000000000000000000000000000
2696 11010000010100101101000000000000000000000000000000000110010000000000000000000000000000011
2697 11001001010111010001000000000000000000000000000000001111010000000000000000000000000000010
2698 01101010011000101000100000000000000000000000000000010101010000000000000000000000000000101
2699 10101101010000100001000000000000000000000000000000010000110000000000000000000000000000000
2700 01100010110011100001000000000000000000000000000000011000110000000000000000000000000000001
2701 00110100010100100011100000000000000000000000000000000001110000000000000000000000000000010
2702 00011000110110100100000000000000000000000000000000011001110000000000000000000000000000011
2703 11010000011001010011000000000000000000000000000000010010000000000000000000000000000000000
2704 01111000010000101100100000000000000000000000000000011010000000000000000000000000000000001
2705 10010001010010110000000000000000000000000000000000010011000000000000000000000000000000010
2706 11001010010101001001000000000000000000000000000000011011000000000000000000000000000000011
2707 00111101010110000000100000000000000000000000000000000000100000000000000000000000000000100
2708 11100010111000100001000000000000000000000000000000011000100000000000000000000000000000101
2709 11111100010001100010000000000000000000000000000000000001100000000000000000000000000000110
2710 00110000110010100100100000000000000000000000000000011001100000000000000000000000000000111
2711 11100000010100010011000000000000000000000000000000010010010000000000000000000000000000100
2712 01001000010111101100000000000000000000000000000000001010010000000000000000000000000000101
2713 10110001011000110001100000000000000000000000000000000011010000000000000000000000000000110
2714 11001010010000001001000000000000000000000000000000001011010000000000000000000000000000111
2715 01101101010011100000000000000000000000000000000000010100110000000000000000000000000000000
2716 00100010110100100001100000000000000000000000000000011100110000000000000000000000000000001
2717 11111100010110100010000000000000000000000000000000000101110000000000000000000000000000010
2718 10010000111001000101000000000000000000000000000000011101110000000000000000000000000000011
2719 11100000010000010010100000000000000000000000000000010110000000000000000000000000000000000
2720 01100000010010101101000000000000000000000000000000011110000000000000000000000000000000001
2721 11010001010101110001000000000000000000000000000000000111000000000000000000000000000000010
2722 11001010010110001001100000000000000000000000000000001111000000000000000000000000000000011
2723 01101101011000100000000000000000000000000000000000010100100000000000000000000000000000100
2724 10101010110001100001000000000000000000000000000000010000100000000000000000000000000000001
2725 01100100010010100011100000000000000000000000000000011001100000000000000000000000000000000
2726 00110000110100100101000000000000000000000000000000000001100000000000000000000000000000011
2727 00011000010111110010000000000000000000000000000000011000010000000000000000000000000000010
2728 11010000011000001101100000000000000000000000000000010010010000000000000000000000000000001
2729 01111001010000110000000000000000000000000000000000011011010000000000000000000000000000000
2730 10010010010011101000000000000000000000000000000000010011010000000000000000000000000000011
2731 11001101010100000001100000000000000000000000000000011010110000000000000000000000000000010
2732 00111010110110000000000000000000000000000000000000000000110000000000000000000000000000101
2733 11100100011001100011000000000000000000000000000000011001110000000000000000000000000000100
2734 11111000110000100100100000000000000000000000000000000001110000000000000000000000000000111
2735 00110000010010110010000000000000000000000000000000011000000000000000000000000000000000110
2736 11100000010101001101000000000000000000000000000000010010000000000000000000000000000000101
2737 01001001010110110000100000000000000000000000000000001011000000000000000000000000000000100
2738 10110010011000101001000000000000000000000000000000000011000000000000000000000000000000111
2739 11001101010001000001000000000000000000000000000000001010100000000000000000000000000000110
2740 01101010110010100000100000000000000000000000000000010100100000000000000000000000000000001
2741 00100100010100100011000000000000000000000000000000011101100000000000000000000000000000000
2742 11111000110111100100000000000000000000000000000000000101100000000000000000000000000000011
2743 10010000011000010011100000000000000000000000000000011100010000000000000000000000000000010
2744 11100000010000001100000000000000000000000000000000010110010000000000000000000000000000001
2745 01100001010011110001000000000000000000000000000000011111010000000000000000000000000000000
2746 11010010010100101001100000000000000000000000000000000111010000000000000000000000000000011
2747 11001101010110000001000000000000000000000000000000001110110000000000000000000000000000010
2748 01101010111001100000000000000000000000000000000000010100110000000000000000000000000000101
2749 10101100010000100011100000000000000000000000000000010001110000000000000000000000000000000
2750 01100000110010100101000000000000000000000000000000011001110000000000000000000000000000001
2751 00110000010101110011000000000000000000000000000000000000000000000000000000000000000000010
2752 00011000010110101100100000000000000000000000000000011000000000000000000000000000000000011
2753 11010001011000010001000000000000000000000000000000010011000000000000000000000000000000000
2754 01111010010001101000000000000000000000000000000000011011000000000000000000000000000000001
2755 10010101010010100000100000000000000000000000000000010010100000000000000000000000000000010
2756 11001010110100000001000000000000000000000000000000011010100000000000000000000000000000011
2757 00111100010111000010000000000000000000000000000000000001100000000000000000000000000000100
2758 11100000111000100101100000000000000000000000000000011001100000000000000000000000000000101
2759 11111000010000110010000000000000000000000000000000000000010000000000000000000000000000110
2760 00110000010011101100000000000000000000000000000000011000010000000000000000000000000000111
2761 11100001010100010001100000000000000000000000000000010011010000000000000000000000000000100
2762 01001010010110101000000000000000000000000000000000001011010000000000000000000000000000101
2763 10110101011001100001000000000000000000000000000000000010110000000000000000000000000000110
2764 11001010110000000001100000000000000000000000000000001010110000000000000000000000000000111
2765 01101100010010100010000000000000000000000000000000010101110000000000000000000000000000000
2766 00100000110101100101000000000000000000000000000000011101110000000000000000000000000000001
2767 11111000010110110010100000000000000000000000000000000100000000000000000000000000000000010
2768 10010000011000001101000000000000000000000000000000011100000000000000000000000000000000011
2769 11100001010001010000000000000000000000000000000000010111000000000000000000000000000000000
2770 01100010010010101001100000000000000000000000000000011111000000000000000000000000000000001
2771 11010101010100100001000000000000000000000000000000000110100000000000000000000000000000010
2772 11001010110111000001000000000000000000000000000000001110100000000000000000000000000000011
2773 01101100011000100010100000000000000000000000000000010101100000000000000000000000000000100
2774 10101000110000100101000000000000000000000000000000010001100000000000000000000000000000001
2775 01100000010011110011000000000000000000000000000000011000010000000000000000000000000000000
2776 00110000010100101101100000000000000000000000000000000000010000000000000000000000000000011
2777 00011001010110110000000000000000000000000000000000011001010000000000000000000000000000010
2778 11010010011001001001000000000000000000000000000000010011010000000000000000000000000000001
2779 01111101010000100000100000000000000000000000000000011010110000000000000000000000000000000
2780 10010010110010100000000000000000000000000000000000010010110000000000000000000000000000011
2781 11001100010101000011000000000000000000000000000000011011110000000000000000000000000000010
2782 00111000110110000100100000000000000000000000000000000001110000000000000000000000000000101
2783 11100000011000110011000000000000000000000000000000011000000000000000000000000000000000100
2784 11111000010001101100000000000000000000000000000000000000000000000000000000000000000000111
2785 00110001010010110000100000000000000000000000000000011001000000000000000000000000000000110
2786 11100010010100001001000000000000000000000000000000010011000000000000000000000000000000101
2787 01001101010111100000000000000000000000000000000000001010100000000000000000000000000000100
2788 10110010111000100001100000000000000000000000000000000010100000000000000000000000000000111
2789 11001100010000000011000000000000000000000000000000001011100000000000000000000000000000110
2790 01101000110011100100000000000000000000000000000000010101100000000000000000000000000000001
2791 00100000010100110011100000000000000000000000000000011100010000000000000000000000000000000
2792 11111000010110101100000000000000000000000000000000000100010000000000000000000000000000011
2793 10010001011001010001000000000000000000000000000000011101010000000000000000000000000000010
2794 11100010010000001000100000000000000000000000000000010111010000000000000000000000000000001
2795 01100101010010100001000000000000000000000000000000011110110000000000000000000000000000000
2796 11010010110101100001000000000000000000000000000000000110110000000000000000000000000000011
2797 11001100010110000011100000000000000000000000000000001111110000000000000000000000000000010
2798 01101000111000100100000000000000000000000000000000010101110000000000000000000000000000101
2799 10101000010001110011000000000000000000000000000000010000000000000000000000000000000000000
2800 01100000010010101101100000000000000000000000000000011000000000000000000000000000000000001
2801 00110001010100110001000000000000000000000000000000000001000000000000000000000000000000010
2802 00011010010111101000000000000000000000000000000000011001000000000000000000000000000000011
2803 11010101011000000001100000000000000000000000000000010010100000000000000000000000000000000
2804 01111010110000100000000000000000000000000000000000011010100000000000000000000000000000001
2805 10010100010011100010000000000000000000000000000000010011100000000000000000000000000000010
2806 11001000110100000101100000000000000000000000000000011011100000000000000000000000000000011
2807 00111000010110010010000000000000000000000000000000000000010000000000000000000000000000100
2808 11100000011001101101000000000000000000000000000000011000010000000000000000000000000000101
2809 11111001010000110000100000000000000000000000000000000001010000000000000000000000000000110
2810 00110010010010101000000000000000000000000000000000011001010000000000000000000000000000111
2811 11100101010101000001000000000000000000000000000000010010110000000000000000000000000000100
2812 01001010110110100000100000000000000000000000000000001010110000000000000000000000000000101
2813 10110100011000100011000000000000000000000000000000000011110000000000000000000000000000110
2814 11001000110001000101000000000000000000000000000000001011110000000000000000000000000000111
2815 01101000010010110010100000000000000000000000000000010100000000000000000000000000000000000
2816 00100000010100101101000000000000000000000000000000011100000000000000000000000000000000001
2817 11111001010111110000000000000000000000000000000000000101000000000000000000000000000000010
2818 10010010011000001001100000000000000000000000000000011101000000000000000000000000000000011
2819 11100101010000000000000000000000000000000000000000010110100000000000000000000000000000000
2820 01100010110011100001000000000000000000000000000000011110100000000000000000000000000000001
2821 11010100010100100011100000000000000000000000000000000111100000000000000000000000000000010
2822 11001000110110000101000000000000000000000000000000001111100000000000000000000000000000011
2823 01101000011001110010000000000000000000000000000000010100010000000000000000000000000000100
2824 10101000010000101101100000000000000000000000000000010000010000000000000000000000000000001
2825 01100001010010110001000000000000000000000000000000011001010000000000000000000000000000000
2826 00110010010101101001000000000000000000000000000000000001010000000000000000000000000000011
2827 00011101010110100000100000000000000000000000000000011000110000000000000000000000000000010
2828 11010010111000000001000000000000000000000000000000010010110000000000000000000000000000001
2829 01111100010001100010000000000000000000000000000000011011110000000000000000000000000000000
2830 10010000110010100100100000000000000000000000000000010011110000000000000000000000000000011
2831 11001000010100010011000000000000000000000000000000011010000000000000000000000000000000010
2832 00111000010111001100000000000000000000000000000000000000000000000000000000000000000000101
2833 11100001011000110001100000000000000000000000000000011001000000000000000000000000000000100
2834 11111010010000101000000000000000000000000000000000000001000000000000000000000000000000111
2835 00110101010011100000000000000000000000000000000000011000100000000000000000000000000000110
2836 11100010110100000001100000000000000000000000000000010010100000000000000000000000000000101
2837 01001100010110100010000000000000000000000000000000001011100000000000000000000000000000100
2838 10110000111001100101000000000000000000000000000000000011100000000000000000000000000000111
2839 11001000010000010011100000000000000000000000000000001010010000000000000000000000000000110
2840 01101000010010101100000000000000000000000000000000010100010000000000000000000000000000001
2841 00100001010101110001000000000000000000000000000000011101010000000000000000000000000000000
2842 11111010010110101000100000000000000000000000000000000101010000000000000000000000000000011
2843 10010101011000000001000000000000000000000000000000011100110000000000000000000000000000010
2844 11100010110001000000000000000000000000000000000000010110110000000000000000000000000000001
2845 01100100010010100011100000000000000000000000000000011111110000000000000000000000000000000
2846 11010000110100100101000000000000000000000000000000000111110000000000000000000000000000011
2847 11001000010111010011000000000000000000000000000000001110000000000000000000000000000000010
2848 01101000011000101100100000000000000000000000000000010100000000000000000000000000000000101
2849 10101001010000110001000000000000000000000000000000010001000000000000000000000000000000000
2850 01100010010011101001000000000000000000000000000000011001000000000000000000000000000000001
2851 00110101010100100001100000000000000000000000000000000000100000000000000000000000000000010
2852 00011010110110100000000000000000000000000000000000011000100000000000000000000000000000011
2853 11010100011001000011000000000000000000000000000000010011100000000000000000000000000000000
2854 01111000110000100100100000000000000000000000000000011011100000000000000000000000000000001
2855 10010000010010110010000000000000000000000000000000010010010000000000000000000000000000010
2856 11001000010101001101000000000000000000000000000000011010010000000000000000000000000000011
2857 00111001010110010000100000000000000000000000000000000001010000000000000000000000000000100
2858 11100010011000101001000000000000000000000000000000011001010000000000000000000000000000101
2859 11111101010001100000000000000000000000000000000000000000110000000000000000000000000000110
2860 00110010110010100000100000000000000000000000000000011000110000000000000000000000000000111
2861 11100100010100000011000000000000000000000000000000010011110000000000000000000000000000100
2862 01001000110111100100000000000000000000000000000000001011110000000000000000000000000000101
2863 10110000011000110011100000000000000000000000000000000010000000000000000000000000000000110
2864 11001000010000001101000000000000000000000000000000001010000000000000000000000000000000111
2865 01101001010011110000000000000000000000000000000000010101000000000000000000000000000000000
2866 00100010010100101001100000000000000000000000000000011101000000000000000000000000000000001
2867 11111101010110100000000000000000000000000000000000000100100000000000000000000000000000010
2868 10010010111001000001000000000000000000000000000000011100100000000000000000000000000000011
2869 11100100010000000010100000000000000000000000000000010111100000000000000000000000000000000
2870 01100000110010100101000000000000000000000000000000011111100000000000000000000000000000001
2871 11010000010101110011000000000000000000000000000000000110010000000000000000000000000000010
2872 11001000010110001101100000000000000000000000000000001110010000000000000000000000000000011
2873 01101001011000110000000000000000000000000000000000010101010000000000000000000000000000100
2874 10101010010001101001000000000000000000000000000000010001010000000000000000000000000000001
2875 01100101010010100001100000000000000000000000000000011000110000000000000000000000000000000
2876 00110010110100100001000000000000000000000000000000000000110000000000000000000000000000011
2877 00011100010111100010000000000000000000000000000000011001110000000000000000000000000000010
2878 11010000111000000101100000000000000000000000000000010011110000000000000000000000000000001
2879 01111000010000110010000000000000000000000000000000011010000000000000000000000000000000000
2880 10010000010011101100000000000000000000000000000000010010000000000000000000000000000000011
2881 11001001010100010001100000000000000000000000000000011011000000000000000000000000000000010
2882 00111010010110001000000000000000000000000000000000000001000000000000000000000000000000101
2883 11100101011001100001000000000000000000000000000000011000100000000000000000000000000000100
2884 11111010110000100000100000000000000000000000000000000000100000000000000000000000000000111
2885 00110100010010100010000000000000000000000000000000011001100000000000000000000000000000110
2886 11100000110101000101000000000000000000000000000000010011100000000000000000000000000000101
2887 01001000010110110010100000000000000000000000000000001010010000000000000000000000000000100
2888 10110000011000101101000000000000000000000000000000000010010000000000000000000000000000111
2889 11001001010001010001000000000000000000000000000000001011010000000000000000000000000000110
2890 01101010010010101000100000000000000000000000000000010101010000000000000000000000000000001
2891 00100101010100100001000000000000000000000000000000011100110000000000000000000000000000000
2892 11111010110111100000000000000000000000000000000000000100110000000000000000000000000000011
2893 10010100011000000011100000000000000000000000000000011101110000000000000000000000000000010
2894 11100000110000000100000000000000000000000000000000010111110000000000000000000000000000001
2895 01100000010011110011000000000000000000000000000000011110000000000000000000000000000000000
2896 11010000010100101101100000000000000000000000000000000110000000000000000000000000000000011
2897 11001001010110010001000000000000000000000000000000001111000000000000000000000000000000010
2898 01101010011001101000000000000000000000000000000000010101000000000000000000000000000000101
2899 10101101010000100001100000000000000000000000000000010000100000000000000000000000000000000
2900 01100010110010100001000000000000000000000000000000011000100000000000000000000000000000001
2901 00110100010101100011000000000000000000000000000000000001100000000000000000000000000000010
2902 00011000110110100100100000000000000000000000000000011001100000000000000000000000000000011
2903 11010000011000010011000000000000000000000000000000010010010000000000000000000000000000000
2904 01111000010001101100000000000000000000000000000000011010010000000000000000000000000000001
2905 10010001010010110000100000000000000000000000000000010011010000000000000000000000000000010
2906 11001010010100001001000000000000000000000000000000011011010000000000000000000000000000011
2907 00111101010111000000000000000000000000000000000000000000110000000000000000000000000000100
2908 11100010111000100001100000000000000000000000000000011000110000000000000000000000000000101
2909 11111100010000100010000000000000000000000000000000000001110000000000000000000000000000110
2910 00110000110011100100000000000000000000000000000000011001110000000000000000000000000000111
2911 11100000010100010011100000000000000000000000000000010010000000000000000000000000000000100
2912 01001000010110101100000000000000000000000000000000001010000000000000000000000000000000101
2913 10110001011001110001000000000000000000000000000000000011000000000000000000000000000000110
2914 11001010010000001001100000000000000000000000000000001011000000000000000000000000000000111
2915 01101101010010100000000000000000000000000000000000010100100000000000000000000000000000000
2916 00100010110101100001000000000000000000000000000000011100100000000000000000000000000000001
2917 11111100010110100010100000000000000000000000000000000101100000000000000000000000000000010
2918 10010000111000000101000000000000000000000000000000011101100000000000000000000000000000011
2919 11100000010001010010000000000000000000000000000000010110010000000000000000000000000000000
2920 01100000010010101101100000000000000000000000000000011110010000000000000000000000000000001
2921 11010001010100110001000000000000000000000000000000000111010000000000000000000000000000010
2922 11001010010111001001000000000000000000000000000000001111010000000000000000000000000000011
2923 01101101011000100000100000000000000000000000000000010100110000000000000000000000000000100
2924 10101010110000100001000000000000000000000000000000010000110000000000000000000000000000001
2925 01100100010011100011000000000000000000000000000000011001110000000000000000000000000000000
2926 00110000110100100101100000000000000000000000000000000001110000000000000000000000000000011
2927 00011000010110110010000000000000000000000000000000011000000000000000000000000000000000010
2928 11010000011001001101000000000000000000000000000000010010000000000000000000000000000000001
2929 01111001010000110000100000000000000000000000000000011011000000000000000000000000000000000
2930 10010010010010101000000000000000000000000000000000010011000000000000000000000000000000011
2931 11001101010101000001000000000000000000000000000000011010100000000000000000000000000000010
2932 00111010110110000000100000000000000000000000000000000000100000000000000000000000000000101
2933 11100100011000100011000000000000000000000000000000011001100000000000000000000000000000100
2934 11111000110001100100000000000000000000000000000000000001100000000000000000000000000000111
2935 00110000010010110010100000000000000000000000000000011000010000000000000000000000000000110
2936 11100000010100001101000000000000000000000000000000010010010000000000000000000000000000101
2937 01001001010111110000000000000000000000000000000000001011010000000000000000000000000000100
2938 10110010011000101001100000000000000000000000000000000011010000000000000000000000000000111
2939 11001101010000000001000000000000000000000000000000001010110000000000000000000000000000110
2940 01101010110011100000000000000000000000000000000000010100110000000000000000000000000000001
2941 00100100010100100011100000000000000000000000000000011101110000000000000000000000000000000
2942 11111000110110100100000000000000000000000000000000000101110000000000000000000000000000011
2943 10010000011001010011000000000000000000000000000000011100000000000000000000000000000000010
2944 11100000010000001100100000000000000000000000000000010110000000000000000000000000000000001
2945 01100001010010110001000000000000000000000000000000011111000000000000000000000000000000000
2946 11010010010101101001000000000000000000000000000000000111000000000000000000000000000000011
2947 11001101010110000001100000000000000000000000000000001110100000000000000000000000000000010
2948 01101010111000100000000000000000000000000000000000010100100000000000000000000000000000101
2949 10101100010001100011000000000000000000000000000000010001100000000000000000000000000000000
2950 01100000110010100101100000000000000000000000000000011001100000000000000000000000000000001
2951 00110000010100110011000000000000000000000000000000000000010000000000000000000000000000010
2952 00011000010111101100000000000000000000000000000000011000010000000000000000000000000000011
2953 11010001011000010001100000000000000000000000000000010011010000000000000000000000000000000
2954 01111010010000101000000000000000000000000000000000011011010000000000000000000000000000001
2955 10010101010011100000000000000000000000000000000000010010110000000000000000000000000000010
2956 11001010110100000001100000000000000000000000000000011010110000000000000000000000000000011
2957 00111100010110000010000000000000000000000000000000000001110000000000000000000000000000100
2958 11100000111001100101000000000000000000000000000000011001110000000000000000000000000000101
2959 11111000010000110010100000000000000000000000000000000000000000000000000000000000000000110
2960 00110000010010101100000000000000000000000000000000011000000000000000000000000000000000111
2961 11100001010101010001000000000000000000000000000000010011000000000000000000000000000000100
2962 01001010010110101000100000000000000000000000000000001011000000000000000000000000000000101
2963 10110101011000100001000000000000000000000000000000000010100000000000000000000000000000110
2964 11001010110001000001000000000000000000000000000000001010100000000000000000000000000000111
2965 01101100010010100010100000000000000000000000000000010101100000000000000000000000000000000
2966 00100000110100100101000000000000000000000000000000011101100000000000000000000000000000001
2967 11111000010111110010000000000000000000000000000000000100010000000000000000000000000000010
2968 10010000011000001101100000000000000000000000000000011100010000000000000000000000000000011
2969 11100001010000010000000000000000000000000000000000010111010000000000000000000000000000000
2970 01100010010011101001000000000000000000000000000000011111010000000000000000000000000000001
2971 11010101010100100001100000000000000000000000000000000110110000000000000000000000000000010
2972 11001010110110000001000000000000000000000000000000001110110000000000000000000000000000011
2973 01101100011001100010000000000000000000000000000000010101110000000000000000000000000000100
2974 10101000110000100101100000000000000000000000000000010001110000000000000000000000000000001
2975 01100000010010110011000000000000000000000000000000011000000000000000000000000000000000000
2976 00110000010101101101000000000000000000000000000000000000000000000000000000000000000000011
2977 00011001010110110000100000000000000000000000000000011001000000000000000000000000000000010
2978 11010010011000001001000000000000000000000000000000010011000000000000000000000000000000001
2979 01111101010001100000000000000000000000000000000000011010100000000000000000000000000000000
2980 10010010110010100000100000000000000000000000000000010010100000000000000000000000000000011
2981 11001100010100000011000000000000000000000000000000011011100000000000000000000000000000010
2982 00111000110111000100000000000000000000000000000000000001100000000000000000000000000000101
2983 11100000011000110011100000000000000000000000000000011000010000000000000000000000000000100
2984 11111000010000101100000000000000000000000000000000000000010000000000000000000000000000111
2985 00110001010011110000000000000000000000000000000000011001010000000000000000000000000000110
2986 11100010010100001001100000000000000000000000000000010011010000000000000000000000000000101
2987 01001101010110100000000000000000000000000000000000001010110000000000000000000000000000100
2988 10110010111001100001000000000000000000000000000000000010110000000000000000000000000000111
2989 11001100010000000011100000000000000000000000000000001011110000000000000000000000000000110
2990 01101000110010100100000000000000000000000000000000010101110000000000000000000000000000001
2991 00100000010101110011000000000000000000000000000000011100000000000000000000000000000000000
2992 11111000010110101100100000000000000000000000000000000100000000000000000000000000000000011
2993 10010001011000010001000000000000000000000000000000011101000000000000000000000000000000010
2994 11100010010001001000000000000000000000000000000000010111000000000000000000000000000000001
2995 01100101010010100001100000000000000000000000000000011110100000000000000000000000000000000
2996 11010010110100100001000000000000000000000000000000000110100000000000000000000000000000011
2997 11001100010111000011000000000000000000000000000000001111100000000000000000000000000000010
2998 01101000111000100100100000000000000000000000000000010101100000000000000000000000000000101
2999 10101000010000110011000000000000000000000000000000010000010000000000000000000000000000000
3000 01100000010011101101000000000000000000000000000000011000010000000000000000000000000000001
3001 00110001010100110001100000000000000000000000000000000001010000000000000000000000000000010
3002 00011010010110101000000000000000000000000000000000011001010000000000000000000000000000011
3003 11010101011001000001000000000000000000000000000000010010110000000000000000000000000000000
3004 01111010110000100000100000000000000000000000000000011010110000000000000000000000000000001
3005 10010100010010100010000000000000000000000000000000010011110000000000000000000000000000010
3006 11001000110101000101000000000000000000000000000000011011110000000000000000000000000000011
3007 00111000010110010010100000000000000000000000000000000000000000000000000000000000000000100
3008 11100000011000101101000000000000000000000000000000011000000000000000000000000000000000101
3009 11111001010001110000000000000000000000000000000000000001000000000000000000000000000000110
3010 00110010010010101000100000000000000000000000000000011001000000000000000000000000000000111
3011 11100101010100000001000000000000000000000000000000010010100000000000000000000000000000100
3012 01001010110111100000000000000000000000000000000000001010100000000000000000000000000000101
3013 10110100011000100011100000000000000000000000000000000011100000000000000000000000000000110
3014 11001000110000000101000000000000000000000000000000001011100000000000000000000000000000111
3015 01101000010011110010000000000000000000000000000000010100010000000000000000000000000000000
3016 00100000010100101101100000000000000000000000000000011100010000000000000000000000000000001
3017 11111001010110110000000000000000000000000000000000000101010000000000000000000000000000010
3018 10010010011001001001000000000000000000000000000000011101010000000000000000000000000000011
3019 11100101010000000000100000000000000000000000000000010110110000000000000000000000000000000
3020 01100010110010100001000000000000000000000000000000011110110000000000000000000000000000001
3021 11010100010101100011000000000000000000000000000000000111110000000000000000000000000000010
3022 11001000110110000101100000000000000000000000000000001111110000000000000000000000000000011
3023 01101000011000110010000000000000000000000000000000010100000000000000000000000000000000100
3024 10101000010001101101000000000000000000000000000000010000000000000000000000000000000000001
3025 01100001010010110001100000000000000000000000000000011001000000000000000000000000000000000
3026 00110010010100101001000000000000000000000000000000000001000000000000000000000000000000011
3027 00011101010111100000000000000000000000000000000000011000100000000000000000000000000000010
3028 11010010111000000001100000000000000000000000000000010010100000000000000000000000000000001
3029 01111100010000100010000000000000000000000000000000011011100000000000000000000000000000000
3030 10010000110011100100000000000000000000000000000000010011100000000000000000000000000000011
3031 11001000010100010011100000000000000000000000000000011010010000000000000000000000000000010
3032 00111000010110001100000000000000000000000000000000000000010000000000000000000000000000101
3033 11100001011001110001000000000000000000000000000000011001010000000000000000000000000000100
3034 11111010010000101000100000000000000000000000000000000001010000000000000000000000000000111
3035 00110101010010100000000000000000000000000000000000011000110000000000000000000000000000110
3036 11100010110101000001000000000000000000000000000000010010110000000000000000000000000000101
3037 01001100010110100010100000000000000000000000000000001011110000000000000000000000000000100
3038 10110000111000100101000000000000000000000000000000000011110000000000000000000000000000111
3039 11001000010001010011000000000000000000000000000000001010000000000000000000000000000000110
3040 01101000010010101100100000000000000000000000000000010100000000000000000000000000000000001
3041 00100001010100110001000000000000000000000000000000011101000000000000000000000000000000000
3042 11111010010111101000000000000000000000000000000000000101000000000000000000000000000000011
3043 10010101011000000001100000000000000000000000000000011100100000000000000000000000000000010
3044 11100010110000000000000000000000000000000000000000010110100000000000000000000000000000001
3045 01100100010011100011000000000000000000000000000000011111100000000000000000000000000000000
3046 11010000110100100101100000000000000000000000000000000111100000000000000000000000000000011
3047 11001000010110010011000000000000000000000000000000001110010000000000000000000000000000010
3048 01101000011001101100000000000000000000000000000000010100010000000000000000000000000000101
3049 10101001010000110001100000000000000000000000000000010001010000000000000000000000000000000
3050 01100010010010101001000000000000000000000000000000011001010000000000000000000000000000001
3051 00110101010101100001000000000000000000000000000000000000110000000000000000000000000000010
3052 00011010110110100000100000000000000000000000000000011000110000000000000000000000000000011
3053 11010100011000000011000000000000000000000000000000010011110000000000000000000000000000000
3054 01111000110001100100000000000000000000000000000000011011110000000000000000000000000000001
3055 10010000010010110010100000000000000000000000000000010010000000000000000000000000000000010
3056 11001000010100001101000000000000000000000000000000011010000000000000000000000000000000011
3057 00111001010111010000000000000000000000000000000000000001000000000000000000000000000000100
3058 11100010011000101001100000000000000000000000000000011001000000000000000000000000000000101
3059 11111101010000100000000000000000000000000000000000000000100000000000000000000000000000110
3060 00110010110011100000000000000000000000000000000000011000100000000000000000000000000000111
3061 11100100010100000011100000000000000000000000000000010011100000000000000000000000000000100
3062 01001000110110100100000000000000000000000000000000001011100000000000000000000000000000101
3063 10110000011001110011000000000000000000000000000000000010010000000000000000000000000000110
3064 11001000010000001101100000000000000000000000000000001010010000000000000000000000000000111
3065 01101001010010110000000000000000000000000000000000010101010000000000000000000000000000000
3066 00100010010101101001000000000000000000000000000000011101010000000000000000000000000000001
3067 11111101010110100000100000000000000000000000000000000100110000000000000000000000000000010
3068 10010010111000000001000000000000000000000000000000011100110000000000000000000000000000011
3069 11100100010001000010000000000000000000000000000000010111110000000000000000000000000000000
3070 01100000110010100101100000000000000000000000000000011111110000000000000000000000000000001
3071 11010000010100110011000000000000000000000000000000000110000000000000000000000000000000010
3072 11001000010111001101000000000000000000000000000000001110000000000000000000000000000000011
3073 01101001011000110000100000000000000000000000000000010101000000000000000000000000000000100
3074 10101010010000101001000000000000000000000000000000010001000000000000000000000000000000001
3075 01100101010011100001000000000000000000000000000000011000100000000000000000000000000000000
3076 00110010110100100001100000000000000000000000000000000000100000000000000000000000000000011
3077 00011100010110100010000000000000000000000000000000011001100000000000000000000000000000010
3078 11010000111001000101000000000000000000000000000000010011100000000000000000000000000000001
3079 01111000010000110010100000000000000000000000000000011010010000000000000000000000000000000
3080 10010000010010101100000000000000000000000000000000010010010000000000000000000000000000011
3081 11001001010101010001000000000000000000000000000000011011010000000000000000000000000000010
3082 00111010010110001000100000000000000000000000000000000001010000000000000000000000000000101
3083 11100101011000100001000000000000000000000000000000011000110000000000000000000000000000100
3084 11111010110001100000000000000000000000000000000000000000110000000000000000000000000000111
3085 00110100010010100010100000000000000000000000000000011001110000000000000000000000000000110
3086 11100000110100000101000000000000000000000000000000010011110000000000000000000000000000101
3087 01001000010111110010000000000000000000000000000000001010000000000000000000000000000000100
3088 10110000011000101101100000000000000000000000000000000010000000000000000000000000000000111
3089 11001001010000010001000000000000000000000000000000001011000000000000000000000000000000110
3090 01101010010011101000000000000000000000000000000000010101000000000000000000000000000000001
3091 00100101010100100001100000000000000000000000000000011100100000000000000000000000000000000
3092 11111010110110100000000000000000000000000000000000000100100000000000000000000000000000011
3093 10010100011001000011000000000000000000000000000000011101100000000000000000000000000000010
3094 11100000110000000100100000000000000000000000000000010111100000000000000000000000000000001
3095 01100000010010110011000000000000000000000000000000011110010000000000000000000000000000000
3096 11010000010101101101000000000000000000000000000000000110010000000000000000000000000000011
3097 11001001010110010001100000000000000000000000000000001111010000000000000000000000000000010
3098 01101010011000101000000000000000000000000000000000010101010000000000000000000000000000101
3099 10101101010001100001000000000000000000000000000000010000110000000000000000000000000000000
3100 01100010110010100001100000000000000000000000000000011000110000000000000000000000000000001
3101 00110100010100100011000000000000000000000000000000000001110000000000000000000000000000010
3102 00011000110111100100000000000000000000000000000000011001110000000000000000000000000000011
3103 11010000011000010011100000000000000000000000000000010010000000000000000000000000000000000
3104 01111000010000101100000000000000000000000000000000011010000000000000000000000000000000001
3105 10010001010011110000000000000000000000000000000000010011000000000000000000000000000000010
3106 11001010010100001001100000000000000000000000000000011011000000000000000000000000000000011
3107 00111101010110000000000000000000000000000000000000000000100000000000000000000000000000100
3108 11100010111001100001000000000000000000000000000000011000100000000000000000000000000000101
3109 11111100010000100010100000000000000000000000000000000001100000000000000000000000000000110
3110 00110000110010100100000000000000000000000000000000011001100000000000000000000000000000111
3111 11100000010101010011000000000000000000000000000000010010010000000000000000000000000000100
3112 01001000010110101100100000000000000000000000000000001010010000000000000000000000000000101
3113 10110001011000110001000000000000000000000000000000000011010000000000000000000000000000110
3114 11001010010001001001000000000000000000000000000000001011010000000000000000000000000000111
3115 01101101010010100000100000000000000000000000000000010100110000000000000000000000000000000
3116 00100010110100100001000000000000000000000000000000011100110000000000000000000000000000001
3117 11111100010111100010000000000000000000000000000000000101110000000000000000000000000000010
3118 10010000111000000101100000000000000000000000000000011101110000000000000000000000000000011
3119 11100000010000010010000000000000000000000000000000010110000000000000000000000000000000000
3120 01100000010011101101000000000000000000000000000000011110000000000000000000000000000000001
3121 11010001010100110001100000000000000000000000000000000111000000000000000000000000000000010
3122 11001010010110001001000000000000000000000000000000001111000000000000000000000000000000011
3123 01101101011001100000000000000000000000000000000000010100100000000000000000000000000000100
3124 10101010110000100001100000000000000000000000000000010000100000000000000000000000000000001
3125 01100100010010100011000000000000000000000000000000011001100000000000000000000000000000000
3126 00110000110101100101000000000000000000000000000000000001100000000000000000000000000000011
3127 00011000010110110010100000000000000000000000000000011000010000000000000000000000000000010
3128 11010000011000001101000000000000000000000000000000010010010000000000000000000000000000001
3129 01111001010001110000000000000000000000000000000000011011010000000000000000000000000000000
3130 10010010010010101000100000000000000000000000000000010011010000000000000000000000000000011
3131 11001101010100000001000000000000000000000000000000011010110000000000000000000000000000010
3132 00111010110111000000000000000000000000000000000000000000110000000000000000000000000000101
3133 11100100011000100011100000000000000000000000000000011001110000000000000000000000000000100
3134 11111000110000100100000000000000000000000000000000000001110000000000000000000000000000111
3135 00110000010011110010000000000000000000000000000000011000000000000000000000000000000000110
3136 11100000010100001101100000000000000000000000000000010010000000000000000000000000000000101
3137 01001001010110110000000000000000000000000000000000001011000000000000000000000000000000100
3138 10110010011001101001000000000000000000000000000000000011000000000000000000000000000000111
3139 11001101010000000001100000000000000000000000000000001010100000000000000000000000000000110
3140 01101010110010100000000000000000000000000000000000010100100000000000000000000000000000001
3141 00100100010101100011000000000000000000000000000000011101100000000000000000000000000000000
3142 11111000110110100100100000000000000000000000000000000101100000000000000000000000000000011
3143 10010000011000010011000000000000000000000000000000011100010000000000000000000000000000010
3144 11100000010001001100000000000000000000000000000000010110010000000000000000000000000000001
3145 01100001010010110001100000000000000000000000000000011111010000000000000000000000000000000
3146 11010010010100101001000000000000000000000000000000000111010000000000000000000000000000011
3147 11001101010111000001000000000000000000000000000000001110110000000000000000000000000000010
3148 01101010111000100000100000000000000000000000000000010100110000000000000000000000000000101
3149 10101100010000100011000000000000000000000000000000010001110000000000000000000000000000000
3150 01100000110011100101000000000000000000000000000000011001110000000000000000000000000000001
3151 00110000010100110011100000000000000000000000000000000000000000000000000000000000000000010
3152 00011000010110101100000000000000000000000000000000011000000000000000000000000000000000011
3153 11010001011001010001000000000000000000000000000000010011000000000000000000000000000000000
3154 01111010010000101000100000000000000000000000000000011011000000000000000000000000000000001
3155 10010101010010100000000000000000000000000000000000010010100000000000000000000000000000010
3156 11001010110101000001000000000000000000000000000000011010100000000000000000000000000000011
3157 00111100010110000010100000000000000000000000000000000001100000000000000000000000000000100
3158 11100000111000100101000000000000000000000000000000011001100000000000000000000000000000101
3159 11111000010001110010000000000000000000000000000000000000010000000000000000000000000000110
3160 00110000010010101100100000000000000000000000000000011000010000000000000000000000000000111
3161 11100001010100010001000000000000000000000000000000010011010000000000000000000000000000100
3162 01001010010111101000000000000000000000000000000000001011010000000000000000000000000000101
3163 10110101011000100001100000000000000000000000000000000010110000000000000000000000000000110
3164 11001010110000000001000000000000000000000000000000001010110000000000000000000000000000111
3165 01101100010011100010000000000000000000000000000000010101110000000000000000000000000000000
3166 00100000110100100101100000000000000000000000000000011101110000000000000000000000000000001
3167 11111000010110110010000000000000000000000000000000000100000000000000000000000000000000010
3168 10010000011001001101000000000000000000000000000000011100000000000000000000000000000000011
3169 11100001010000010000100000000000000000000000000000010111000000000000000000000000000000000
3170 01100010010010101001000000000000000000000000000000011111000000000000000000000000000000001
3171 11010101010101100001000000000000000000000000000000000110100000000000000000000000000000010
3172 11001010110110000001100000000000000000000000000000001110100000000000000000000000000000011
3173 01101100011000100010000000000000000000000000000000010101100000000000000000000000000000100
3174 10101000110001100101000000000000000000000000000000010001100000000000000000000000000000001
3175 01100000010010110011100000000000000000000000000000011000010000000000000000000000000000000
3176 00110000010100101101000000000000000000000000000000000000010000000000000000000000000000011
3177 00011001010111110000000000000000000000000000000000011001010000000000000000000000000000010
3178 11010010011000001001100000000000000000000000000000010011010000000000000000000000000000001
3179 01111101010000100000000000000000000000000000000000011010110000000000000000000000000000000
3180 10010010110011100000000000000000000000000000000000010010110000000000000000000000000000011
3181 11001100010100000011100000000000000000000000000000011011110000000000000000000000000000010
3182 00111000110110000100000000000000000000000000000000000001110000000000000000000000000000101
3183 11100000011001110011000000000000000000000000000000011000000000000000000000000000000000100
3184 11111000010000101100100000000000000000000000000000000000000000000000000000000000000000111
3185 00110001010010110000000000000000000000000000000000011001000000000000000000000000000000110
3186 11100010010101001001000000000000000000000000000000010011000000000000000000000000000000101
3187 01001101010110100000100000000000000000000000000000001010100000000000000000000000000000100
3188 10110010111000100001000000000000000000000000000000000010100000000000000000000000000000111
3189 11001100010001000011000000000000000000000000000000001011100000000000000000000000000000110
3190 01101000110010100100100000000000000000000000000000010101100000000000000000000000000000001
3191 00100000010100110011000000000000000000000000000000011100010000000000000000000000000000000
3192 11111000010111101100000000000000000000000000000000000100010000000000000000000000000000011
3193 10010001011000010001100000000000000000000000000000011101010000000000000000000000000000010
3194 11100010010000001000000000000000000000000000000000010111010000000000000000000000000000001
3195 01100101010011100001000000000000000000000000000000011110110000000000000000000000000000000
3196 11010010110100100001100000000000000000000000000000000110110000000000000000000000000000011
3197 11001100010110000011000000000000000000000000000000001111110000000000000000000000000000010
3198 01101000111001100100000000000000000000000000000000010101110000000000000000000000000000101
3199 10101000010000110011100000000000000000000000000000010000000000000000000000000000000000000
3200 01100000010010101101000000000000000000000000000000011000000000000000000000000000000000001
3201 00110001010101110001000000000000000000000000000000000001000000000000000000000000000000010
3202 00011010010110101000100000000000000000000000000000011001000000000000000000000000000000011
3203 11010101011000000001000000000000000000000000000000010010100000000000000000000000000000000
3204 01111010110001100000000000000000000000000000000000011010100000000000000000000000000000001
3205 10010100010010100010100000000000000000000000000000010011100000000000000000000000000000010
3206 11001000110100000101000000000000000000000000000000011011100000000000000000000000000000011
3207 00111000010111010010000000000000000000000000000000000000010000000000000000000000000000100
3208 11100000011000101101100000000000000000000000000000011000010000000000000000000000000000101
3209 11111001010000110000000000000000000000000000000000000001010000000000000000000000000000110
3210 00110010010011101000000000000000000000000000000000011001010000000000000000000000000000111
3211 11100101010100000001100000000000000000000000000000010010110000000000000000000000000000100
3212 01001010110110100000000000000000000000000000000000001010110000000000000000000000000000101
3213 10110100011001100011000000000000000000000000000000000011110000000000000000000000000000110
3214 11001000110000000101100000000000000000000000000000001011110000000000000000000000000000111
3215 01101000010010110010000000000000000000000000000000010100000000000000000000000000000000000
3216 00100000010101101101000000000000000000000000000000011100000000000000000000000000000000001
3217 11111001010110110000100000000000000000000000000000000101000000000000000000000000000000010
3218 10010010011000001001000000000000000000000000000000011101000000000000000000000000000000011
3219 11100101010001000000000000000000000000000000000000010110100000000000000000000000000000000
3220 01100010110010100001100000000000000000000000000000011110100000000000000000000000000000001
3221 11010100010100100011000000000000000000000000000000000111100000000000000000000000000000010
3222 11001000110111000101000000000000000000000000000000001111100000000000000000000000000000011
3223 01101000011000110010100000000000000000000000000000010100010000000000000000000000000000100
3224 10101000010000101101000000000000000000000000000000010000010000000000000000000000000000001
3225 01100001010011110001000000000000000000000000000000011001010000000000000000000000000000000
3226 00110010010100101001100000000000000000000000000000000001010000000000000000000000000000011
3227 00011101010110100000000000000000000000000000000000011000110000000000000000000000000000010
3228 11010010111001000001000000000000000000000000000000010010110000000000000000000000000000001
3229 01111100010000100010100000000000000000000000000000011011110000000000000000000000000000000
3230 10010000110010100100000000000000000000000000000000010011110000000000000000000000000000011
3231 11001000010101010011000000000000000000000000000000011010000000000000000000000000000000010
3232 00111000010110001100100000000000000000000000000000000000000000000000000000000000000000101
3233 11100001011000110001000000000000000000000000000000011001000000000000000000000000000000100
3234 11111010010001101000000000000000000000000000000000000001000000000000000000000000000000111
3235 00110101010010100000100000000000000000000000000000011000100000000000000000000000000000110
3236 11100010110100000001000000000000000000000000000000010010100000000000000000000000000000101
3237 01001100010111100010000000000000000000000000000000001011100000000000000000000000000000100
3238 10110000111000100101100000000000000000000000000000000011100000000000000000000000000000111
3239 11001000010000010011000000000000000000000000000000001010010000000000000000000000000000110
3240 01101000010011101100000000000000000000000000000000010100010000000000000000000000000000001
3241 00100001010100110001100000000000000000000000000000011101010000000000000000000000000000000
3242 11111010010110101000000000000000000000000000000000000101010000000000000000000000000000011
3243 10010101011001000001000000000000000000000000000000011100110000000000000000000000000000010
3244 11100010110000000000100000000000000000000000000000010110110000000000000000000000000000001
3245 01100100010010100011000000000000000000000000000000011111110000000000000000000000000000000
3246 11010000110101100101000000000000000000000000000000000111110000000000000000000000000000011
3247 11001000010110010011100000000000000000000000000000001110000000000000000000000000000000010
3248 01101000011000101100000000000000000000000000000000010100000000000000000000000000000000101
3249 10101001010001110001000000000000000000000000000000010001000000000000000000000000000000000
3250 01100010010010101001100000000000000000000000000000011001000000000000000000000000000000001
3251 00110101010100100001000000000000000000000000000000000000100000000000000000000000000000010
3252 00011010110111100000000000000000000000000000000000011000100000000000000000000000000000011
3253 11010100011000000011100000000000000000000000000000010011100000000000000000000000000000000
3254 01111000110000100100000000000000000000000000000000011011100000000000000000000000000000001
3255 10010000010011110010000000000000000000000000000000010010010000000000000000000000000000010
3256 11001000010100001101100000000000000000000000000000011010010000000000000000000000000000011
3257 00111001010110010000000000000000000000000000000000000001010000000000000000000000000000100
3258 11100010011001101001000000000000000000000000000000011001010000000000000000000000000000101
3259 11111101010000100000100000000000000000000000000000000000110000000000000000000000000000110
3260 00110010110010100000000000000000000000000000000000011000110000000000000000000000000000111
3261 11100100010101000011000000000000000000000000000000010011110000000000000000000000000000100
3262 01001000110110100100100000000000000000000000000000001011110000000000000000000000000000101
3263 10110000011000110011000000000000000000000000000000000010000000000000000000000000000000110
3264 11001000010001001101000000000000000000000000000000001010000000000000000000000000000000111
3265 01101001010010110000100000000000000000000000000000010101000000000000000000000000000000000
3266 00100010010100101001000000000000000000000000000000011101000000000000000000000000000000001
3267 11111101010111100000000000000000000000000000000000000100100000000000000000000000000000010
3268 10010010111000000001100000000000000000000000000000011100100000000000000000000000000000011
3269 11100100010000000010000000000000000000000000000000010111100000000000000000000000000000000
3270 01100000110011100101000000000000000000000000000000011111100000000000000000000000000000001
3271 11010000010100110011100000000000000000000000000000000110010000000000000000000000000000010
3272 11001000010110001101000000000000000000000000000000001110010000000000000000000000000000011
3273 01101001011001110000000000000000000000000000000000010101010000000000000000000000000000100
3274 10101010010000101001100000000000000000000000000000010001010000000000000000000000000000001
3275 01100101010010100001000000000000000000000000000000011000110000000000000000000000000000000
3276 00110010110101100001000000000000000000000000000000000000110000000000000000000000000000011
3277 00011100010110100010100000000000000000000000000000011001110000000000000000000000000000010
3278 11010000111000000101000000000000000000000000000000010011110000000000000000000000000000001
3279 01111000010001110010000000000000000000000000000000011010000000000000000000000000000000000
3280 10010000010010101100100000000000000000000000000000010010000000000000000000000000000000011
3281 11001001010100010001000000000000000000000000000000011011000000000000000000000000000000010
3282 00111010010111001000000000000000000000000000000000000001000000000000000000000000000000101
3283 11100101011000100001100000000000000000000000000000011000100000000000000000000000000000100
3284 11111010110000100000000000000000000000000000000000000000100000000000000000000000000000111
3285 00110100010011100010000000000000000000000000000000011001100000000000000000000000000000110
3286 11100000110100000101100000000000000000000000000000010011100000000000000000000000000000101
3287 01001000010110110010000000000000000000000000000000001010010000000000000000000000000000100
3288 10110000011001101101000000000000000000000000000000000010010000000000000000000000000000111
3289 11001001010000010001100000000000000000000000000000001011010000000000000000000000000000110
3290 01101010010010101000000000000000000000000000000000010101010000000000000000000000000000001
3291 00100101010101100001000000000000000000000000000000011100110000000000000000000000000000000
3292 11111010110110100000100000000000000000000000000000000100110000000000000000000000000000011
3293 10010100011000000011000000000000000000000000000000011101110000000000000000000000000000010
3294 11100000110001000100000000000000000000000000000000010111110000000000000000000000000000001
3295 01100000010010110011100000000000000000000000000000011110000000000000000000000000000000000
3296 11010000010100101101000000000000000000000000000000000110000000000000000000000000000000011
3297 11001001010111010001000000000000000000000000000000001111000000000000000000000000000000010
3298 01101010011000101000100000000000000000000000000000010101000000000000000000000000000000101
3299 10101101010000100001000000000000000000000000000000010000100000000000000000000000000000000
3300 01100010110011100001000000000000000000000000000000011000100000000000000000000000000000001
3301 00110100010100100011100000000000000000000000000000000001100000000000000000000000000000010
3302 00011000110110100100000000000000000000000000000000011001100000000000000000000000000000011
3303 11010000011001010011000000000000000000000000000000010010010000000000000000000000000000000
3304 01111000010000101100100000000000000000000000000000011010010000000000000000000000000000001
3305 10010001010010110000000000000000000000000000000000010011010000000000000000000000000000010
3306 11001010010101001001000000000000000000000000000000011011010000000000000000000000000000011
3307 00111101010110000000100000000000000000000000000000000000110000000000000000000000000000100
3308 11100010111000100001000000000000000000000000000000011000110000000000000000000000000000101
3309 11111100010001100010000000000000000000000000000000000001110000000000000000000000000000110
3310 00110000110010100100100000000000000000000000000000011001110000000000000000000000000000111
3311 11100000010100010011000000000000000000000000000000010010000000000000000000000000000000100
3312 01001000010111101100000000000000000000000000000000001010000000000000000000000000000000101
3313 10110001011000110001100000000000000000000000000000000011000000000000000000000000000000110
3314 11001010010000001001000000000000000000000000000000001011000000000000000000000000000000111
3315 01101101010011100000000000000000000000000000000000010100100000000000000000000000000000000
3316 00100010110100100001100000000000000000000000000000011100100000000000000000000000000000001
3317 11111100010110100010000000000000000000000000000000000101100000000000000000000000000000010
3318 10010000111001000101000000000000000000000000000000011101100000000000000000000000000000011
3319 11100000010000010010100000000000000000000000000000010110010000000000000000000000000000000
3320 01100000010010101101000000000000000000000000000000011110010000000000000000000000000000001
3321 11010001010101110001000000000000000000000000000000000111010000000000000000000000000000010
3322 11001010010110001001100000000000000000000000000000001111010000000000000000000000000000011
3323 01101101011000100000000000000000000000000000000000010100110000000000000000000000000000100
3324 10101010110001100001000000000000000000000000000000010000110000000000000000000000000000001
3325 01100100010010100011100000000000000000000000000000011001110000000000000000000000000000000
3326 00110000110100100101000000000000000000000000000000000001110000000000000000000000000000011
3327 00011000010111110010000000000000000000000000000000011000000000000000000000000000000000010
3328 11010000011000001101100000000000000000000000000000010010000000000000000000000000000000001
3329 01111001010000110000000000000000000000000000000000011011000000000000000000000000000000000
3330 10010010010011101000000000000000000000000000000000010011000000000000000000000000000000011
3331 11001101010100000001100000000000000000000000000000011010100000000000000000000000000000010
3332 00111010110110000000000000000000000000000000000000000000100000000000000000000000000000101
3333 11100100011001100011000000000000000000000000000000011001100000000000000000000000000000100
3334 11111000110000100100100000000000000000000000000000000001100000000000000000000000000000111
3335 00110000010010110010000000000000000000000000000000011000010000000000000000000000000000110
3336 11100000010101001101000000000000000000000000000000010010010000000000000000000000000000101
3337 01001001010110110000100000000000000000000000000000001011010000000000000000000000000000100
3338 10110010011000101001000000000000000000000000000000000011010000000000000000000000000000111
3339 11001101010001000001000000000000000000000000000000001010110000000000000000000000000000110
3340 01101010110010100000100000000000000000000000000000010100110000000000000000000000000000001
3341 00100100010100100011000000000000000000000000000000011101110000000000000000000000000000000
3342 11111000110111100100000000000000000000000000000000000101110000000000000000000000000000011
3343 10010000011000010011100000000000000000000000000000011100000000000000000000000000000000010
3344 11100000010000001100000000000000000000000000000000010110000000000000000000000000000000001
3345 01100001010011110001000000000000000000000000000000011111000000000000000000000000000000000
3346 11010010010100101001100000000000000000000000000000000111000000000000000000000000000000011
3347 11001101010110000001000000000000000000000000000000001110100000000000000000000000000000010
3348 01101010111001100000000000000000000000000000000000010100100000000000000000000000000000101
3349 10101100010000100011100000000000000000000000000000010001100000000000000000000000000000000
3350 01100000110010100101000000000000000000000000000000011001100000000000000000000000000000001
3351 00110000010101110011000000000000000000000000000000000000010000000000000000000000000000010
3352 00011000010110101100100000000000000000000000000000011000010000000000000000000000000000011
3353 11010001011000010001000000000000000000000000000000010011010000000000000000000000000000000
3354 01111010010001101000000000000000000000000000000000011011010000000000000000000000000000001
3355 10010101010010100000100000000000000000000000000000010010110000000000000000000000000000010
3356 11001010110100000001000000000000000000000000000000011010110000000000000000000000000000011
3357 00111100010111000010000000000000000000000000000000000001110000000000000000000000000000100
3358 11100000111000100101100000000000000000000000000000011001110000000000000000000000000000101
3359 11111000010000110010000000000000000000000000000000000000000000000000000000000000000000110
3360 00110000010011101100000000000000000000000000000000011000000000000000000000000000000000111
3361 11100001010100010001100000000000000000000000000000010011000000000000000000000000000000100
3362 01001010010110101000000000000000000000000000000000001011000000000000000000000000000000101
3363 10110101011001100001000000000000000000000000000000000010100000000000000000000000000000110
3364 11001010110000000001100000000000000000000000000000001010100000000000000000000000000000111
3365 01101100010010100010000000000000000000000000000000010101100000000000000000000000000000000
3366 00100000110101100101000000000000000000000000000000011101100000000000000000000000000000001
3367 11111000010110110010100000000000000000000000000000000100010000000000000000000000000000010
3368 10010000011000001101000000000000000000000000000000011100010000000000000000000000000000011
3369 11100001010001010000000000000000000000000000000000010111010000000000000000000000000000000
3370 01100010010010101001100000000000000000000000000000011111010000000000000000000000000000001
3371 11010101010100100001000000000000000000000000000000000110110000000000000000000000000000010
3372 11001010110111000001000000000000000000000000000000001110110000000000000000000000000000011
3373 01101100011000100010100000000000000000000000000000010101110000000000000000000000000000100
3374 10101000110000100101000000000000000000000000000000010001110000000000000000000000000000001
3375 01100000010011110011000000000000000000000000000000011000000000000000000000000000000000000
3376 00110000010100101101100000000000000000000000000000000000000000000000000000000000000000011
3377 00011001010110110000000000000000000000000000000000011001000000000000000000000000000000010
3378 11010010011001001001000000000000000000000000000000010011000000000000000000000000000000001
3379 01111101010000100000100000000000000000000000000000011010100000000000000000000000000000000
3380 10010010110010100000000000000000000000000000000000010010100000000000000000000000000000011
3381 11001100010101000011000000000000000000000000000000011011100000000000000000000000000000010
3382 00111000110110000100100000000000000000000000000000000001100000000000000000000000000000101
3383 11100000011000110011000000000000000000000000000000011000010000000000000000000000000000100
3384 11111000010001101100000000000000000000000000000000000000010000000000000000000000000000111
3385 00110001010010110000100000000000000000000000000000011001010000000000000000000000000000110
3386 11100010010100001001000000000000000000000000000000010011010000000000000000000000000000101
3387 01001101010111100000000000000000000000000000000000001010110000000000000000000000000000100
3388 10110010111000100001100000000000000000000000000000000010110000000000000000000000000000111
3389 11001100010000000011000000000000000000000000000000001011110000000000000000000000000000110
3390 01101000110011100100000000000000000000000000000000010101110000000000000000000000000000001
3391 00100000010100110011100000000000000000000000000000011100000000000000000000000000000000000
3392 11111000010110101100000000000000000000000000000000000100000000000000000000000000000000011
3393 10010001011001010001000000000000000000000000000000011101000000000000000000000000000000010
3394 11100010010000001000100000000000000000000000000000010111000000000000000000000000000000001
3395 01100101010010100001000000000000000000000000000000011110100000000000000000000000000000000
3396 11010010110101100001000000000000000000000000000000000110100000000000000000000000000000011
3397 11001100010110000011100000000000000000000000000000001111100000000000000000000000000000010
3398 01101000111000100100000000000000000000000000000000010101100000000000000000000000000000101
3399 10101000010001110011000000000000000000000000000000010000010000000000000000000000000000000
3400 01100000010010101101100000000000000000000000000000011000010000000000000000000000000000001
3401 00110001010100110001000000000000000000000000000000000001010000000000000000000000000000010
3402 00011010010111101000000000000000000000000000000000011001010000000000000000000000000000011
3403 11010101011000000001100000000000000000000000000000010010110000000000000000000000000000000
3404 01111010110000100000000000000000000000000000000000011010110000000000000000000000000000001
3405 10010100010011100010000000000000000000000000000000010011110000000000000000000000000000010
3406 11001000110100000101100000000000000000000000000000011011110000000000000000000000000000011
3407 00111000010110010010000000000000000000000000000000000000000000000000000000000000000000100
3408 11100000011001101101000000000000000000000000000000011000000000000000000000000000000000101
3409 11111001010000110000100000000000000000000000000000000001000000000000000000000000000000110
3410 00110010010010101000000000000000000000000000000000011001000000000000000000000000000000111
3411 11100101010101000001000000000000000000000000000000010010100000000000000000000000000000100
3412 01001010110110100000100000000000000000000000000000001010100000000000000000000000000000101
3413 10110100011000100011000000000000000000000000000000000011100000000000000000000000000000110
3414 11001000110001000101000000000000000000000000000000001011100000000000000000000000000000111
3415 01101000010010110010100000000000000000000000000000010100010000000000000000000000000000000
3416 00100000010100101101000000000000000000000000000000011100010000000000000000000000000000001
3417 11111001010111110000000000000000000000000000000000000101010000000000000000000000000000010
3418 10010010011000001001100000000000000000000000000000011101010000000000000000000000000000011
3419 11100101010000000000000000000000000000000000000000010110110000000000000000000000000000000
3420 01100010110011100001000000000000000000000000000000011110110000000000000000000000000000001
3421 11010100010100100011100000000000000000000000000000000111110000000000000000000000000000010
3422 11001000110110000101000000000000000000000000000000001111110000000000000000000000000000011
3423 01101000011001110010000000000000000000000000000000010100000000000000000000000000000000100
3424 10101000010000101101100000000000000000000000000000010000000000000000000000000000000000001
3425 01100001010010110001000000000000000000000000000000011001000000000000000000000000000000000
3426 00110010010101101001000000000000000000000000000000000001000000000000000000000000000000011
3427 00011101010110100000100000000000000000000000000000011000100000000000000000000000000000010
3428 11010010111000000001000000000000000000000000000000010010100000000000000000000000000000001
3429 01111100010001100010000000000000000000000000000000011011100000000000000000000000000000000
3430 10010000110010100100100000000000000000000000000000010011100000000000000000000000000000011
3431 11001000010100010011000000000000000000000000000000011010010000000000000000000000000000010
3432 00111000010111001100000000000000000000000000000000000000010000000000000000000000000000101
3433 11100001011000110001100000000000000000000000000000011001010000000000000000000000000000100
3434 11111010010000101000000000000000000000000000000000000001010000000000000000000000000000111
3435 00110101010011100000000000000000000000000000000000011000110000000000000000000000000000110
3436 11100010110100000001100000000000000000000000000000010010110000000000000000000000000000101
3437 01001100010110100010000000000000000000000000000000001011110000000000000000000000000000100
3438 10110000111001100101000000000000000000000000000000000011110000000000000000000000000000111
3439 11001000010000010011100000000000000000000000000000001010000000000000000000000000000000110
3440 01101000010010101100000000000000000000000000000000010100000000000000000000000000000000001
3441 00100001010101110001000000000000000000000000000000011101000000000000000000000000000000000
3442 11111010010110101000100000000000000000000000000000000101000000000000000000000000000000011
3443 10010101011000000001000000000000000000000000000000011100100000000000000000000000000000010
3444 11100010110001000000000000000000000000000000000000010110100000000000000000000000000000001
3445 01100100010010100011100000000000000000000000000000011111100000000000000000000000000000000
3446 11010000110100100101000000000000000000000000000000000111100000000000000000000000000000011
3447 11001000010111010011000000000000000000000000000000001110010000000000000000000000000000010
3448 01101000011000101100100000000000000000000000000000010100010000000000000000000000000000101
3449 10101001010000110001000000000000000000000000000000010001010000000000000000000000000000000
3450 01100010010011101001000000000000000000000000000000011001010000000000000000000000000000001
3451 00110101010100100001100000000000000000000000000000000000110000000000000000000000000000010
3452 00011010110110100000000000000000000000000000000000011000110000000000000000000000000000011
3453 11010100011001000011000000000000000000000000000000010011110000000000000000000000000000000
3454 01111000110000100100100000000000000000000000000000011011110000000000000000000000000000001
3455 10010000010010110010000000000000000000000000000000010010000000000000000000000000000000010
3456 11001000010101001101000000000000000000000000000000011010000000000000000000000000000000011
3457 00111001010110010000100000000000000000000000000000000001000000000000000000000000000000100
3458 11100010011000101001000000000000000000000000000000011001000000000000000000000000000000101
3459 11111101010001100000000000000000000000000000000000000000100000000000000000000000000000110
3460 00110010110010100000100000000000000000000000000000011000100000000000000000000000000000111
3461 11100100010100000011000000000000000000000000000000010011100000000000000000000000000000100
3462 01001000110111100100000000000000000000000000000000001011100000000000000000000000000000101
3463 10110000011000110011100000000000000000000000000000000010010000000000000000000000000000110
3464 11001000010000001101000000000000000000000000000000001010010000000000000000000000000000111
3465 01101001010011110000000000000000000000000000000000010101010000000000000000000000000000000
3466 00100010010100101001100000000000000000000000000000011101010000000000000000000000000000001
3467 11111101010110100000000000000000000000000000000000000100110000000000000000000000000000010
3468 10010010111001000001000000000000000000000000000000011100110000000000000000000000000000011
3469 11100100010000000010100000000000000000000000000000010111110000000000000000000000000000000
3470 01100000110010100101000000000000000000000000000000011111110000000000000000000000000000001
3471 11010000010101110011000000000000000000000000000000000110000000000000000000000000000000010
3472 11001000010110001101100000000000000000000000000000001110000000000000000000000000000000011
3473 01101001011000110000000000000000000000000000000000010101000000000000000000000000000000100
3474 10101010010001101001000000000000000000000000000000010001000000000000000000000000000000001
3475 01100101010010100001100000000000000000000000000000011000100000000000000000000000000000000
3476 00110010110100100001000000000000000000000000000000000000100000000000000000000000000000011
3477 00011100010111100010000000000000000000000000000000011001100000000000000000000000000000010
3478 11010000111000000101100000000000000000000000000000010011100000000000000000000000000000001
3479 01111000010000110010000000000000000000000000000000011010010000000000000000000000000000000
3480 10010000010011101100000000000000000000000000000000010010010000000000000000000000000000011
3481 11001001010100010001100000000000000000000000000000011011010000000000000000000000000000010
3482 00111010010110001000000000000000000000000000000000000001010000000000000000000000000000101
3483 11100101011001100001000000000000000000000000000000011000110000000000000000000000000000100
3484 11111010110000100000100000000000000000000000000000000000110000000000000000000000000000111
3485 00110100010010100010000000000000000000000000000000011001110000000000000000000000000000110
3486 11100000110101000101000000000000000000000000000000010011110000000000000000000000000000101
3487 01001000010110110010100000000000000000000000000000001010000000000000000000000000000000100
3488 10110000011000101101000000000000000000000000000000000010000000000000000000000000000000111
3489 11001001010001010001000000000000000000000000000000001011000000000000000000000000000000110
3490 01101010010010101000100000000000000000000000000000010101000000000000000000000000000000001
3491 00100101010100100001000000000000000000000000000000011100100000000000000000000000000000000
3492 11111010110111100000000000000000000000000000000000000100100000000000000000000000000000011
3493 10010100011000000011100000000000000000000000000000011101100000000000000000000000000000010
3494 11100000110000000100000000000000000000000000000000010111100000000000000000000000000000001
3495 01100000010011110011000000000000000000000000000000011110010000000000000000000000000000000
3496 11010000010100101101100000000000000000000000000000000110010000000000000000000000000000011
3497 11001001010110010001000000000000000000000000000000001111010000000000000000000000000000010
3498 01101010011001101000000000000000000000000000000000010101010000000000000000000000000000101
3499 10101101010000100001100000000000000000000000000000010000110000000000000000000000000000000
3500 01100010110010100001000000000000000000000000000000011000110000000000000000000000000000001
3501 00110100010101100011000000000000000000000000000000000001110000000000000000000000000000010
3502 00011000110110100100100000000000000000000000000000011001110000000000000000000000000000011
3503 11010000011000010011000000000000000000000000000000010010000000000000000000000000000000000
3504 01111000010001101100000000000000000000000000000000011010000000000000000000000000000000001
3505 10010001010010110000100000000000000000000000000000010011000000000000000000000000000000010
3506 11001010010100001001000000000000000000000000000000011011000000000000000000000000000000011
3507 00111101010111000000000000000000000000000000000000000000100000000000000000000000000000100
3508 11100010111000100001100000000000000000000000000000011000100000000000000000000000000000101
3509 11111100010000100010000000000000000000000000000000000001100000000000000000000000000000110
3510 00110000110011100100000000000000000000000000000000011001100000000000000000000000000000111
3511 11100000010100010011100000000000000000000000000000010010010000000000000000000000000000100
3512 01001000010110101100000000000000000000000000000000001010010000000000000000000000000000101
3513 10110001011001110001000000000000000000000000000000000011010000000000000000000000000000110
3514 11001010010000001001100000000000000000000000000000001011010000000000000000000000000000111
3515 01101101010010100000000000000000000000000000000000010100110000000000000000000000000000000
3516 00100010110101100001000000000000000000000000000000011100110000000000000000000000000000001
3517 11111100010110100010100000000000000000000000000000000101110000000000000000000000000000010
3518 10010000111000000101000000000000000000000000000000011101110000000000000000000000000000011
3519 11100000010001010010000000000000000000000000000000010110000000000000000000000000000000000
3520 01100000010010101101100000000000000000000000000000011110000000000000000000000000000000001
3521 11010001010100110001000000000000000000000000000000000111000000000000000000000000000000010
3522 11001010010111001001000000000000000000000000000000001111000000000000000000000000000000011
3523 01101101011000100000100000000000000000000000000000010100100000000000000000000000000000100
3524 10101010110000100001000000000000000000000000000000010000100000000000000000000000000000001
3525 01100100010011100011000000000000000000000000000000011001100000000000000000000000000000000
3526 00110000110100100101100000000000000000000000000000000001100000000000000000000000000000011
3527 00011000010110110010000000000000000000000000000000011000010000000000000000000000000000010
3528 11010000011001001101000000000000000000000000000000010010010000000000000000000000000000001
3529 01111001010000110000100000000000000000000000000000011011010000000000000000000000000000000
3530 10010010010010101000000000000000000000000000000000010011010000000000000000000000000000011
3531 11001101010101000001000000000000000000000000000000011010110000000000000000000000000000010
3532 00111010110110000000100000000000000000000000000000000000110000000000000000000000000000101
3533 11100100011000100011000000000000000000000000000000011001110000000000000000000000000000100
3534 11111000110001100100000000000000000000000000000000000001110000000000000000000000000000111
3535 00110000010010110010100000000000000000000000000000011000000000000000000000000000000000110
3536 11100000010100001101000000000000000000000000000000010010000000000000000000000000000000101
3537 01001001010111110000000000000000000000000000000000001011000000000000000000000000000000100
3538 10110010011000101001100000000000000000000000000000000011000000000000000000000000000000111
3539 11001101010000000001000000000000000000000000000000001010100000000000000000000000000000110
3540 01101010110011100000000000000000000000000000000000010100100000000000000000000000000000001
3541 00100100010100100011100000000000000000000000000000011101100000000000000000000000000000000
3542 11111000110110100100000000000000000000000000000000000101100000000000000000000000000000011
3543 10010000011001010011000000000000000000000000000000011100010000000000000000000000000000010
3544 11100000010000001100100000000000000000000000000000010110010000000000000000000000000000001
3545 01100001010010110001000000000000000000000000000000011111010000000000000000000000000000000
3546 11010010010101101001000000000000000000000000000000000111010000000000000000000000000000011
3547 11001101010110000001100000000000000000000000000000001110110000000000000000000000000000010
3548 01101010111000100000000000000000000000000000000000010100110000000000000000000000000000101
3549 10101100010001100011000000000000000000000000000000010001110000000000000000000000000000000
3550 01100000110010100101100000000000000000000000000000011001110000000000000000000000000000001
3551 00110000010100110011000000000000000000000000000000000000000000000000000000000000000000010
3552 00011000010111101100000000000000000000000000000000011000000000000000000000000000000000011
3553 11010001011000010001100000000000000000000000000000010011000000000000000000000000000000000
3554 01111010010000101000000000000000000000000000000000011011000000000000000000000000000000001
3555 10010101010011100000000000000000000000000000000000010010100000000000000000000000000000010
3556 11001010110100000001100000000000000000000000000000011010100000000000000000000000000000011
3557 00111100010110000010000000000000000000000000000000000001100000000000000000000000000000100
3558 11100000111001100101000000000000000000000000000000011001100000000000000000000000000000101
3559 11111000010000110010100000000000000000000000000000000000010000000000000000000000000000110
3560 00110000010010101100000000000000000000000000000000011000010000000000000000000000000000111
3561 11100001010101010001000000000000000000000000000000010011010000000000000000000000000000100
3562 01001010010110101000100000000000000000000000000000001011010000000000000000000000000000101
3563 10110101011000100001000000000000000000000000000000000010110000000000000000000000000000110
3564 11001010110001000001000000000000000000000000000000001010110000000000000000000000000000111
3565 01101100010010100010100000000000000000000000000000010101110000000000000000000000000000000
3566 00100000110100100101000000000000000000000000000000011101110000000000000000000000000000001
3567 11111000010111110010000000000000000000000000000000000100000000000000000000000000000000010
3568 10010000011000001101100000000000000000000000000000011100000000000000000000000000000000011
3569 11100001010000010000000000000000000000000000000000010111000000000000000000000000000000000
3570 01100010010011101001000000000000000000000000000000011111000000000000000000000000000000001
3571 11010101010100100001100000000000000000000000000000000110100000000000000000000000000000010
3572 11001010110110000001000000000000000000000000000000001110100000000000000000000000000000011
3573 01101100011001100010000000000000000000000000000000010101100000000000000000000000000000100
3574 10101000110000100101100000000000000000000000000000010001100000000000000000000000000000001
3575 01100000010010110011000000000000000000000000000000011000010000000000000000000000000000000
3576 00110000010101101101000000000000000000000000000000000000010000000000000000000000000000011
3577 00011001010110110000100000000000000000000000000000011001010000000000000000000000000000010
3578 11010010011000001001000000000000000000000000000000010011010000000000000000000000000000001
3579 01111101010001100000000000000000000000000000000000011010110000000000000000000000000000000
3580 10010010110010100000100000000000000000000000000000010010110000000000000000000000000000011
3581 11001100010100000011000000000000000000000000000000011011110000000000000000000000000000010
3582 00111000110111000100000000000000000000000000000000000001110000000000000000000000000000101
3583 11100000011000110011100000000000000000000000000000011000000000000000000000000000000000100
3584 11111000010000101100000000000000000000000000000000000000000000000000000000000000000000111
3585 00110001010011110000000000000000000000000000000000011001000000000000000000000000000000110
3586 11100010010100001001100000000000000000000000000000010011000000000000000000000000000000101
3587 01001101010110100000000000000000000000000000000000001010100000000000000000000000000000100
3588 10110010111001100001000000000000000000000000000000000010100000000000000000000000000000111
3589 11001100010000000011100000000000000000000000000000001011100000000000000000000000000000110
3590 01101000110010100100000000000000000000000000000000010101100000000000000000000000000000001
3591 00100000010101110011000000000000000000000000000000011100010000000000000000000000000000000
3592 11111000010110101100100000000000000000000000000000000100010000000000000000000000000000011
3593 10010001011000010001000000000000000000000000000000011101010000000000000000000000000000010
3594 11100010010001001000000000000000000000000000000000010111010000000000000000000000000000001
3595 01100101010010100001100000000000000000000000000000011110110000000000000000000000000000000
3596 11010010110100100001000000000000000000000000000000000110110000000000000000000000000000011
3597 11001100010111000011000000000000000000000000000000001111110000000000000000000000000000010
3598 01101000111000100100100000000000000000000000000000010101110000000000000000000000000000101
3599 10101000010000110011000000000000000000000000000000010000000000000000000000000000000000000
3600 01100000010011101101000000000000000000000000000000011000000000000000000000000000000000001
3601 00110001010100110001100000000000000000000000000000000001000000000000000000000000000000010
3602 00011010010110101000000000000000000000000000000000011001000000000000000000000000000000011
3603 11010101011001000001000000000000000000000000000000010010100000000000000000000000000000000
3604 01111010110000100000100000000000000000000000000000011010100000000000000000000000000000001
3605 10010100010010100010000000000000000000000000000000010011100000000000000000000000000000010
3606 11001000110101000101000000000000000000000000000000011011100000000000000000000000000000011
3607 00111000010110010010100000000000000000000000000000000000010000000000000000000000000000100
3608 11100000011000101101000000000000000000000000000000011000010000000000000000000000000000101
3609 11111001010001110000000000000000000000000000000000000001010000000000000000000000000000110
3610 00110010010010101000100000000000000000000000000000011001010000000000000000000000000000111
3611 11100101010100000001000000000000000000000000000000010010110000000000000000000000000000100
3612 01001010110111100000000000000000000000000000000000001010110000000000000000000000000000101
3613 10110100011000100011100000000000000000000000000000000011110000000000000000000000000000110
3614 11001000110000000101000000000000000000000000000000001011110000000000000000000000000000111
3615 01101000010011110010000000000000000000000000000000010100000000000000000000000000000000000
3616 00100000010100101101100000000000000000000000000000011100000000000000000000000000000000001
3617 11111001010110110000000000000000000000000000000000000101000000000000000000000000000000010
3618 10010010011001001001000000000000000000000000000000011101000000000000000000000000000000011
3619 11100101010000000000100000000000000000000000000000010110100000000000000000000000000000000
3620 01100010110010100001000000000000000000000000000000011110100000000000000000000000000000001
3621 11010100010101100011000000000000000000000000000000000111100000000000000000000000000000010
3622 11001000110110000101100000000000000000000000000000001111100000000000000000000000000000011
3623 01101000011000110010000000000000000000000000000000010100010000000000000000000000000000100
3624 10101000010001101101000000000000000000000000000000010000010000000000000000000000000000001
3625 01100001010010110001100000000000000000000000000000011001010000000000000000000000000000000
3626 00110010010100101001000000000000000000000000000000000001010000000000000000000000000000011
3627 00011101010111100000000000000000000000000000000000011000110000000000000000000000000000010
3628 11010010111000000001100000000000000000000000000000010010110000000000000000000000000000001
3629 01111100010000100010000000000000000000000000000000011011110000000000000000000000000000000
3630 10010000110011100100000000000000000000000000000000010011110000000000000000000000000000011
3631 11001000010100010011100000000000000000000000000000011010000000000000000000000000000000010
3632 00111000010110001100000000000000000000000000000000000000000000000000000000000000000000101
3633 11100001011001110001000000000000000000000000000000011001000000000000000000000000000000100
3634 11111010010000101000100000000000000000000000000000000001000000000000000000000000000000111
3635 00110101010010100000000000000000000000000000000000011000100000000000000000000000000000110
3636 11100010110101000001000000000000000000000000000000010010100000000000000000000000000000101
3637 01001100010110100010100000000000000000000000000000001011100000000000000000000000000000100
3638 10110000111000100101000000000000000000000000000000000011100000000000000000000000000000111
3639 11001000010001010011000000000000000000000000000000001010010000000000000000000000000000110
3640 01101000010010101100100000000000000000000000000000010100010000000000000000000000000000001
3641 00100001010100110001000000000000000000000000000000011101010000000000000000000000000000000
3642 11111010010111101000000000000000000000000000000000000101010000000000000000000000000000011
3643 10010101011000000001100000000000000000000000000000011100110000000000000000000000000000010
3644 11100010110000000000000000000000000000000000000000010110110000000000000000000000000000001
3645 01100100010011100011000000000000000000000000000000011111110000000000000000000000000000000
3646 11010000110100100101100000000000000000000000000000000111110000000000000000000000000000011
3647 11001000010110010011000000000000000000000000000000001110000000000000000000000000000000010
3648 01101000011001101100000000000000000000000000000000010100000000000000000000000000000000101
3649 10101001010000110001100000000000000000000000000000010001000000000000000000000000000000000
3650 01100010010010101001000000000000000000000000000000011001000000000000000000000000000000001
3651 00110101010101100001000000000000000000000000000000000000100000000000000000000000000000010
3652 00011010110110100000100000000000000000000000000000011000100000000000000000000000000000011
3653 11010100011000000011000000000000000000000000000000010011100000000000000000000000000000000
3654 01111000110001100100000000000000000000000000000000011011100000000000000000000000000000001
3655 10010000010010110010100000000000000000000000000000010010010000000000000000000000000000010
3656 11001000010100001101000000000000000000000000000000011010010000000000000000000000000000011
3657 00111001010111010000000000000000000000000000000000000001010000000000000000000000000000100
3658 11100010011000101001100000000000000000000000000000011001010000000000000000000000000000101
3659 11111101010000100000000000000000000000000000000000000000110000000000000000000000000000110
3660 00110010110011100000000000000000000000000000000000011000110000000000000000000000000000111
3661 11100100010100000011100000000000000000000000000000010011110000000000000000000000000000100
3662 01001000110110100100000000000000000000000000000000001011110000000000000000000000000000101
3663 10110000011001110011000000000000000000000000000000000010000000000000000000000000000000110
3664 11001000010000001101100000000000000000000000000000001010000000000000000000000000000000111
3665 01101001010010110000000000000000000000000000000000010101000000000000000000000000000000000
3666 00100010010101101001000000000000000000000000000000011101000000000000000000000000000000001
3667 11111101010110100000100000000000000000000000000000000100100000000000000000000000000000010
3668 10010010111000000001000000000000000000000000000000011100100000000000000000000000000000011
3669 11100100010001000010000000000000000000000000000000010111100000000000000000000000000000000
3670 01100000110010100101100000000000000000000000000000011111100000000000000000000000000000001
3671 11010000010100110011000000000000000000000000000000000110010000000000000000000000000000010
3672 11001000010111001101000000000000000000000000000000001110010000000000000000000000000000011
3673 01101001011000110000100000000000000000000000000000010101010000000000000000000000000000100
3674 10101010010000101001000000000000000000000000000000010001010000000000000000000000000000001
3675 01100101010011100001000000000000000000000000000000011000110000000000000000000000000000000
3676 00110010110100100001100000000000000000000000000000000000110000000000000000000000000000011
3677 00011100010110100010000000000000000000000000000000011001110000000000000000000000000000010
3678 11010000111001000101000000000000000000000000000000010011110000000000000000000000000000001
3679 01111000010000110010100000000000000000000000000000011010000000000000000000000000000000000
3680 10010000010010101100000000000000000000000000000000010010000000000000000000000000000000011
3681 11001001010101010001000000000000000000000000000000011011000000000000000000000000000000010
3682 00111010010110001000100000000000000000000000000000000001000000000000000000000000000000101
3683 11100101011000100001000000000000000000000000000000011000100000000000000000000000000000100
3684 11111010110001100000000000000000000000000000000000000000100000000000000000000000000000111
3685 00110100010010100010100000000000000000000000000000011001100000000000000000000000000000110
3686 11100000110100000101000000000000000000000000000000010011100000000000000000000000000000101
3687 01001000010111110010000000000000000000000000000000001010010000000000000000000000000000100
3688 10110000011000101101100000000000000000000000000000000010010000000000000000000000000000111
3689 11001001010000010001000000000000000000000000000000001011010000000000000000000000000000110
3690 01101010010011101000000000000000000000000000000000010101010000000000000000000000000000001
3691 00100101010100100001100000000000000000000000000000011100110000000000000000000000000000000
3692 11111010110110100000000000000000000000000000000000000100110000000000000000000000000000011
3693 10010100011001000011000000000000000000000000000000011101110000000000000000000000000000010
3694 11100000110000000100100000000000000000000000000000010111110000000000000000000000000000001
3695 01100000010010110011000000000000000000000000000000011110000000000000000000000000000000000
3696 11010000010101101101000000000000000000000000000000000110000000000000000000000000000000011
3697 11001001010110010001100000000000000000000000000000001111000000000000000000000000000000010
3698 01101010011000101000000000000000000000000000000000010101000000000000000000000000000000101
3699 10101101010001100001000000000000000000000000000000010000100000000000000000000000000000000
3700 01100010110010100001100000000000000000000000000000011000100000000000000000000000000000001
3701 00110100010100100011000000000000000000000000000000000001100000000000000000000000000000010
3702 00011000110111100100000000000000000000000000000000011001100000000000000000000000000000011
3703 11010000011000010011100000000000000000000000000000010010010000000000000000000000000000000
3704 01111000010000101100000000000000000000000000000000011010010000000000000000000000000000001
3705 10010001010011110000000000000000000000000000000000010011010000000000000000000000000000010
3706 11001010010100001001100000000000000000000000000000011011010000000000000000000000000000011
3707 00111101010110000000000000000000000000000000000000000000110000000000000000000000000000100
3708 11100010111001100001000000000000000000000000000000011000110000000000000000000000000000101
3709 11111100010000100010100000000000000000000000000000000001110000000000000000000000000000110
3710 00110000110010100100000000000000000000000000000000011001110000000000000000000000000000111
3711 11100000010101010011000000000000000000000000000000010010000000000000000000000000000000100
3712 01001000010110101100100000000000000000000000000000001010000000000000000000000000000000101
3713 10110001011000110001000000000000000000000000000000000011000000000000000000000000000000110
3714 11001010010001001001000000000000000000000000000000001011000000000000000000000000000000111
3715 01101101010010100000100000000000000000000000000000010100100000000000000000000000000000000
3716 00100010110100100001000000000000000000000000000000011100100000000000000000000000000000001
3717 11111100010111100010000000000000000000000000000000000101100000000000000000000000000000010
3718 10010000111000000101100000000000000000000000000000011101100000000000000000000000000000011
3719 11100000010000010010000000000000000000000000000000010110010000000000000000000000000000000
3720 01100000010011101101000000000000000000000000000000011110010000000000000000000000000000001
3721 11010001010100110001100000000000000000000000000000000111010000000000000000000000000000010
3722 11001010010110001001000000000000000000000000000000001111010000000000000000000000000000011
3723 01101101011001100000000000000000000000000000000000010100110000000000000000000000000000100
3724 10101010110000100001100000000000000000000000000000010000110000000000000000000000000000001
3725 01100100010010100011000000000000000000000000000000011001110000000000000000000000000000000
3726 00110000110101100101000000000000000000000000000000000001110000000000000000000000000000011
3727 00011000010110110010100000000000000000000000000000011000000000000000000000000000000000010
3728 11010000011000001101000000000000000000000000000000010010000000000000000000000000000000001
3729 01111001010001110000000000000000000000000000000000011011000000000000000000000000000000000
3730 10010010010010101000100000000000000000000000000000010011000000000000000000000000000000011
3731 11001101010100000001000000000000000000000000000000011010100000000000000000000000000000010
3732 00111010110111000000000000000000000000000000000000000000100000000000000000000000000000101
3733 11100100011000100011100000000000000000000000000000011001100000000000000000000000000000100
3734 11111000110000100100000000000000000000000000000000000001100000000000000000000000000000111
3735 00110000010011110010000000000000000000000000000000011000010000000000000000000000000000110
3736 11100000010100001101100000000000000000000000000000010010010000000000000000000000000000101
3737 01001001010110110000000000000000000000000000000000001011010000000000000000000000000000100
3738 10110010011001101001000000000000000000000000000000000011010000000000000000000000000000111
3739 11001101010000000001100000000000000000000000000000001010110000000000000000000000000000110
3740 01101010110010100000000000000000000000000000000000010100110000000000000000000000000000001
3741 00100100010101100011000000000000000000000000000000011101110000000000000000000000000000000
3742 11111000110110100100100000000000000000000000000000000101110000000000000000000000000000011
3743 10010000011000010011000000000000000000000000000000011100000000000000000000000000000000010
3744 11100000010001001100000000000000000000000000000000010110000000000000000000000000000000001
3745 01100001010010110001100000000000000000000000000000011111000000000000000000000000000000000
3746 11010010010100101001000000000000000000000000000000000111000000000000000000000000000000011
3747 11001101010111000001000000000000000000000000000000001110100000000000000000000000000000010
3748 01101010111000100000100000000000000000000000000000010100100000000000000000000000000000101
3749 10101100010000100011000000000000000000000000000000010001100000000000000000000000000000000
3750 01100000110011100101000000000000000000000000000000011001100000000000000000000000000000001
3751 00110000010100110011100000000000000000000000000000000000010000000000000000000000000000010
3752 00011000010110101100000000000000000000000000000000011000010000000000000000000000000000011
3753 11010001011001010001000000000000000000000000000000010011010000000000000000000000000000000
3754 01111010010000101000100000000000000000000000000000011011010000000000000000000000000000001
3755 10010101010010100000000000000000000000000000000000010010110000000000000000000000000000010
3756 11001010110101000001000000000000000000000000000000011010110000000000000000000000000000011
3757 00111100010110000010100000000000000000000000000000000001110000000000000000000000000000100
3758 11100000111000100101000000000000000000000000000000011001110000000000000000000000000000101
3759 11111000010001110010000000000000000000000000000000000000000000000000000000000000000000110
3760 00110000010010101100100000000000000000000000000000011000000000000000000000000000000000111
3761 11100001010100010001000000000000000000000000000000010011000000000000000000000000000000100
3762 01001010010111101000000000000000000000000000000000001011000000000000000000000000000000101
3763 10110101011000100001100000000000000000000000000000000010100000000000000000000000000000110
3764 11001010110000000001000000000000000000000000000000001010100000000000000000000000000000111
3765 01101100010011100010000000000000000000000000000000010101100000000000000000000000000000000
3766 00100000110100100101100000000000000000000000000000011101100000000000000000000000000000001
3767 11111000010110110010000000000000000000000000000000000100010000000000000000000000000000010
3768 10010000011001001101000000000000000000000000000000011100010000000000000000000000000000011
3769 11100001010000010000100000000000000000000000000000010111010000000000000000000000000000000
3770 01100010010010101001000000000000000000000000000000011111010000000000000000000000000000001
3771 11010101010101100001000000000000000000000000000000000110110000000000000000000000000000010
3772 11001010110110000001100000000000000000000000000000001110110000000000000000000000000000011
3773 01101100011000100010000000000000000000000000000000010101110000000000000000000000000000100
3774 10101000110001100101000000000000000000000000000000010001110000000000000000000000000000001
3775 01100000010010110011100000000000000000000000000000011000000000000000000000000000000000000
3776 00110000010100101101000000000000000000000000000000000000000000000000000000000000000000011
3777 00011001010111110000000000000000000000000000000000011001000000000000000000000000000000010
3778 11010010011000001001100000000000000000000000000000010011000000000000000000000000000000001
3779 01111101010000100000000000000000000000000000000000011010100000000000000000000000000000000
3780 10010010110011100000000000000000000000000000000000010010100000000000000000000000000000011
3781 11001100010100000011100000000000000000000000000000011011100000000000000000000000000000010
3782 00111000110110000100000000000000000000000000000000000001100000000000000000000000000000101
3783 11100000011001110011000000000000000000000000000000011000010000000000000000000000000000100
3784 11111000010000101100100000000000000000000000000000000000010000000000000000000000000000111
3785 00110001010010110000000000000000000000000000000000011001010000000000000000000000000000110
3786 11100010010101001001000000000000000000000000000000010011010000000000000000000000000000101
3787 01001101010110100000100000000000000000000000000000001010110000000000000000000000000000100
3788 10110010111000100001000000000000000000000000000000000010110000000000000000000000000000111
3789 11001100010001000011000000000000000000000000000000001011110000000000000000000000000000110
3790 01101000110010100100100000000000000000000000000000010101110000000000000000000000000000001
3791 00100000010100110011000000000000000000000000000000011100000000000000000000000000000000000
3792 11111000010111101100000000000000000000000000000000000100000000000000000000000000000000011
3793 10010001011000010001100000000000000000000000000000011101000000000000000000000000000000010
3794 11100010010000001000000000000000000000000000000000010111000000000000000000000000000000001
3795 01100101010011100001000000000000000000000000000000011110100000000000000000000000000000000
3796 11010010110100100001100000000000000000000000000000000110100000000000000000000000000000011
3797 11001100010110000011000000000000000000000000000000001111100000000000000000000000000000010
3798 01101000111001100100000000000000000000000000000000010101100000000000000000000000000000101
3799 10101000010000110011100000000000000000000000000000010000010000000000000000000000000000000
3800 01100000010010101101000000000000000000000000000000011000010000000000000000000000000000001
3801 00110001010101110001000000000000000000000000000000000001010000000000000000000000000000010
3802 00011010010110101000100000000000000000000000000000011001010000000000000000000000000000011
3803 11010101011000000001000000000000000000000000000000010010110000000000000000000000000000000
3804 01111010110001100000000000000000000000000000000000011010110000000000000000000000000000001
3805 10010100010010100010100000000000000000000000000000010011110000000000000000000000000000010
3806 11001000110100000101000000000000000000000000000000011011110000000000000000000000000000011
3807 00111000010111010010000000000000000000000000000000000000000000000000000000000000000000100
3808 11100000011000101101100000000000000000000000000000011000000000000000000000000000000000101
3809 11111001010000110000000000000000000000000000000000000001000000000000000000000000000000110
3810 00110010010011101000000000000000000000000000000000011001000000000000000000000000000000111
3811 11100101010100000001100000000000000000000000000000010010100000000000000000000000000000100
3812 01001010110110100000000000000000000000000000000000001010100000000000000000000000000000101
3813 10110100011001100011000000000000000000000000000000000011100000000000000000000000000000110
3814 11001000110000000101100000000000000000000000000000001011100000000000000000000000000000111
3815 01101000010010110010000000000000000000000000000000010100010000000000000000000000000000000
3816 00100000010101101101000000000000000000000000000000011100010000000000000000000000000000001
3817 11111001010110110000100000000000000000000000000000000101010000000000000000000000000000010
3818 10010010011000001001000000000000000000000000000000011101010000000000000000000000000000011
3819 11100101010001000000000000000000000000000000000000010110110000000000000000000000000000000
3820 01100010110010100001100000000000000000000000000000011110110000000000000000000000000000001
3821 11010100010100100011000000000000000000000000000000000111110000000000000000000000000000010
3822 11001000110111000101000000000000000000000000000000001111110000000000000000000000000000011
3823 01101000011000110010100000000000000000000000000000010100000000000000000000000000000000100
3824 10101000010000101101000000000000000000000000000000010000000000000000000000000000000000001
3825 01100001010011110001000000000000000000000000000000011001000000000000000000000000000000000
3826 00110010010100101001100000000000000000000000000000000001000000000000000000000000000000011
3827 00011101010110100000000000000000000000000000000000011000100000000000000000000000000000010
3828 11010010111001000001000000000000000000000000000000010010100000000000000000000000000000001
3829 01111100010000100010100000000000000000000000000000011011100000000000000000000000000000000
3830 10010000110010100100000000000000000000000000000000010011100000000000000000000000000000011
3831 11001000010101010011000000000000000000000000000000011010010000000000000000000000000000010
3832 00111000010110001100100000000000000000000000000000000000010000000000000000000000000000101
3833 11100001011000110001000000000000000000000000000000011001010000000000000000000000000000100
3834 11111010010001101000000000000000000000000000000000000001010000000000000000000000000000111
3835 00110101010010100000100000000000000000000000000000011000110000000000000000000000000000110
3836 11100010110100000001000000000000000000000000000000010010110000000000000000000000000000101
3837 01001100010111100010000000000000000000000000000000001011110000000000000000000000000000100
3838 10110000111000100101100000000000000000000000000000000011110000000000000000000000000000111
3839 11001000010000010011000000000000000000000000000000001010000000000000000000000000000000110
3840 01101000010011101100000000000000000000000000000000010100000000000000000000000000000000001
3841 00100001010100110001100000000000000000000000000000011101000000000000000000000000000000000
3842 11111010010110101000000000000000000000000000000000000101000000000000000000000000000000011
3843 10010101011001000001000000000000000000000000000000011100100000000000000000000000000000010
3844 11100010110000000000100000000000000000000000000000010110100000000000000000000000000000001
3845 01100100010010100011000000000000000000000000000000011111100000000000000000000000000000000
3846 11010000110101100101000000000000000000000000000000000111100000000000000000000000000000011
3847 11001000010110010011100000000000000000000000000000001110010000000000000000000000000000010
3848 01101000011000101100000000000000000000000000000000010100010000000000000000000000000000101
3849 10101001010001110001000000000000000000000000000000010001010000000000000000000000000000000
3850 01100010010010101001100000000000000000000000000000011001010000000000000000000000000000001
3851 00110101010100100001000000000000000000000000000000000000110000000000000000000000000000010
3852 00011010110111100000000000000000000000000000000000011000110000000000000000000000000000011
3853 11010100011000000011100000000000000000000000000000010011110000000000000000000000000000000
3854 01111000110000100100000000000000000000000000000000011011110000000000000000000000000000001
3855 10010000010011110010000000000000000000000000000000010010000000000000000000000000000000010
3856 11001000010100001101100000000000000000000000000000011010000000000000000000000000000000011
3857 00111001010110010000000000000000000000000000000000000001000000000000000000000000000000100
3858 11100010011001101001000000000000000000000000000000011001000000000000000000000000000000101
3859 11111101010000100000100000000000000000000000000000000000100000000000000000000000000000110
3860 00110010110010100000000000000000000000000000000000011000100000000000000000000000000000111
3861 11100100010101000011000000000000000000000000000000010011100000000000000000000000000000100
3862 01001000110110100100100000000000000000000000000000001011100000000000000000000000000000101
3863 10110000011000110011000000000000000000000000000000000010010000000000000000000000000000110
3864 11001000010001001101000000000000000000000000000000001010010000000000000000000000000000111
3865 01101001010010110000100000000000000000000000000000010101010000000000000000000000000000000
3866 00100010010100101001000000000000000000000000000000011101010000000000000000000000000000001
3867 11111101010111100000000000000000000000000000000000000100110000000000000000000000000000010
3868 10010010111000000001100000000000000000000000000000011100110000000000000000000000000000011
3869 11100100010000000010000000000000000000000000000000010111110000000000000000000000000000000
3870 01100000110011100101000000000000000000000000000000011111110000000000000000000000000000001
3871 11010000010100110011100000000000000000000000000000000110000000000000000000000000000000010
3872 11001000010110001101000000000000000000000000000000001110000000000000000000000000000000011
3873 01101001011001110000000000000000000000000000000000010101000000000000000000000000000000100
3874 10101010010000101001100000000000000000000000000000010001000000000000000000000000000000001
3875 01100101010010100001000000000000000000000000000000011000100000000000000000000000000000000
3876 00110010110101100001000000000000000000000000000000000000100000000000000000000000000000011
3877 00011100010110100010100000000000000000000000000000011001100000000000000000000000000000010
3878 11010000111000000101000000000000000000000000000000010011100000000000000000000000000000001
3879 01111000010001110010000000000000000000000000000000011010010000000000000000000000000000000
3880 10010000010010101100100000000000000000000000000000010010010000000000000000000000000000011
3881 11001001010100010001000000000000000000000000000000011011010000000000000000000000000000010
3882 00111010010111001000000000000000000000000000000000000001010000000000000000000000000000101
3883 11100101011000100001100000000000000000000000000000011000110000000000000000000000000000100
3884 11111010110000100000000000000000000000000000000000000000110000000000000000000000000000111
3885 00110100010011100010000000000000000000000000000000011001110000000000000000000000000000110
3886 11100000110100000101100000000000000000000000000000010011110000000000000000000000000000101
3887 01001000010110110010000000000000000000000000000000001010000000000000000000000000000000100
3888 10110000011001101101000000000000000000000000000000000010000000000000000000000000000000111
3889 11001001010000010001100000000000000000000000000000001011000000000000000000000000000000110
3890 01101010010010101000000000000000000000000000000000010101000000000000000000000000000000001
3891 00100101010101100001000000000000000000000000000000011100100000000000000000000000000000000
3892 11111010110110100000100000000000000000000000000000000100100000000000000000000000000000011
3893 10010100011000000011000000000000000000000000000000011101100000000000000000000000000000010
3894 11100000110001000100000000000000000000000000000000010111100000000000000000000000000000001
3895 01100000010010110011100000000000000000000000000000011110010000000000000000000000000000000
3896 11010000010100101101000000000000000000000000000000000110010000000000000000000000000000011
3897 11001001010111010001000000000000000000000000000000001111010000000000000000000000000000010
3898 01101010011000101000100000000000000000000000000000010101010000000000000000000000000000101
3899 10101101010000100001000000000000000000000000000000010000110000000000000000000000000000000
3900 01100010110011100001000000000000000000000000000000011000110000000000000000000000000000001
3901 00110100010100100011100000000000000000000000000000000001110000000000000000000000000000010
3902 00011000110110100100000000000000000000000000000000011001110000000000000000000000000000011
3903 11010000011001010011000000000000000000000000000000010010000000000000000000000000000000000
3904 01111000010000101100100000000000000000000000000000011010000000000000000000000000000000001
3905 10010001010010110000000000000000000000000000000000010011000000000000000000000000000000010
3906 11001010010101001001000000000000000000000000000000011011000000000000000000000000000000011
3907 00111101010110000000100000000000000000000000000000000000100000000000000000000000000000100
3908 11100010111000100001000000000000000000000000000000011000100000000000000000000000000000101
3909 11111100010001100010000000000000000000000000000000000001100000000000000000000000000000110
3910 00110000110010100100100000000000000000000000000000011001100000000000000000000000000000111
3911 11100000010100010011000000000000000000000000000000010010010000000000000000000000000000100
3912 01001000010111101100000000000000000000000000000000001010010000000000000000000000000000101
3913 10110001011000110001100000000000000000000000000000000011010000000000000000000000000000110
3914 11001010010000001001000000000000000000000000000000001011010000000000000000000000000000111
3915 01101101010011100000000000000000000000000000000000010100110000000000000000000000000000000
3916 00100010110100100001100000000000000000000000000000011100110000000000000000000000000000001
3917 11111100010110100010000000000000000000000000000000000101110000000000000000000000000000010
3918 10010000111001000101000000000000000000000000000000011101110000000000000000000000000000011
3919 11100000010000010010100000000000000000000000000000010110000000000000000000000000000000000
3920 01100000010010101101000000000000000000000000000000011110000000000000000000000000000000001
3921 11010001010101110001000000000000000000000000000000000111000000000000000000000000000000010
3922 11001010010110001001100000000000000000000000000000001111000000000000000000000000000000011
3923 01101101011000100000000000000000000000000000000000010100100000000000000000000000000000100
3924 10101010110001100001000000000000000000000000000000010000100000000000000000000000000000001
3925 01100100010010100011100000000000000000000000000000011001100000000000000000000000000000000
3926 00110000110100100101000000000000000000000000000000000001100000000000000000000000000000011
3927 00011000010111110010000000000000000000000000000000011000010000000000000000000000000000010
3928 11010000011000001101100000000000000000000000000000010010010000000000000000000000000000001
3929 01111001010000110000000000000000000000000000000000011011010000000000000000000000000000000
3930 10010010010011101000000000000000000000000000000000010011010000000000000000000000000000011
3931 11001101010100000001100000000000000000000000000000011010110000000000000000000000000000010
3932 00111010110110000000000000000000000000000000000000000000110000000000000000000000000000101
3933 11100100011001100011000000000000000000000000000000011001110000000000000000000000000000100
3934 11111000110000100100100000000000000000000000000000000001110000000000000000000000000000111
3935 00110000010010110010000000000000000000000000000000011000000000000000000000000000000000110
3936 11100000010101001101000000000000000000000000000000010010000000000000000000000000000000101
3937 01001001010110110000100000000000000000000000000000001011000000000000000000000000000000100
3938 10110010011000101001000000000000000000000000000000000011000000000000000000000000000000111
3939 11001101010001000001000000000000000000000000000000001010100000000000000000000000000000110
3940 01101010110010100000100000000000000000000000000000010100100000000000000000000000000000001
3941 00100100010100100011000000000000000000000000000000011101100000000000000000000000000000000
3942 11111000110111100100000000000000000000000000000000000101100000000000000000000000000000011
3943 10010000011000010011100000000000000000000000000000011100010000000000000000000000000000010
3944 11100000010000001100000000000000000000000000000000010110010000000000000000000000000000001
3945 01100001010011110001000000000000000000000000000000011111010000000000000000000000000000000
3946 11010010010100101001100000000000000000000000000000000111010000000000000000000000000000011
3947 11001101010110000001000000000000000000000000000000001110110000000000000000000000000000010
3948 01101010111001100000000000000000000000000000000000010100110000000000000000000000000000101
3949 10101100010000100011100000000000000000000000000000010001110000000000000000000000000000000
3950 01100000110010100101000000000000000000000000000000011001110000000000000000000000000000001
3951 00110000010101110011000000000000000000000000000000000000000000000000000000000000000000010
3952 00011000010110101100100000000000000000000000000000011000000000000000000000000000000000011
3953 11010001011000010001000000000000000000000000000000010011000000000000000000000000000000000
3954 01111010010001101000000000000000000000000000000000011011000000000000000000000000000000001
3955 10010101010010100000100000000000000000000000000000010010100000000000000000000000000000010
3956 11001010110100000001000000000000000000000000000000011010100000000000000000000000000000011
3957 00111100010111000010000000000000000000000000000000000001100000000000000000000000000000100
3958 11100000111000100101100000000000000000000000000000011001100000000000000000000000000000101
3959 11111000010000110010000000000000000000000000000000000000010000000000000000000000000000110
3960 00110000010011101100000000000000000000000000000000011000010000000000000000000000000000111
3961 11100001010100010001100000000000000000000000000000010011010000000000000000000000000000100
3962 01001010010110101000000000000000000000000000000000001011010000000000000000000000000000101
3963 10110101011001100001000000000000000000000000000000000010110000000000000000000000000000110
3964 11001010110000000001100000000000000000000000000000001010110000000000000000000000000000111
3965 01101100010010100010000000000000000000000000000000010101110000000000000000000000000000000
3966 00100000110101100101000000000000000000000000000000011101110000000000000000000000000000001
3967 11111000010110110010100000000000000000000000000000000100000000000000000000000000000000010
3968 10010000011000001101000000000000000000000000000000011100000000000000000000000000000000011
3969 11100001010001010000000000000000000000000000000000010111000000000000000000000000000000000
3970 01100010010010101001100000000000000000000000000000011111000000000000000000000000000000001
3971 11010101010100100001000000000000000000000000000000000110100000000000000000000000000000010
3972 11001010110111000001000000000000000000000000000000001110100000000000000000000000000000011
3973 01101100011000100010100000000000000000000000000000010101100000000000000000000000000000100
3974 10101000110000100101000000000000000000000000000000010001100000000000000000000000000000001
3975 01100000010011110011000000000000000000000000000000011000010000000000000000000000000000000
3976 00110000010100101101100000000000000000000000000000000000010000000000000000000000000000011
3977 00011001010110110000000000000000000000000000000000011001010000000000000000000000000000010
3978 11010010011001001001000000000000000000000000000000010011010000000000000000000000000000001
3979 01111101010000100000100000000000000000000000000000011010110000000000000000000000000000000
3980 10010010110010100000000000000000000000000000000000010010110000000000000000000000000000011
3981 11001100010101000011000000000000000000000000000000011011110000000000000000000000000000010
3982 00111000110110000100100000000000000000000000000000000001110000000000000000000000000000101
3983 11100000011000110011000000000000000000000000000000011000000000000000000000000000000000100
3984 11111000010001101100000000000000000000000000000000000000000000000000000000000000000000111
3985 00110001010010110000100000000000000000000000000000011001000000000000000000000000000000110
3986 11100010010100001001000000000000000000000000000000010011000000000000000000000000000000101
3987 01001101010111100000000000000000000000000000000000001010100000000000000000000000000000100
3988 10110010111000100001100000000000000000000000000000000010100000000000000000000000000000111
3989 11001100010000000011000000000000000000000000000000001011100000000000000000000000000000110
3990 01101000110011100100000000000000000000000000000000010101100000000000000000000000000000001
3991 00100000010100110011100000000000000000000000000000011100010000000000000000000000000000000
3992 11111000010110101100000000000000000000000000000000000100010000000000000000000000000000011
3993 10010001011001010001000000000000000000000000000000011101010000000000000000000000000000010
3994 11100010010000001000100000000000000000000000000000010111010000000000000000000000000000001
3995 01100101010010100001000000000000000000000000000000011110110000000000000000000000000000000
3996 11010010110101100001000000000000000000000000000000000110110000000000000000000000000000011
3997 11001100010110000011100000000000000000000000000000001111110000000000000000000000000000010
3998 01101000111000100100000000000000000000000000000000010101110000000000000000000000000000101
3999 10101000010001110011000000000000000000000000000000010000000000000000000000000000000000000
tb4.v:111: $finish called at 40000000 (1ps)
