2026-05-19 23:42:38 startup archives unpack
2026-05-19 23:42:38 install netbase:all <none> 6.5
2026-05-19 23:42:38 status half-installed netbase:all 6.5
2026-05-19 23:42:38 status unpacked netbase:all 6.5
2026-05-19 23:42:38 install openssl:amd64 <none> 3.5.6-1~deb13u1
2026-05-19 23:42:38 status half-installed openssl:amd64 3.5.6-1~deb13u1
2026-05-19 23:42:38 status unpacked openssl:amd64 3.5.6-1~deb13u1
2026-05-19 23:42:38 install ca-certificates:all <none> 20250419
2026-05-19 23:42:38 status half-installed ca-certificates:all 20250419
2026-05-19 23:42:38 status unpacked ca-certificates:all 20250419
2026-05-19 23:42:38 startup packages configure
2026-05-19 23:42:38 configure netbase:all 6.5 <none>
2026-05-19 23:42:38 status unpacked netbase:all 6.5
2026-05-19 23:42:38 status half-configured netbase:all 6.5
2026-05-19 23:42:38 status installed netbase:all 6.5
2026-05-19 23:42:38 configure openssl:amd64 3.5.6-1~deb13u1 <none>
2026-05-19 23:42:38 status unpacked openssl:amd64 3.5.6-1~deb13u1
2026-05-19 23:42:38 status half-configured openssl:amd64 3.5.6-1~deb13u1
2026-05-19 23:42:38 status installed openssl:amd64 3.5.6-1~deb13u1
2026-05-19 23:42:38 configure ca-certificates:all 20250419 <none>
2026-05-19 23:42:38 status unpacked ca-certificates:all 20250419
2026-05-19 23:42:38 status half-configured ca-certificates:all 20250419
2026-05-19 23:42:39 status installed ca-certificates:all 20250419
2026-05-19 23:42:39 status triggers-pending ca-certificates:all 20250419
2026-05-19 23:42:39 trigproc ca-certificates:all 20250419 <none>
2026-05-19 23:42:39 status half-configured ca-certificates:all 20250419
2026-05-19 23:42:40 status installed ca-certificates:all 20250419
2026-05-19 23:42:45 startup archives unpack
2026-05-19 23:42:45 install libexpat1:amd64 <none> 2.7.1-2
2026-05-19 23:42:45 status triggers-pending libc-bin:amd64 2.41-12+deb13u3
2026-05-19 23:42:45 status half-installed libexpat1:amd64 2.7.1-2
2026-05-19 23:42:45 status unpacked libexpat1:amd64 2.7.1-2
2026-05-19 23:42:45 install adduser:all <none> 3.152
2026-05-19 23:42:45 status half-installed adduser:all 3.152
2026-05-19 23:42:45 status unpacked adduser:all 3.152
2026-05-19 23:42:45 startup packages configure
2026-05-19 23:42:45 configure adduser:all 3.152 <none>
2026-05-19 23:42:45 status unpacked adduser:all 3.152
2026-05-19 23:42:45 status half-configured adduser:all 3.152
2026-05-19 23:42:45 status installed adduser:all 3.152
2026-05-19 23:42:45 startup archives unpack
2026-05-19 23:42:45 install readline-common:all <none> 8.2-6
2026-05-19 23:42:45 status half-installed readline-common:all 8.2-6
2026-05-19 23:42:45 status unpacked readline-common:all 8.2-6
2026-05-19 23:42:45 install bzip2:amd64 <none> 1.0.8-6
2026-05-19 23:42:45 status half-installed bzip2:amd64 1.0.8-6
2026-05-19 23:42:45 status unpacked bzip2:amd64 1.0.8-6
2026-05-19 23:42:45 install perl-modules-5.40:all <none> 5.40.1-6
2026-05-19 23:42:45 status half-installed perl-modules-5.40:all 5.40.1-6
2026-05-19 23:42:45 status unpacked perl-modules-5.40:all 5.40.1-6
2026-05-19 23:42:45 install libgdbm6t64:amd64 <none> 1.24-2
2026-05-19 23:42:45 status half-installed libgdbm6t64:amd64 1.24-2
2026-05-19 23:42:45 status unpacked libgdbm6t64:amd64 1.24-2
2026-05-19 23:42:45 install libgdbm-compat4t64:amd64 <none> 1.24-2
2026-05-19 23:42:45 status half-installed libgdbm-compat4t64:amd64 1.24-2
2026-05-19 23:42:45 status unpacked libgdbm-compat4t64:amd64 1.24-2
2026-05-19 23:42:45 install libperl5.40:amd64 <none> 5.40.1-6
2026-05-19 23:42:45 status half-installed libperl5.40:amd64 5.40.1-6
2026-05-19 23:42:45 status unpacked libperl5.40:amd64 5.40.1-6
2026-05-19 23:42:45 install perl:amd64 <none> 5.40.1-6
2026-05-19 23:42:45 status half-installed perl:amd64 5.40.1-6
2026-05-19 23:42:45 status unpacked perl:amd64 5.40.1-6
2026-05-19 23:42:45 install libunistring5:amd64 <none> 1.3-2
2026-05-19 23:42:45 status half-installed libunistring5:amd64 1.3-2
2026-05-19 23:42:45 status unpacked libunistring5:amd64 1.3-2
2026-05-19 23:42:45 install libidn2-0:amd64 <none> 2.3.8-2
2026-05-19 23:42:45 status half-installed libidn2-0:amd64 2.3.8-2
2026-05-19 23:42:45 status unpacked libidn2-0:amd64 2.3.8-2
2026-05-19 23:42:45 install libffi8:amd64 <none> 3.4.8-2
2026-05-19 23:42:45 status half-installed libffi8:amd64 3.4.8-2
2026-05-19 23:42:45 status unpacked libffi8:amd64 3.4.8-2
2026-05-19 23:42:45 install libp11-kit0:amd64 <none> 0.25.5-3
2026-05-19 23:42:45 status half-installed libp11-kit0:amd64 0.25.5-3
2026-05-19 23:42:45 status unpacked libp11-kit0:amd64 0.25.5-3
2026-05-19 23:42:45 install libtasn1-6:amd64 <none> 4.20.0-2
2026-05-19 23:42:45 status half-installed libtasn1-6:amd64 4.20.0-2
2026-05-19 23:42:45 status unpacked libtasn1-6:amd64 4.20.0-2
2026-05-19 23:42:45 install libgnutls30t64:amd64 <none> 3.8.9-3+deb13u4
2026-05-19 23:42:45 status half-installed libgnutls30t64:amd64 3.8.9-3+deb13u4
2026-05-19 23:42:45 status unpacked libgnutls30t64:amd64 3.8.9-3+deb13u4
2026-05-19 23:42:45 install libpsl5t64:amd64 <none> 0.21.2-1.1+b1
2026-05-19 23:42:45 status half-installed libpsl5t64:amd64 0.21.2-1.1+b1
2026-05-19 23:42:45 status unpacked libpsl5t64:amd64 0.21.2-1.1+b1
2026-05-19 23:42:46 install wget:amd64 <none> 1.25.0-2
2026-05-19 23:42:46 status half-installed wget:amd64 1.25.0-2
2026-05-19 23:42:46 status unpacked wget:amd64 1.25.0-2
2026-05-19 23:42:46 install xz-utils:amd64 <none> 5.8.1-1
2026-05-19 23:42:46 status half-installed xz-utils:amd64 5.8.1-1
2026-05-19 23:42:46 status unpacked xz-utils:amd64 5.8.1-1
2026-05-19 23:42:46 install libsframe1:amd64 <none> 2.44-3
2026-05-19 23:42:46 status half-installed libsframe1:amd64 2.44-3
2026-05-19 23:42:46 status unpacked libsframe1:amd64 2.44-3
2026-05-19 23:42:46 install binutils-common:amd64 <none> 2.44-3
2026-05-19 23:42:46 status half-installed binutils-common:amd64 2.44-3
2026-05-19 23:42:46 status unpacked binutils-common:amd64 2.44-3
2026-05-19 23:42:46 install libbinutils:amd64 <none> 2.44-3
2026-05-19 23:42:46 status half-installed libbinutils:amd64 2.44-3
2026-05-19 23:42:46 status unpacked libbinutils:amd64 2.44-3
2026-05-19 23:42:46 install libgprofng0:amd64 <none> 2.44-3
2026-05-19 23:42:46 status half-installed libgprofng0:amd64 2.44-3
2026-05-19 23:42:46 status unpacked libgprofng0:amd64 2.44-3
2026-05-19 23:42:46 install libctf-nobfd0:amd64 <none> 2.44-3
2026-05-19 23:42:46 status half-installed libctf-nobfd0:amd64 2.44-3
2026-05-19 23:42:46 status unpacked libctf-nobfd0:amd64 2.44-3
2026-05-19 23:42:46 install libctf0:amd64 <none> 2.44-3
2026-05-19 23:42:46 status half-installed libctf0:amd64 2.44-3
2026-05-19 23:42:46 status unpacked libctf0:amd64 2.44-3
2026-05-19 23:42:46 install libjansson4:amd64 <none> 2.14-2+b3
2026-05-19 23:42:46 status half-installed libjansson4:amd64 2.14-2+b3
2026-05-19 23:42:46 status unpacked libjansson4:amd64 2.14-2+b3
2026-05-19 23:42:46 install binutils-x86-64-linux-gnu:amd64 <none> 2.44-3
2026-05-19 23:42:46 status half-installed binutils-x86-64-linux-gnu:amd64 2.44-3
2026-05-19 23:42:46 status unpacked binutils-x86-64-linux-gnu:amd64 2.44-3
2026-05-19 23:42:46 install binutils:amd64 <none> 2.44-3
2026-05-19 23:42:46 status half-installed binutils:amd64 2.44-3
2026-05-19 23:42:46 status unpacked binutils:amd64 2.44-3
2026-05-19 23:42:46 install libisl23:amd64 <none> 0.27-1
2026-05-19 23:42:46 status half-installed libisl23:amd64 0.27-1
2026-05-19 23:42:46 status unpacked libisl23:amd64 0.27-1
2026-05-19 23:42:46 install libmpfr6:amd64 <none> 4.2.2-1
2026-05-19 23:42:46 status half-installed libmpfr6:amd64 4.2.2-1
2026-05-19 23:42:46 status unpacked libmpfr6:amd64 4.2.2-1
2026-05-19 23:42:46 install libmpc3:amd64 <none> 1.3.1-1+b3
2026-05-19 23:42:46 status half-installed libmpc3:amd64 1.3.1-1+b3
2026-05-19 23:42:46 status unpacked libmpc3:amd64 1.3.1-1+b3
2026-05-19 23:42:46 install cpp-14-x86-64-linux-gnu:amd64 <none> 14.2.0-19
2026-05-19 23:42:46 status half-installed cpp-14-x86-64-linux-gnu:amd64 14.2.0-19
2026-05-19 23:42:47 status unpacked cpp-14-x86-64-linux-gnu:amd64 14.2.0-19
2026-05-19 23:42:47 install cpp-14:amd64 <none> 14.2.0-19
2026-05-19 23:42:47 status half-installed cpp-14:amd64 14.2.0-19
2026-05-19 23:42:47 status unpacked cpp-14:amd64 14.2.0-19
2026-05-19 23:42:47 install cpp-x86-64-linux-gnu:amd64 <none> 4:14.2.0-1
2026-05-19 23:42:47 status half-installed cpp-x86-64-linux-gnu:amd64 4:14.2.0-1
2026-05-19 23:42:47 status unpacked cpp-x86-64-linux-gnu:amd64 4:14.2.0-1
2026-05-19 23:42:47 install cpp:amd64 <none> 4:14.2.0-1
2026-05-19 23:42:47 status half-installed cpp:amd64 4:14.2.0-1
2026-05-19 23:42:47 status unpacked cpp:amd64 4:14.2.0-1
2026-05-19 23:42:47 install libgpg-error0:amd64 <none> 1.51-4
2026-05-19 23:42:47 status half-installed libgpg-error0:amd64 1.51-4
2026-05-19 23:42:47 status unpacked libgpg-error0:amd64 1.51-4
2026-05-19 23:42:47 install libassuan9:amd64 <none> 3.0.2-2
2026-05-19 23:42:47 status half-installed libassuan9:amd64 3.0.2-2
2026-05-19 23:42:47 status unpacked libassuan9:amd64 3.0.2-2
2026-05-19 23:42:47 install libgcrypt20:amd64 <none> 1.11.0-7
2026-05-19 23:42:47 status half-installed libgcrypt20:amd64 1.11.0-7
2026-05-19 23:42:47 status unpacked libgcrypt20:amd64 1.11.0-7
2026-05-19 23:42:47 install libreadline8t64:amd64 <none> 8.2-6
2026-05-19 23:42:47 status half-installed libreadline8t64:amd64 8.2-6
2026-05-19 23:42:47 status unpacked libreadline8t64:amd64 8.2-6
2026-05-19 23:42:47 install gpgconf:amd64 <none> 2.4.7-21+deb13u1+b3
2026-05-19 23:42:47 status half-installed gpgconf:amd64 2.4.7-21+deb13u1+b3
2026-05-19 23:42:47 status unpacked gpgconf:amd64 2.4.7-21+deb13u1+b3
2026-05-19 23:42:47 install libksba8:amd64 <none> 1.6.7-2+b1
2026-05-19 23:42:47 status half-installed libksba8:amd64 1.6.7-2+b1
2026-05-19 23:42:47 status unpacked libksba8:amd64 1.6.7-2+b1
2026-05-19 23:42:47 install libsasl2-modules-db:amd64 <none> 2.1.28+dfsg1-9
2026-05-19 23:42:47 status half-installed libsasl2-modules-db:amd64 2.1.28+dfsg1-9
2026-05-19 23:42:47 status unpacked libsasl2-modules-db:amd64 2.1.28+dfsg1-9
2026-05-19 23:42:47 install libsasl2-2:amd64 <none> 2.1.28+dfsg1-9
2026-05-19 23:42:47 status half-installed libsasl2-2:amd64 2.1.28+dfsg1-9
2026-05-19 23:42:47 status unpacked libsasl2-2:amd64 2.1.28+dfsg1-9
2026-05-19 23:42:47 install libldap2:amd64 <none> 2.6.10+dfsg-1
2026-05-19 23:42:47 status half-installed libldap2:amd64 2.6.10+dfsg-1
2026-05-19 23:42:47 status unpacked libldap2:amd64 2.6.10+dfsg-1
2026-05-19 23:42:47 install libnpth0t64:amd64 <none> 1.8-3
2026-05-19 23:42:47 status half-installed libnpth0t64:amd64 1.8-3
2026-05-19 23:42:47 status unpacked libnpth0t64:amd64 1.8-3
2026-05-19 23:42:47 install dirmngr:amd64 <none> 2.4.7-21+deb13u1+b3
2026-05-19 23:42:47 status half-installed dirmngr:amd64 2.4.7-21+deb13u1+b3
2026-05-19 23:42:47 status unpacked dirmngr:amd64 2.4.7-21+deb13u1+b3
2026-05-19 23:42:47 install libdpkg-perl:all <none> 1.22.22
2026-05-19 23:42:47 status half-installed libdpkg-perl:all 1.22.22
2026-05-19 23:42:47 status unpacked libdpkg-perl:all 1.22.22
2026-05-19 23:42:47 install patch:amd64 <none> 2.8-2
2026-05-19 23:42:47 status half-installed patch:amd64 2.8-2
2026-05-19 23:42:47 status unpacked patch:amd64 2.8-2
2026-05-19 23:42:47 install make:amd64 <none> 4.4.1-2
2026-05-19 23:42:47 status half-installed make:amd64 4.4.1-2
2026-05-19 23:42:47 status unpacked make:amd64 4.4.1-2
2026-05-19 23:42:48 install dpkg-dev:all <none> 1.22.22
2026-05-19 23:42:48 status half-installed dpkg-dev:all 1.22.22
2026-05-19 23:42:48 status unpacked dpkg-dev:all 1.22.22
2026-05-19 23:42:48 install fonts-dejavu-mono:all <none> 2.37-8
2026-05-19 23:42:48 status half-installed fonts-dejavu-mono:all 2.37-8
2026-05-19 23:42:48 status unpacked fonts-dejavu-mono:all 2.37-8
2026-05-19 23:42:48 install fonts-dejavu-core:all <none> 2.37-8
2026-05-19 23:42:48 status half-installed fonts-dejavu-core:all 2.37-8
2026-05-19 23:42:48 status unpacked fonts-dejavu-core:all 2.37-8
2026-05-19 23:42:48 install fontconfig-config:amd64 <none> 2.15.0-2.3
2026-05-19 23:42:48 status half-installed fontconfig-config:amd64 2.15.0-2.3
2026-05-19 23:42:48 status unpacked fontconfig-config:amd64 2.15.0-2.3
2026-05-19 23:42:48 install libcc1-0:amd64 <none> 14.2.0-19
2026-05-19 23:42:48 status half-installed libcc1-0:amd64 14.2.0-19
2026-05-19 23:42:48 status unpacked libcc1-0:amd64 14.2.0-19
2026-05-19 23:42:48 install libgomp1:amd64 <none> 14.2.0-19
2026-05-19 23:42:48 status half-installed libgomp1:amd64 14.2.0-19
2026-05-19 23:42:48 status unpacked libgomp1:amd64 14.2.0-19
2026-05-19 23:42:48 install libitm1:amd64 <none> 14.2.0-19
2026-05-19 23:42:48 status half-installed libitm1:amd64 14.2.0-19
2026-05-19 23:42:48 status unpacked libitm1:amd64 14.2.0-19
2026-05-19 23:42:48 install libatomic1:amd64 <none> 14.2.0-19
2026-05-19 23:42:48 status half-installed libatomic1:amd64 14.2.0-19
2026-05-19 23:42:48 status unpacked libatomic1:amd64 14.2.0-19
2026-05-19 23:42:48 install libasan8:amd64 <none> 14.2.0-19
2026-05-19 23:42:48 status half-installed libasan8:amd64 14.2.0-19
2026-05-19 23:42:48 status unpacked libasan8:amd64 14.2.0-19
2026-05-19 23:42:48 install liblsan0:amd64 <none> 14.2.0-19
2026-05-19 23:42:48 status half-installed liblsan0:amd64 14.2.0-19
2026-05-19 23:42:48 status unpacked liblsan0:amd64 14.2.0-19
2026-05-19 23:42:48 install libtsan2:amd64 <none> 14.2.0-19
2026-05-19 23:42:48 status half-installed libtsan2:amd64 14.2.0-19
2026-05-19 23:42:48 status unpacked libtsan2:amd64 14.2.0-19
2026-05-19 23:42:48 install libubsan1:amd64 <none> 14.2.0-19
2026-05-19 23:42:48 status half-installed libubsan1:amd64 14.2.0-19
2026-05-19 23:42:49 status unpacked libubsan1:amd64 14.2.0-19
2026-05-19 23:42:49 install libhwasan0:amd64 <none> 14.2.0-19
2026-05-19 23:42:49 status half-installed libhwasan0:amd64 14.2.0-19
2026-05-19 23:42:49 status unpacked libhwasan0:amd64 14.2.0-19
2026-05-19 23:42:49 install libquadmath0:amd64 <none> 14.2.0-19
2026-05-19 23:42:49 status half-installed libquadmath0:amd64 14.2.0-19
2026-05-19 23:42:49 status unpacked libquadmath0:amd64 14.2.0-19
2026-05-19 23:42:49 install libgcc-14-dev:amd64 <none> 14.2.0-19
2026-05-19 23:42:49 status half-installed libgcc-14-dev:amd64 14.2.0-19
2026-05-19 23:42:49 status unpacked libgcc-14-dev:amd64 14.2.0-19
2026-05-19 23:42:49 install gcc-14-x86-64-linux-gnu:amd64 <none> 14.2.0-19
2026-05-19 23:42:49 status half-installed gcc-14-x86-64-linux-gnu:amd64 14.2.0-19
2026-05-19 23:42:49 status unpacked gcc-14-x86-64-linux-gnu:amd64 14.2.0-19
2026-05-19 23:42:49 install gcc-14:amd64 <none> 14.2.0-19
2026-05-19 23:42:49 status half-installed gcc-14:amd64 14.2.0-19
2026-05-19 23:42:49 status unpacked gcc-14:amd64 14.2.0-19
2026-05-19 23:42:49 install gcc-x86-64-linux-gnu:amd64 <none> 4:14.2.0-1
2026-05-19 23:42:49 status half-installed gcc-x86-64-linux-gnu:amd64 4:14.2.0-1
2026-05-19 23:42:49 status unpacked gcc-x86-64-linux-gnu:amd64 4:14.2.0-1
2026-05-19 23:42:49 install gcc:amd64 <none> 4:14.2.0-1
2026-05-19 23:42:49 status half-installed gcc:amd64 4:14.2.0-1
2026-05-19 23:42:49 status unpacked gcc:amd64 4:14.2.0-1
2026-05-19 23:42:49 install gnupg-l10n:all <none> 2.4.7-21+deb13u1
2026-05-19 23:42:49 status half-installed gnupg-l10n:all 2.4.7-21+deb13u1
2026-05-19 23:42:50 status unpacked gnupg-l10n:all 2.4.7-21+deb13u1
2026-05-19 23:42:50 install gpg:amd64 <none> 2.4.7-21+deb13u1+b3
2026-05-19 23:42:50 status half-installed gpg:amd64 2.4.7-21+deb13u1+b3
2026-05-19 23:42:50 status unpacked gpg:amd64 2.4.7-21+deb13u1+b3
2026-05-19 23:42:50 install libncursesw6:amd64 <none> 6.5+20250216-2
2026-05-19 23:42:50 status half-installed libncursesw6:amd64 6.5+20250216-2
2026-05-19 23:42:50 status unpacked libncursesw6:amd64 6.5+20250216-2
2026-05-19 23:42:50 install pinentry-curses:amd64 <none> 1.3.1-2
2026-05-19 23:42:50 status half-installed pinentry-curses:amd64 1.3.1-2
2026-05-19 23:42:50 status unpacked pinentry-curses:amd64 1.3.1-2
2026-05-19 23:42:50 install gpg-agent:amd64 <none> 2.4.7-21+deb13u1+b3
2026-05-19 23:42:50 status half-installed gpg-agent:amd64 2.4.7-21+deb13u1+b3
2026-05-19 23:42:50 status unpacked gpg-agent:amd64 2.4.7-21+deb13u1+b3
2026-05-19 23:42:50 install gpgsm:amd64 <none> 2.4.7-21+deb13u1+b3
2026-05-19 23:42:50 status half-installed gpgsm:amd64 2.4.7-21+deb13u1+b3
2026-05-19 23:42:50 status unpacked gpgsm:amd64 2.4.7-21+deb13u1+b3
2026-05-19 23:42:50 install gnupg:all <none> 2.4.7-21+deb13u1
2026-05-19 23:42:50 status half-installed gnupg:all 2.4.7-21+deb13u1
2026-05-19 23:42:50 status unpacked gnupg:all 2.4.7-21+deb13u1
2026-05-19 23:42:50 install libbluetooth3:amd64 <none> 5.82-1.1
2026-05-19 23:42:50 status half-installed libbluetooth3:amd64 5.82-1.1
2026-05-19 23:42:50 status unpacked libbluetooth3:amd64 5.82-1.1
2026-05-19 23:42:50 install libc-dev-bin:amd64 <none> 2.41-12+deb13u3
2026-05-19 23:42:50 status half-installed libc-dev-bin:amd64 2.41-12+deb13u3
2026-05-19 23:42:50 status unpacked libc-dev-bin:amd64 2.41-12+deb13u3
2026-05-19 23:42:50 install linux-libc-dev:all <none> 6.12.88-1
2026-05-19 23:42:50 status half-installed linux-libc-dev:all 6.12.88-1
2026-05-19 23:42:50 status unpacked linux-libc-dev:all 6.12.88-1
2026-05-19 23:42:50 install libcrypt-dev:amd64 <none> 1:4.4.38-1
2026-05-19 23:42:50 status half-installed libcrypt-dev:amd64 1:4.4.38-1
2026-05-19 23:42:50 status unpacked libcrypt-dev:amd64 1:4.4.38-1
2026-05-19 23:42:50 install rpcsvc-proto:amd64 <none> 1.4.3-1
2026-05-19 23:42:50 status half-installed rpcsvc-proto:amd64 1.4.3-1
2026-05-19 23:42:50 status unpacked rpcsvc-proto:amd64 1.4.3-1
2026-05-19 23:42:50 install libc6-dev:amd64 <none> 2.41-12+deb13u3
2026-05-19 23:42:50 status half-installed libc6-dev:amd64 2.41-12+deb13u3
2026-05-19 23:42:50 status unpacked libc6-dev:amd64 2.41-12+deb13u3
2026-05-19 23:42:50 install libbluetooth-dev:amd64 <none> 5.82-1.1
2026-05-19 23:42:50 status half-installed libbluetooth-dev:amd64 5.82-1.1
2026-05-19 23:42:50 status unpacked libbluetooth-dev:amd64 5.82-1.1
2026-05-19 23:42:50 install libbrotli1:amd64 <none> 1.1.0-2+b7
2026-05-19 23:42:50 status half-installed libbrotli1:amd64 1.1.0-2+b7
2026-05-19 23:42:51 status unpacked libbrotli1:amd64 1.1.0-2+b7
2026-05-19 23:42:51 install libbrotli-dev:amd64 <none> 1.1.0-2+b7
2026-05-19 23:42:51 status half-installed libbrotli-dev:amd64 1.1.0-2+b7
2026-05-19 23:42:51 status unpacked libbrotli-dev:amd64 1.1.0-2+b7
2026-05-19 23:42:51 install libbz2-dev:amd64 <none> 1.0.8-6
2026-05-19 23:42:51 status half-installed libbz2-dev:amd64 1.0.8-6
2026-05-19 23:42:51 status unpacked libbz2-dev:amd64 1.0.8-6
2026-05-19 23:42:51 install libdb5.3-dev:amd64 <none> 5.3.28+dfsg2-9
2026-05-19 23:42:51 status half-installed libdb5.3-dev:amd64 5.3.28+dfsg2-9
2026-05-19 23:42:51 status unpacked libdb5.3-dev:amd64 5.3.28+dfsg2-9
2026-05-19 23:42:51 install libdb-dev:amd64 <none> 5.3.4
2026-05-19 23:42:51 status half-installed libdb-dev:amd64 5.3.4
2026-05-19 23:42:51 status unpacked libdb-dev:amd64 5.3.4
2026-05-19 23:42:51 install libexpat1-dev:amd64 <none> 2.7.1-2
2026-05-19 23:42:51 status half-installed libexpat1-dev:amd64 2.7.1-2
2026-05-19 23:42:51 status unpacked libexpat1-dev:amd64 2.7.1-2
2026-05-19 23:42:51 install libffi-dev:amd64 <none> 3.4.8-2
2026-05-19 23:42:51 status half-installed libffi-dev:amd64 3.4.8-2
2026-05-19 23:42:51 status unpacked libffi-dev:amd64 3.4.8-2
2026-05-19 23:42:51 install libpng16-16t64:amd64 <none> 1.6.48-1+deb13u5
2026-05-19 23:42:51 status half-installed libpng16-16t64:amd64 1.6.48-1+deb13u5
2026-05-19 23:42:51 status unpacked libpng16-16t64:amd64 1.6.48-1+deb13u5
2026-05-19 23:42:51 install libfreetype6:amd64 <none> 2.13.3+dfsg-1+deb13u1
2026-05-19 23:42:51 status half-installed libfreetype6:amd64 2.13.3+dfsg-1+deb13u1
2026-05-19 23:42:51 status unpacked libfreetype6:amd64 2.13.3+dfsg-1+deb13u1
2026-05-19 23:42:51 install libfontconfig1:amd64 <none> 2.15.0-2.3
2026-05-19 23:42:51 status half-installed libfontconfig1:amd64 2.15.0-2.3
2026-05-19 23:42:51 status unpacked libfontconfig1:amd64 2.15.0-2.3
2026-05-19 23:42:51 install zlib1g-dev:amd64 <none> 1:1.3.dfsg+really1.3.1-1+b1
2026-05-19 23:42:51 status half-installed zlib1g-dev:amd64 1:1.3.dfsg+really1.3.1-1+b1
2026-05-19 23:42:51 status unpacked zlib1g-dev:amd64 1:1.3.dfsg+really1.3.1-1+b1
2026-05-19 23:42:51 install libpng-dev:amd64 <none> 1.6.48-1+deb13u5
2026-05-19 23:42:51 status half-installed libpng-dev:amd64 1.6.48-1+deb13u5
2026-05-19 23:42:51 status unpacked libpng-dev:amd64 1.6.48-1+deb13u5
2026-05-19 23:42:51 install libfreetype-dev:amd64 <none> 2.13.3+dfsg-1+deb13u1
2026-05-19 23:42:51 status half-installed libfreetype-dev:amd64 2.13.3+dfsg-1+deb13u1
2026-05-19 23:42:51 status unpacked libfreetype-dev:amd64 2.13.3+dfsg-1+deb13u1
2026-05-19 23:42:51 install uuid-dev:amd64 <none> 2.41-5
2026-05-19 23:42:51 status half-installed uuid-dev:amd64 2.41-5
2026-05-19 23:42:51 status unpacked uuid-dev:amd64 2.41-5
2026-05-19 23:42:51 install libpkgconf3:amd64 <none> 1.8.1-4
2026-05-19 23:42:51 status half-installed libpkgconf3:amd64 1.8.1-4
2026-05-19 23:42:51 status unpacked libpkgconf3:amd64 1.8.1-4
2026-05-19 23:42:51 install pkgconf-bin:amd64 <none> 1.8.1-4
2026-05-19 23:42:51 status half-installed pkgconf-bin:amd64 1.8.1-4
2026-05-19 23:42:51 status unpacked pkgconf-bin:amd64 1.8.1-4
2026-05-19 23:42:51 install pkgconf:amd64 <none> 1.8.1-4
2026-05-19 23:42:51 status half-installed pkgconf:amd64 1.8.1-4
2026-05-19 23:42:51 status unpacked pkgconf:amd64 1.8.1-4
2026-05-19 23:42:51 install libfontconfig-dev:amd64 <none> 2.15.0-2.3
2026-05-19 23:42:51 status half-installed libfontconfig-dev:amd64 2.15.0-2.3
2026-05-19 23:42:52 status unpacked libfontconfig-dev:amd64 2.15.0-2.3
2026-05-19 23:42:52 install libfontconfig1-dev:amd64 <none> 2.15.0-2.3
2026-05-19 23:42:52 status half-installed libfontconfig1-dev:amd64 2.15.0-2.3
2026-05-19 23:42:52 status unpacked libfontconfig1-dev:amd64 2.15.0-2.3
2026-05-19 23:42:52 install libgdbm-dev:amd64 <none> 1.24-2
2026-05-19 23:42:52 status half-installed libgdbm-dev:amd64 1.24-2
2026-05-19 23:42:52 status unpacked libgdbm-dev:amd64 1.24-2
2026-05-19 23:42:52 install liblzma-dev:amd64 <none> 5.8.1-1
2026-05-19 23:42:52 status half-installed liblzma-dev:amd64 5.8.1-1
2026-05-19 23:42:52 status unpacked liblzma-dev:amd64 5.8.1-1
2026-05-19 23:42:52 install libncurses6:amd64 <none> 6.5+20250216-2
2026-05-19 23:42:52 status half-installed libncurses6:amd64 6.5+20250216-2
2026-05-19 23:42:52 status unpacked libncurses6:amd64 6.5+20250216-2
2026-05-19 23:42:52 install libncurses-dev:amd64 <none> 6.5+20250216-2
2026-05-19 23:42:52 status half-installed libncurses-dev:amd64 6.5+20250216-2
2026-05-19 23:42:52 status unpacked libncurses-dev:amd64 6.5+20250216-2
2026-05-19 23:42:52 install libreadline-dev:amd64 <none> 8.2-6
2026-05-19 23:42:52 status half-installed libreadline-dev:amd64 8.2-6
2026-05-19 23:42:52 status unpacked libreadline-dev:amd64 8.2-6
2026-05-19 23:42:52 install libsqlite3-dev:amd64 <none> 3.46.1-7+deb13u1
2026-05-19 23:42:52 status half-installed libsqlite3-dev:amd64 3.46.1-7+deb13u1
2026-05-19 23:42:52 status unpacked libsqlite3-dev:amd64 3.46.1-7+deb13u1
2026-05-19 23:42:52 install libssl-dev:amd64 <none> 3.5.6-1~deb13u1
2026-05-19 23:42:52 status half-installed libssl-dev:amd64 3.5.6-1~deb13u1
2026-05-19 23:42:52 status unpacked libssl-dev:amd64 3.5.6-1~deb13u1
2026-05-19 23:42:52 install libtcl8.6:amd64 <none> 8.6.16+dfsg-1
2026-05-19 23:42:52 status half-installed libtcl8.6:amd64 8.6.16+dfsg-1
2026-05-19 23:42:52 status unpacked libtcl8.6:amd64 8.6.16+dfsg-1
2026-05-19 23:42:52 install libxau6:amd64 <none> 1:1.0.11-1
2026-05-19 23:42:52 status half-installed libxau6:amd64 1:1.0.11-1
2026-05-19 23:42:52 status unpacked libxau6:amd64 1:1.0.11-1
2026-05-19 23:42:52 install libxdmcp6:amd64 <none> 1:1.1.5-1
2026-05-19 23:42:52 status half-installed libxdmcp6:amd64 1:1.1.5-1
2026-05-19 23:42:52 status unpacked libxdmcp6:amd64 1:1.1.5-1
2026-05-19 23:42:52 install libxcb1:amd64 <none> 1.17.0-2+b1
2026-05-19 23:42:52 status half-installed libxcb1:amd64 1.17.0-2+b1
2026-05-19 23:42:52 status unpacked libxcb1:amd64 1.17.0-2+b1
2026-05-19 23:42:52 install libx11-data:all <none> 2:1.8.12-1
2026-05-19 23:42:52 status half-installed libx11-data:all 2:1.8.12-1
2026-05-19 23:42:52 status unpacked libx11-data:all 2:1.8.12-1
2026-05-19 23:42:52 install libx11-6:amd64 <none> 2:1.8.12-1
2026-05-19 23:42:52 status half-installed libx11-6:amd64 2:1.8.12-1
2026-05-19 23:42:52 status unpacked libx11-6:amd64 2:1.8.12-1
2026-05-19 23:42:53 install libxrender1:amd64 <none> 1:0.9.12-1
2026-05-19 23:42:53 status half-installed libxrender1:amd64 1:0.9.12-1
2026-05-19 23:42:53 status unpacked libxrender1:amd64 1:0.9.12-1
2026-05-19 23:42:53 install libxft2:amd64 <none> 2.3.6-1+b4
2026-05-19 23:42:53 status half-installed libxft2:amd64 2.3.6-1+b4
2026-05-19 23:42:53 status unpacked libxft2:amd64 2.3.6-1+b4
2026-05-19 23:42:53 install libxext6:amd64 <none> 2:1.3.4-1+b3
2026-05-19 23:42:53 status half-installed libxext6:amd64 2:1.3.4-1+b3
2026-05-19 23:42:53 status unpacked libxext6:amd64 2:1.3.4-1+b3
2026-05-19 23:42:53 install x11-common:all <none> 1:7.7+24+deb13u1
2026-05-19 23:42:53 status half-installed x11-common:all 1:7.7+24+deb13u1
2026-05-19 23:42:53 status unpacked x11-common:all 1:7.7+24+deb13u1
2026-05-19 23:42:53 install libxss1:amd64 <none> 1:1.2.3-1+b3
2026-05-19 23:42:53 status half-installed libxss1:amd64 1:1.2.3-1+b3
2026-05-19 23:42:53 status unpacked libxss1:amd64 1:1.2.3-1+b3
2026-05-19 23:42:53 install libtk8.6:amd64 <none> 8.6.16-1
2026-05-19 23:42:53 status half-installed libtk8.6:amd64 8.6.16-1
2026-05-19 23:42:53 status unpacked libtk8.6:amd64 8.6.16-1
2026-05-19 23:42:53 install xorg-sgml-doctools:all <none> 1:1.11-1.1
2026-05-19 23:42:53 status half-installed xorg-sgml-doctools:all 1:1.11-1.1
2026-05-19 23:42:53 status unpacked xorg-sgml-doctools:all 1:1.11-1.1
2026-05-19 23:42:53 install x11proto-dev:all <none> 2024.1-1
2026-05-19 23:42:53 status half-installed x11proto-dev:all 2024.1-1
2026-05-19 23:42:53 status unpacked x11proto-dev:all 2024.1-1
2026-05-19 23:42:53 install libxau-dev:amd64 <none> 1:1.0.11-1
2026-05-19 23:42:53 status half-installed libxau-dev:amd64 1:1.0.11-1
2026-05-19 23:42:53 status unpacked libxau-dev:amd64 1:1.0.11-1
2026-05-19 23:42:53 install libxdmcp-dev:amd64 <none> 1:1.1.5-1
2026-05-19 23:42:53 status half-installed libxdmcp-dev:amd64 1:1.1.5-1
2026-05-19 23:42:53 status unpacked libxdmcp-dev:amd64 1:1.1.5-1
2026-05-19 23:42:53 install xtrans-dev:all <none> 1.4.0-1
2026-05-19 23:42:53 status half-installed xtrans-dev:all 1.4.0-1
2026-05-19 23:42:53 status unpacked xtrans-dev:all 1.4.0-1
2026-05-19 23:42:53 install libxcb1-dev:amd64 <none> 1.17.0-2+b1
2026-05-19 23:42:53 status half-installed libxcb1-dev:amd64 1.17.0-2+b1
2026-05-19 23:42:53 status unpacked libxcb1-dev:amd64 1.17.0-2+b1
2026-05-19 23:42:53 install libx11-dev:amd64 <none> 2:1.8.12-1
2026-05-19 23:42:53 status half-installed libx11-dev:amd64 2:1.8.12-1
2026-05-19 23:42:53 status unpacked libx11-dev:amd64 2:1.8.12-1
2026-05-19 23:42:53 install libxext-dev:amd64 <none> 2:1.3.4-1+b3
2026-05-19 23:42:53 status half-installed libxext-dev:amd64 2:1.3.4-1+b3
2026-05-19 23:42:53 status unpacked libxext-dev:amd64 2:1.3.4-1+b3
2026-05-19 23:42:53 install libxrender-dev:amd64 <none> 1:0.9.12-1
2026-05-19 23:42:53 status half-installed libxrender-dev:amd64 1:0.9.12-1
2026-05-19 23:42:53 status unpacked libxrender-dev:amd64 1:0.9.12-1
2026-05-19 23:42:53 install libxft-dev:amd64 <none> 2.3.6-1+b4
2026-05-19 23:42:53 status half-installed libxft-dev:amd64 2.3.6-1+b4
2026-05-19 23:42:53 status unpacked libxft-dev:amd64 2.3.6-1+b4
2026-05-19 23:42:53 install libxss-dev:amd64 <none> 1:1.2.3-1+b3
2026-05-19 23:42:53 status half-installed libxss-dev:amd64 1:1.2.3-1+b3
2026-05-19 23:42:53 status unpacked libxss-dev:amd64 1:1.2.3-1+b3
2026-05-19 23:42:53 install tcl8.6:amd64 <none> 8.6.16+dfsg-1
2026-05-19 23:42:53 status half-installed tcl8.6:amd64 8.6.16+dfsg-1
2026-05-19 23:42:53 status unpacked tcl8.6:amd64 8.6.16+dfsg-1
2026-05-19 23:42:54 install tcl:amd64 <none> 8.6.16
2026-05-19 23:42:54 status half-installed tcl:amd64 8.6.16
2026-05-19 23:42:54 status unpacked tcl:amd64 8.6.16
2026-05-19 23:42:54 install tcl8.6-dev:amd64 <none> 8.6.16+dfsg-1
2026-05-19 23:42:54 status half-installed tcl8.6-dev:amd64 8.6.16+dfsg-1
2026-05-19 23:42:54 status unpacked tcl8.6-dev:amd64 8.6.16+dfsg-1
2026-05-19 23:42:54 install tcl-dev:amd64 <none> 8.6.16
2026-05-19 23:42:54 status half-installed tcl-dev:amd64 8.6.16
2026-05-19 23:42:54 status unpacked tcl-dev:amd64 8.6.16
2026-05-19 23:42:54 install tk8.6:amd64 <none> 8.6.16-1
2026-05-19 23:42:54 status half-installed tk8.6:amd64 8.6.16-1
2026-05-19 23:42:54 status unpacked tk8.6:amd64 8.6.16-1
2026-05-19 23:42:54 install tk:amd64 <none> 8.6.16
2026-05-19 23:42:54 status half-installed tk:amd64 8.6.16
2026-05-19 23:42:54 status unpacked tk:amd64 8.6.16
2026-05-19 23:42:54 install x11proto-core-dev:all <none> 2024.1-1
2026-05-19 23:42:54 status half-installed x11proto-core-dev:all 2024.1-1
2026-05-19 23:42:54 status unpacked x11proto-core-dev:all 2024.1-1
2026-05-19 23:42:54 install tk8.6-dev:amd64 <none> 8.6.16-1
2026-05-19 23:42:54 status half-installed tk8.6-dev:amd64 8.6.16-1
2026-05-19 23:42:54 status unpacked tk8.6-dev:amd64 8.6.16-1
2026-05-19 23:42:54 install tk-dev:amd64 <none> 8.6.16
2026-05-19 23:42:54 status half-installed tk-dev:amd64 8.6.16
2026-05-19 23:42:54 status unpacked tk-dev:amd64 8.6.16
2026-05-19 23:42:54 startup packages configure
2026-05-19 23:42:54 configure libexpat1:amd64 2.7.1-2 <none>
2026-05-19 23:42:54 status unpacked libexpat1:amd64 2.7.1-2
2026-05-19 23:42:54 status half-configured libexpat1:amd64 2.7.1-2
2026-05-19 23:42:54 status installed libexpat1:amd64 2.7.1-2
2026-05-19 23:42:54 configure libxau6:amd64 1:1.0.11-1 <none>
2026-05-19 23:42:54 status unpacked libxau6:amd64 1:1.0.11-1
2026-05-19 23:42:54 status half-configured libxau6:amd64 1:1.0.11-1
2026-05-19 23:42:54 status installed libxau6:amd64 1:1.0.11-1
2026-05-19 23:42:54 configure libxdmcp6:amd64 1:1.1.5-1 <none>
2026-05-19 23:42:54 status unpacked libxdmcp6:amd64 1:1.1.5-1
2026-05-19 23:42:54 status half-configured libxdmcp6:amd64 1:1.1.5-1
2026-05-19 23:42:54 status installed libxdmcp6:amd64 1:1.1.5-1
2026-05-19 23:42:54 configure libnpth0t64:amd64 1.8-3 <none>
2026-05-19 23:42:54 status unpacked libnpth0t64:amd64 1.8-3
2026-05-19 23:42:54 status half-configured libnpth0t64:amd64 1.8-3
2026-05-19 23:42:54 status installed libnpth0t64:amd64 1.8-3
2026-05-19 23:42:54 configure libxcb1:amd64 1.17.0-2+b1 <none>
2026-05-19 23:42:54 status unpacked libxcb1:amd64 1.17.0-2+b1
2026-05-19 23:42:54 status half-configured libxcb1:amd64 1.17.0-2+b1
2026-05-19 23:42:54 status installed libxcb1:amd64 1.17.0-2+b1
2026-05-19 23:42:54 configure libgdbm6t64:amd64 1.24-2 <none>
2026-05-19 23:42:54 status unpacked libgdbm6t64:amd64 1.24-2
2026-05-19 23:42:54 status half-configured libgdbm6t64:amd64 1.24-2
2026-05-19 23:42:54 status installed libgdbm6t64:amd64 1.24-2
2026-05-19 23:42:54 configure libgpg-error0:amd64 1.51-4 <none>
2026-05-19 23:42:54 status unpacked libgpg-error0:amd64 1.51-4
2026-05-19 23:42:54 status half-configured libgpg-error0:amd64 1.51-4
2026-05-19 23:42:54 status installed libgpg-error0:amd64 1.51-4
2026-05-19 23:42:54 configure libgdbm-compat4t64:amd64 1.24-2 <none>
2026-05-19 23:42:54 status unpacked libgdbm-compat4t64:amd64 1.24-2
2026-05-19 23:42:54 status half-configured libgdbm-compat4t64:amd64 1.24-2
2026-05-19 23:42:54 status installed libgdbm-compat4t64:amd64 1.24-2
2026-05-19 23:42:54 configure libbrotli1:amd64 1.1.0-2+b7 <none>
2026-05-19 23:42:54 status unpacked libbrotli1:amd64 1.1.0-2+b7
2026-05-19 23:42:54 status half-configured libbrotli1:amd64 1.1.0-2+b7
2026-05-19 23:42:54 status installed libbrotli1:amd64 1.1.0-2+b7
2026-05-19 23:42:54 configure binutils-common:amd64 2.44-3 <none>
2026-05-19 23:42:54 status unpacked binutils-common:amd64 2.44-3
2026-05-19 23:42:54 status half-configured binutils-common:amd64 2.44-3
2026-05-19 23:42:54 status installed binutils-common:amd64 2.44-3
2026-05-19 23:42:54 configure x11-common:all 1:7.7+24+deb13u1 <none>
2026-05-19 23:42:54 status unpacked x11-common:all 1:7.7+24+deb13u1
2026-05-19 23:42:54 status half-configured x11-common:all 1:7.7+24+deb13u1
2026-05-19 23:42:54 status installed x11-common:all 1:7.7+24+deb13u1
2026-05-19 23:42:54 configure linux-libc-dev:all 6.12.88-1 <none>
2026-05-19 23:42:54 status unpacked linux-libc-dev:all 6.12.88-1
2026-05-19 23:42:54 status half-configured linux-libc-dev:all 6.12.88-1
2026-05-19 23:42:54 status installed linux-libc-dev:all 6.12.88-1
2026-05-19 23:42:54 configure libctf-nobfd0:amd64 2.44-3 <none>
2026-05-19 23:42:54 status unpacked libctf-nobfd0:amd64 2.44-3
2026-05-19 23:42:54 status half-configured libctf-nobfd0:amd64 2.44-3
2026-05-19 23:42:54 status installed libctf-nobfd0:amd64 2.44-3
2026-05-19 23:42:54 configure libgcrypt20:amd64 1.11.0-7 <none>
2026-05-19 23:42:54 status unpacked libgcrypt20:amd64 1.11.0-7
2026-05-19 23:42:54 status half-configured libgcrypt20:amd64 1.11.0-7
2026-05-19 23:42:54 status installed libgcrypt20:amd64 1.11.0-7
2026-05-19 23:42:54 configure libgomp1:amd64 14.2.0-19 <none>
2026-05-19 23:42:54 status unpacked libgomp1:amd64 14.2.0-19
2026-05-19 23:42:54 status half-configured libgomp1:amd64 14.2.0-19
2026-05-19 23:42:54 status installed libgomp1:amd64 14.2.0-19
2026-05-19 23:42:54 configure bzip2:amd64 1.0.8-6 <none>
2026-05-19 23:42:54 status unpacked bzip2:amd64 1.0.8-6
2026-05-19 23:42:54 status half-configured bzip2:amd64 1.0.8-6
2026-05-19 23:42:54 status installed bzip2:amd64 1.0.8-6
2026-05-19 23:42:54 configure libsframe1:amd64 2.44-3 <none>
2026-05-19 23:42:54 status unpacked libsframe1:amd64 2.44-3
2026-05-19 23:42:54 status half-configured libsframe1:amd64 2.44-3
2026-05-19 23:42:54 status installed libsframe1:amd64 2.44-3
2026-05-19 23:42:54 configure libjansson4:amd64 2.14-2+b3 <none>
2026-05-19 23:42:54 status unpacked libjansson4:amd64 2.14-2+b3
2026-05-19 23:42:54 status half-configured libjansson4:amd64 2.14-2+b3
2026-05-19 23:42:54 status installed libjansson4:amd64 2.14-2+b3
2026-05-19 23:42:54 configure libsasl2-modules-db:amd64 2.1.28+dfsg1-9 <none>
2026-05-19 23:42:54 status unpacked libsasl2-modules-db:amd64 2.1.28+dfsg1-9
2026-05-19 23:42:54 status half-configured libsasl2-modules-db:amd64 2.1.28+dfsg1-9
2026-05-19 23:42:54 status installed libsasl2-modules-db:amd64 2.1.28+dfsg1-9
2026-05-19 23:42:54 configure xtrans-dev:all 1.4.0-1 <none>
2026-05-19 23:42:54 status unpacked xtrans-dev:all 1.4.0-1
2026-05-19 23:42:54 status half-configured xtrans-dev:all 1.4.0-1
2026-05-19 23:42:55 status installed xtrans-dev:all 1.4.0-1
2026-05-19 23:42:55 configure libpkgconf3:amd64 1.8.1-4 <none>
2026-05-19 23:42:55 status unpacked libpkgconf3:amd64 1.8.1-4
2026-05-19 23:42:55 status half-configured libpkgconf3:amd64 1.8.1-4
2026-05-19 23:42:55 status installed libpkgconf3:amd64 1.8.1-4
2026-05-19 23:42:55 configure rpcsvc-proto:amd64 1.4.3-1 <none>
2026-05-19 23:42:55 status unpacked rpcsvc-proto:amd64 1.4.3-1
2026-05-19 23:42:55 status half-configured rpcsvc-proto:amd64 1.4.3-1
2026-05-19 23:42:55 status installed rpcsvc-proto:amd64 1.4.3-1
2026-05-19 23:42:55 configure libx11-data:all 2:1.8.12-1 <none>
2026-05-19 23:42:55 status unpacked libx11-data:all 2:1.8.12-1
2026-05-19 23:42:55 status half-configured libx11-data:all 2:1.8.12-1
2026-05-19 23:42:55 status installed libx11-data:all 2:1.8.12-1
2026-05-19 23:42:55 configure make:amd64 4.4.1-2 <none>
2026-05-19 23:42:55 status unpacked make:amd64 4.4.1-2
2026-05-19 23:42:55 status half-configured make:amd64 4.4.1-2
2026-05-19 23:42:55 status installed make:amd64 4.4.1-2
2026-05-19 23:42:55 configure libmpfr6:amd64 4.2.2-1 <none>
2026-05-19 23:42:55 status unpacked libmpfr6:amd64 4.2.2-1
2026-05-19 23:42:55 status half-configured libmpfr6:amd64 4.2.2-1
2026-05-19 23:42:55 status installed libmpfr6:amd64 4.2.2-1
2026-05-19 23:42:55 configure gnupg-l10n:all 2.4.7-21+deb13u1 <none>
2026-05-19 23:42:55 status unpacked gnupg-l10n:all 2.4.7-21+deb13u1
2026-05-19 23:42:55 status half-configured gnupg-l10n:all 2.4.7-21+deb13u1
2026-05-19 23:42:55 status installed gnupg-l10n:all 2.4.7-21+deb13u1
2026-05-19 23:42:55 configure libncurses6:amd64 6.5+20250216-2 <none>
2026-05-19 23:42:55 status unpacked libncurses6:amd64 6.5+20250216-2
2026-05-19 23:42:55 status half-configured libncurses6:amd64 6.5+20250216-2
2026-05-19 23:42:55 status installed libncurses6:amd64 6.5+20250216-2
2026-05-19 23:42:55 configure xz-utils:amd64 5.8.1-1 <none>
2026-05-19 23:42:55 status unpacked xz-utils:amd64 5.8.1-1
2026-05-19 23:42:55 status half-configured xz-utils:amd64 5.8.1-1
2026-05-19 23:42:55 status installed xz-utils:amd64 5.8.1-1
2026-05-19 23:42:55 configure libquadmath0:amd64 14.2.0-19 <none>
2026-05-19 23:42:55 status unpacked libquadmath0:amd64 14.2.0-19
2026-05-19 23:42:55 status half-configured libquadmath0:amd64 14.2.0-19
2026-05-19 23:42:55 status installed libquadmath0:amd64 14.2.0-19
2026-05-19 23:42:55 configure libunistring5:amd64 1.3-2 <none>
2026-05-19 23:42:55 status unpacked libunistring5:amd64 1.3-2
2026-05-19 23:42:55 status half-configured libunistring5:amd64 1.3-2
2026-05-19 23:42:55 status installed libunistring5:amd64 1.3-2
2026-05-19 23:42:55 configure fonts-dejavu-mono:all 2.37-8 <none>
2026-05-19 23:42:55 status unpacked fonts-dejavu-mono:all 2.37-8
2026-05-19 23:42:55 status half-configured fonts-dejavu-mono:all 2.37-8
2026-05-19 23:42:55 status installed fonts-dejavu-mono:all 2.37-8
2026-05-19 23:42:55 configure libssl-dev:amd64 3.5.6-1~deb13u1 <none>
2026-05-19 23:42:55 status unpacked libssl-dev:amd64 3.5.6-1~deb13u1
2026-05-19 23:42:55 status half-configured libssl-dev:amd64 3.5.6-1~deb13u1
2026-05-19 23:42:55 status installed libssl-dev:amd64 3.5.6-1~deb13u1
2026-05-19 23:42:55 configure libpng16-16t64:amd64 1.6.48-1+deb13u5 <none>
2026-05-19 23:42:55 status unpacked libpng16-16t64:amd64 1.6.48-1+deb13u5
2026-05-19 23:42:55 status half-configured libpng16-16t64:amd64 1.6.48-1+deb13u5
2026-05-19 23:42:55 status installed libpng16-16t64:amd64 1.6.48-1+deb13u5
2026-05-19 23:42:55 configure libmpc3:amd64 1.3.1-1+b3 <none>
2026-05-19 23:42:55 status unpacked libmpc3:amd64 1.3.1-1+b3
2026-05-19 23:42:55 status half-configured libmpc3:amd64 1.3.1-1+b3
2026-05-19 23:42:55 status installed libmpc3:amd64 1.3.1-1+b3
2026-05-19 23:42:55 configure libatomic1:amd64 14.2.0-19 <none>
2026-05-19 23:42:55 status unpacked libatomic1:amd64 14.2.0-19
2026-05-19 23:42:55 status half-configured libatomic1:amd64 14.2.0-19
2026-05-19 23:42:55 status installed libatomic1:amd64 14.2.0-19
2026-05-19 23:42:55 configure patch:amd64 2.8-2 <none>
2026-05-19 23:42:55 status unpacked patch:amd64 2.8-2
2026-05-19 23:42:55 status half-configured patch:amd64 2.8-2
2026-05-19 23:42:55 status installed patch:amd64 2.8-2
2026-05-19 23:42:55 configure libtcl8.6:amd64 8.6.16+dfsg-1 <none>
2026-05-19 23:42:55 status unpacked libtcl8.6:amd64 8.6.16+dfsg-1
2026-05-19 23:42:55 status half-configured libtcl8.6:amd64 8.6.16+dfsg-1
2026-05-19 23:42:55 status installed libtcl8.6:amd64 8.6.16+dfsg-1
2026-05-19 23:42:55 configure fonts-dejavu-core:all 2.37-8 <none>
2026-05-19 23:42:55 status unpacked fonts-dejavu-core:all 2.37-8
2026-05-19 23:42:55 status half-configured fonts-dejavu-core:all 2.37-8
2026-05-19 23:42:55 status installed fonts-dejavu-core:all 2.37-8
2026-05-19 23:42:55 configure pkgconf-bin:amd64 1.8.1-4 <none>
2026-05-19 23:42:55 status unpacked pkgconf-bin:amd64 1.8.1-4
2026-05-19 23:42:55 status half-configured pkgconf-bin:amd64 1.8.1-4
2026-05-19 23:42:55 status installed pkgconf-bin:amd64 1.8.1-4
2026-05-19 23:42:55 configure libncursesw6:amd64 6.5+20250216-2 <none>
2026-05-19 23:42:55 status unpacked libncursesw6:amd64 6.5+20250216-2
2026-05-19 23:42:55 status half-configured libncursesw6:amd64 6.5+20250216-2
2026-05-19 23:42:55 status installed libncursesw6:amd64 6.5+20250216-2
2026-05-19 23:42:55 configure libsasl2-2:amd64 2.1.28+dfsg1-9 <none>
2026-05-19 23:42:55 status unpacked libsasl2-2:amd64 2.1.28+dfsg1-9
2026-05-19 23:42:55 status half-configured libsasl2-2:amd64 2.1.28+dfsg1-9
2026-05-19 23:42:55 status installed libsasl2-2:amd64 2.1.28+dfsg1-9
2026-05-19 23:42:55 configure liblzma-dev:amd64 5.8.1-1 <none>
2026-05-19 23:42:55 status unpacked liblzma-dev:amd64 5.8.1-1
2026-05-19 23:42:55 status half-configured liblzma-dev:amd64 5.8.1-1
2026-05-19 23:42:55 status installed liblzma-dev:amd64 5.8.1-1
2026-05-19 23:42:55 configure libubsan1:amd64 14.2.0-19 <none>
2026-05-19 23:42:55 status unpacked libubsan1:amd64 14.2.0-19
2026-05-19 23:42:55 status half-configured libubsan1:amd64 14.2.0-19
2026-05-19 23:42:55 status installed libubsan1:amd64 14.2.0-19
2026-05-19 23:42:55 configure libffi8:amd64 3.4.8-2 <none>
2026-05-19 23:42:55 status unpacked libffi8:amd64 3.4.8-2
2026-05-19 23:42:55 status half-configured libffi8:amd64 3.4.8-2
2026-05-19 23:42:55 status installed libffi8:amd64 3.4.8-2
2026-05-19 23:42:55 configure perl-modules-5.40:all 5.40.1-6 <none>
2026-05-19 23:42:55 status unpacked perl-modules-5.40:all 5.40.1-6
2026-05-19 23:42:55 status half-configured perl-modules-5.40:all 5.40.1-6
2026-05-19 23:42:55 status installed perl-modules-5.40:all 5.40.1-6
2026-05-19 23:42:55 configure libhwasan0:amd64 14.2.0-19 <none>
2026-05-19 23:42:55 status unpacked libhwasan0:amd64 14.2.0-19
2026-05-19 23:42:55 status half-configured libhwasan0:amd64 14.2.0-19
2026-05-19 23:42:55 status installed libhwasan0:amd64 14.2.0-19
2026-05-19 23:42:55 configure libbluetooth3:amd64 5.82-1.1 <none>
2026-05-19 23:42:55 status unpacked libbluetooth3:amd64 5.82-1.1
2026-05-19 23:42:55 status half-configured libbluetooth3:amd64 5.82-1.1
2026-05-19 23:42:55 status installed libbluetooth3:amd64 5.82-1.1
2026-05-19 23:42:55 configure libdb5.3-dev:amd64 5.3.28+dfsg2-9 <none>
2026-05-19 23:42:55 status unpacked libdb5.3-dev:amd64 5.3.28+dfsg2-9
2026-05-19 23:42:55 status half-configured libdb5.3-dev:amd64 5.3.28+dfsg2-9
2026-05-19 23:42:55 status installed libdb5.3-dev:amd64 5.3.28+dfsg2-9
2026-05-19 23:42:55 configure libcrypt-dev:amd64 1:4.4.38-1 <none>
2026-05-19 23:42:55 status unpacked libcrypt-dev:amd64 1:4.4.38-1
2026-05-19 23:42:55 status half-configured libcrypt-dev:amd64 1:4.4.38-1
2026-05-19 23:42:55 status installed libcrypt-dev:amd64 1:4.4.38-1
2026-05-19 23:42:55 configure libasan8:amd64 14.2.0-19 <none>
2026-05-19 23:42:55 status unpacked libasan8:amd64 14.2.0-19
2026-05-19 23:42:55 status half-configured libasan8:amd64 14.2.0-19
2026-05-19 23:42:55 status installed libasan8:amd64 14.2.0-19
2026-05-19 23:42:55 configure libassuan9:amd64 3.0.2-2 <none>
2026-05-19 23:42:55 status unpacked libassuan9:amd64 3.0.2-2
2026-05-19 23:42:55 status half-configured libassuan9:amd64 3.0.2-2
2026-05-19 23:42:55 status installed libassuan9:amd64 3.0.2-2
2026-05-19 23:42:55 configure libtasn1-6:amd64 4.20.0-2 <none>
2026-05-19 23:42:55 status unpacked libtasn1-6:amd64 4.20.0-2
2026-05-19 23:42:55 status half-configured libtasn1-6:amd64 4.20.0-2
2026-05-19 23:42:55 status installed libtasn1-6:amd64 4.20.0-2
2026-05-19 23:42:55 configure libx11-6:amd64 2:1.8.12-1 <none>
2026-05-19 23:42:55 status unpacked libx11-6:amd64 2:1.8.12-1
2026-05-19 23:42:55 status half-configured libx11-6:amd64 2:1.8.12-1
2026-05-19 23:42:55 status installed libx11-6:amd64 2:1.8.12-1
2026-05-19 23:42:55 configure xorg-sgml-doctools:all 1:1.11-1.1 <none>
2026-05-19 23:42:55 status unpacked xorg-sgml-doctools:all 1:1.11-1.1
2026-05-19 23:42:55 status half-configured xorg-sgml-doctools:all 1:1.11-1.1
2026-05-19 23:42:55 status installed xorg-sgml-doctools:all 1:1.11-1.1
2026-05-19 23:42:55 configure libtsan2:amd64 14.2.0-19 <none>
2026-05-19 23:42:55 status unpacked libtsan2:amd64 14.2.0-19
2026-05-19 23:42:55 status half-configured libtsan2:amd64 14.2.0-19
2026-05-19 23:42:55 status installed libtsan2:amd64 14.2.0-19
2026-05-19 23:42:55 configure libbinutils:amd64 2.44-3 <none>
2026-05-19 23:42:55 status unpacked libbinutils:amd64 2.44-3
2026-05-19 23:42:55 status half-configured libbinutils:amd64 2.44-3
2026-05-19 23:42:55 status installed libbinutils:amd64 2.44-3
2026-05-19 23:42:55 configure libisl23:amd64 0.27-1 <none>
2026-05-19 23:42:55 status unpacked libisl23:amd64 0.27-1
2026-05-19 23:42:55 status half-configured libisl23:amd64 0.27-1
2026-05-19 23:42:55 status installed libisl23:amd64 0.27-1
2026-05-19 23:42:55 configure libc-dev-bin:amd64 2.41-12+deb13u3 <none>
2026-05-19 23:42:55 status unpacked libc-dev-bin:amd64 2.41-12+deb13u3
2026-05-19 23:42:55 status half-configured libc-dev-bin:amd64 2.41-12+deb13u3
2026-05-19 23:42:55 status installed libc-dev-bin:amd64 2.41-12+deb13u3
2026-05-19 23:42:55 configure readline-common:all 8.2-6 <none>
2026-05-19 23:42:55 status unpacked readline-common:all 8.2-6
2026-05-19 23:42:55 status half-configured readline-common:all 8.2-6
2026-05-19 23:42:55 status installed readline-common:all 8.2-6
2026-05-19 23:42:55 configure libcc1-0:amd64 14.2.0-19 <none>
2026-05-19 23:42:55 status unpacked libcc1-0:amd64 14.2.0-19
2026-05-19 23:42:55 status half-configured libcc1-0:amd64 14.2.0-19
2026-05-19 23:42:55 status installed libcc1-0:amd64 14.2.0-19
2026-05-19 23:42:55 configure libldap2:amd64 2.6.10+dfsg-1 <none>
2026-05-19 23:42:55 status unpacked libldap2:amd64 2.6.10+dfsg-1
2026-05-19 23:42:55 status half-configured libldap2:amd64 2.6.10+dfsg-1
2026-05-19 23:42:55 status installed libldap2:amd64 2.6.10+dfsg-1
2026-05-19 23:42:55 configure libbrotli-dev:amd64 1.1.0-2+b7 <none>
2026-05-19 23:42:55 status unpacked libbrotli-dev:amd64 1.1.0-2+b7
2026-05-19 23:42:55 status half-configured libbrotli-dev:amd64 1.1.0-2+b7
2026-05-19 23:42:55 status installed libbrotli-dev:amd64 1.1.0-2+b7
2026-05-19 23:42:55 configure liblsan0:amd64 14.2.0-19 <none>
2026-05-19 23:42:55 status unpacked liblsan0:amd64 14.2.0-19
2026-05-19 23:42:55 status half-configured liblsan0:amd64 14.2.0-19
2026-05-19 23:42:55 status installed liblsan0:amd64 14.2.0-19
2026-05-19 23:42:55 configure libitm1:amd64 14.2.0-19 <none>
2026-05-19 23:42:55 status unpacked libitm1:amd64 14.2.0-19
2026-05-19 23:42:55 status half-configured libitm1:amd64 14.2.0-19
2026-05-19 23:42:55 status installed libitm1:amd64 14.2.0-19
2026-05-19 23:42:55 configure libctf0:amd64 2.44-3 <none>
2026-05-19 23:42:55 status unpacked libctf0:amd64 2.44-3
2026-05-19 23:42:55 status half-configured libctf0:amd64 2.44-3
2026-05-19 23:42:55 status installed libctf0:amd64 2.44-3
2026-05-19 23:42:55 configure libksba8:amd64 1.6.7-2+b1 <none>
2026-05-19 23:42:55 status unpacked libksba8:amd64 1.6.7-2+b1
2026-05-19 23:42:55 status half-configured libksba8:amd64 1.6.7-2+b1
2026-05-19 23:42:55 status installed libksba8:amd64 1.6.7-2+b1
2026-05-19 23:42:56 configure pinentry-curses:amd64 1.3.1-2 <none>
2026-05-19 23:42:56 status unpacked pinentry-curses:amd64 1.3.1-2
2026-05-19 23:42:56 status half-configured pinentry-curses:amd64 1.3.1-2
2026-05-19 23:42:56 status installed pinentry-curses:amd64 1.3.1-2
2026-05-19 23:42:56 configure x11proto-dev:all 2024.1-1 <none>
2026-05-19 23:42:56 status unpacked x11proto-dev:all 2024.1-1
2026-05-19 23:42:56 status half-configured x11proto-dev:all 2024.1-1
2026-05-19 23:42:56 status installed x11proto-dev:all 2024.1-1
2026-05-19 23:42:56 configure tcl8.6:amd64 8.6.16+dfsg-1 <none>
2026-05-19 23:42:56 status unpacked tcl8.6:amd64 8.6.16+dfsg-1
2026-05-19 23:42:56 status half-configured tcl8.6:amd64 8.6.16+dfsg-1
2026-05-19 23:42:56 status installed tcl8.6:amd64 8.6.16+dfsg-1
2026-05-19 23:42:56 configure libxau-dev:amd64 1:1.0.11-1 <none>
2026-05-19 23:42:56 status unpacked libxau-dev:amd64 1:1.0.11-1
2026-05-19 23:42:56 status half-configured libxau-dev:amd64 1:1.0.11-1
2026-05-19 23:42:56 status installed libxau-dev:amd64 1:1.0.11-1
2026-05-19 23:42:56 configure libxrender1:amd64 1:0.9.12-1 <none>
2026-05-19 23:42:56 status unpacked libxrender1:amd64 1:0.9.12-1
2026-05-19 23:42:56 status half-configured libxrender1:amd64 1:0.9.12-1
2026-05-19 23:42:56 status installed libxrender1:amd64 1:0.9.12-1
2026-05-19 23:42:56 configure fontconfig-config:amd64 2.15.0-2.3 <none>
2026-05-19 23:42:56 status unpacked fontconfig-config:amd64 2.15.0-2.3
2026-05-19 23:42:56 status half-configured fontconfig-config:amd64 2.15.0-2.3
2026-05-19 23:42:56 status installed fontconfig-config:amd64 2.15.0-2.3
2026-05-19 23:42:56 configure libxext6:amd64 2:1.3.4-1+b3 <none>
2026-05-19 23:42:56 status unpacked libxext6:amd64 2:1.3.4-1+b3
2026-05-19 23:42:56 status half-configured libxext6:amd64 2:1.3.4-1+b3
2026-05-19 23:42:56 status installed libxext6:amd64 2:1.3.4-1+b3
2026-05-19 23:42:56 configure libidn2-0:amd64 2.3.8-2 <none>
2026-05-19 23:42:56 status unpacked libidn2-0:amd64 2.3.8-2
2026-05-19 23:42:56 status half-configured libidn2-0:amd64 2.3.8-2
2026-05-19 23:42:56 status installed libidn2-0:amd64 2.3.8-2
2026-05-19 23:42:56 configure libffi-dev:amd64 3.4.8-2 <none>
2026-05-19 23:42:56 status unpacked libffi-dev:amd64 3.4.8-2
2026-05-19 23:42:56 status half-configured libffi-dev:amd64 3.4.8-2
2026-05-19 23:42:56 status installed libffi-dev:amd64 3.4.8-2
2026-05-19 23:42:56 configure pkgconf:amd64 1.8.1-4 <none>
2026-05-19 23:42:56 status unpacked pkgconf:amd64 1.8.1-4
2026-05-19 23:42:56 status half-configured pkgconf:amd64 1.8.1-4
2026-05-19 23:42:56 status installed pkgconf:amd64 1.8.1-4
2026-05-19 23:42:56 configure libperl5.40:amd64 5.40.1-6 <none>
2026-05-19 23:42:56 status unpacked libperl5.40:amd64 5.40.1-6
2026-05-19 23:42:56 status half-configured libperl5.40:amd64 5.40.1-6
2026-05-19 23:42:56 status installed libperl5.40:amd64 5.40.1-6
2026-05-19 23:42:56 configure libxdmcp-dev:amd64 1:1.1.5-1 <none>
2026-05-19 23:42:56 status unpacked libxdmcp-dev:amd64 1:1.1.5-1
2026-05-19 23:42:56 status half-configured libxdmcp-dev:amd64 1:1.1.5-1
2026-05-19 23:42:56 status installed libxdmcp-dev:amd64 1:1.1.5-1
2026-05-19 23:42:56 configure perl:amd64 5.40.1-6 <none>
2026-05-19 23:42:56 status unpacked perl:amd64 5.40.1-6
2026-05-19 23:42:56 status half-configured perl:amd64 5.40.1-6
2026-05-19 23:42:56 status installed perl:amd64 5.40.1-6
2026-05-19 23:42:56 configure libgprofng0:amd64 2.44-3 <none>
2026-05-19 23:42:56 status unpacked libgprofng0:amd64 2.44-3
2026-05-19 23:42:56 status half-configured libgprofng0:amd64 2.44-3
2026-05-19 23:42:56 status installed libgprofng0:amd64 2.44-3
2026-05-19 23:42:56 configure libfreetype6:amd64 2.13.3+dfsg-1+deb13u1 <none>
2026-05-19 23:42:56 status unpacked libfreetype6:amd64 2.13.3+dfsg-1+deb13u1
2026-05-19 23:42:56 status half-configured libfreetype6:amd64 2.13.3+dfsg-1+deb13u1
2026-05-19 23:42:56 status installed libfreetype6:amd64 2.13.3+dfsg-1+deb13u1
2026-05-19 23:42:56 configure x11proto-core-dev:all 2024.1-1 <none>
2026-05-19 23:42:56 status unpacked x11proto-core-dev:all 2024.1-1
2026-05-19 23:42:56 status half-configured x11proto-core-dev:all 2024.1-1
2026-05-19 23:42:56 status installed x11proto-core-dev:all 2024.1-1
2026-05-19 23:42:56 configure libdb-dev:amd64 5.3.4 <none>
2026-05-19 23:42:56 status unpacked libdb-dev:amd64 5.3.4
2026-05-19 23:42:56 status half-configured libdb-dev:amd64 5.3.4
2026-05-19 23:42:56 status installed libdb-dev:amd64 5.3.4
2026-05-19 23:42:56 configure libp11-kit0:amd64 0.25.5-3 <none>
2026-05-19 23:42:56 status unpacked libp11-kit0:amd64 0.25.5-3
2026-05-19 23:42:56 status half-configured libp11-kit0:amd64 0.25.5-3
2026-05-19 23:42:56 status installed libp11-kit0:amd64 0.25.5-3
2026-05-19 23:42:56 configure cpp-14-x86-64-linux-gnu:amd64 14.2.0-19 <none>
2026-05-19 23:42:56 status unpacked cpp-14-x86-64-linux-gnu:amd64 14.2.0-19
2026-05-19 23:42:56 status half-configured cpp-14-x86-64-linux-gnu:amd64 14.2.0-19
2026-05-19 23:42:56 status installed cpp-14-x86-64-linux-gnu:amd64 14.2.0-19
2026-05-19 23:42:56 configure libdpkg-perl:all 1.22.22 <none>
2026-05-19 23:42:56 status unpacked libdpkg-perl:all 1.22.22
2026-05-19 23:42:56 status half-configured libdpkg-perl:all 1.22.22
2026-05-19 23:42:56 status installed libdpkg-perl:all 1.22.22
2026-05-19 23:42:56 configure cpp-14:amd64 14.2.0-19 <none>
2026-05-19 23:42:56 status unpacked cpp-14:amd64 14.2.0-19
2026-05-19 23:42:56 status half-configured cpp-14:amd64 14.2.0-19
2026-05-19 23:42:56 status installed cpp-14:amd64 14.2.0-19
2026-05-19 23:42:56 configure libreadline8t64:amd64 8.2-6 <none>
2026-05-19 23:42:56 status unpacked libreadline8t64:amd64 8.2-6
2026-05-19 23:42:56 status half-configured libreadline8t64:amd64 8.2-6
2026-05-19 23:42:56 status installed libreadline8t64:amd64 8.2-6
2026-05-19 23:42:56 configure tcl:amd64 8.6.16 <none>
2026-05-19 23:42:56 status unpacked tcl:amd64 8.6.16
2026-05-19 23:42:56 status half-configured tcl:amd64 8.6.16
2026-05-19 23:42:56 status installed tcl:amd64 8.6.16
2026-05-19 23:42:56 configure gpgconf:amd64 2.4.7-21+deb13u1+b3 <none>
2026-05-19 23:42:56 status unpacked gpgconf:amd64 2.4.7-21+deb13u1+b3
2026-05-19 23:42:56 status half-configured gpgconf:amd64 2.4.7-21+deb13u1+b3
2026-05-19 23:42:56 status installed gpgconf:amd64 2.4.7-21+deb13u1+b3
2026-05-19 23:42:56 configure libc6-dev:amd64 2.41-12+deb13u3 <none>
2026-05-19 23:42:56 status unpacked libc6-dev:amd64 2.41-12+deb13u3
2026-05-19 23:42:56 status half-configured libc6-dev:amd64 2.41-12+deb13u3
2026-05-19 23:42:56 status installed libc6-dev:amd64 2.41-12+deb13u3
2026-05-19 23:42:56 configure libxss1:amd64 1:1.2.3-1+b3 <none>
2026-05-19 23:42:56 status unpacked libxss1:amd64 1:1.2.3-1+b3
2026-05-19 23:42:56 status half-configured libxss1:amd64 1:1.2.3-1+b3
2026-05-19 23:42:56 status installed libxss1:amd64 1:1.2.3-1+b3
2026-05-19 23:42:56 configure libfontconfig1:amd64 2.15.0-2.3 <none>
2026-05-19 23:42:56 status unpacked libfontconfig1:amd64 2.15.0-2.3
2026-05-19 23:42:56 status half-configured libfontconfig1:amd64 2.15.0-2.3
2026-05-19 23:42:56 status installed libfontconfig1:amd64 2.15.0-2.3
2026-05-19 23:42:56 configure libgdbm-dev:amd64 1.24-2 <none>
2026-05-19 23:42:56 status unpacked libgdbm-dev:amd64 1.24-2
2026-05-19 23:42:56 status half-configured libgdbm-dev:amd64 1.24-2
2026-05-19 23:42:56 status installed libgdbm-dev:amd64 1.24-2
2026-05-19 23:42:56 configure libgcc-14-dev:amd64 14.2.0-19 <none>
2026-05-19 23:42:56 status unpacked libgcc-14-dev:amd64 14.2.0-19
2026-05-19 23:42:56 status half-configured libgcc-14-dev:amd64 14.2.0-19
2026-05-19 23:42:56 status installed libgcc-14-dev:amd64 14.2.0-19
2026-05-19 23:42:56 configure gpg:amd64 2.4.7-21+deb13u1+b3 <none>
2026-05-19 23:42:56 status unpacked gpg:amd64 2.4.7-21+deb13u1+b3
2026-05-19 23:42:56 status half-configured gpg:amd64 2.4.7-21+deb13u1+b3
2026-05-19 23:42:56 status installed gpg:amd64 2.4.7-21+deb13u1+b3
2026-05-19 23:42:56 configure binutils-x86-64-linux-gnu:amd64 2.44-3 <none>
2026-05-19 23:42:56 status unpacked binutils-x86-64-linux-gnu:amd64 2.44-3
2026-05-19 23:42:56 status half-configured binutils-x86-64-linux-gnu:amd64 2.44-3
2026-05-19 23:42:56 status installed binutils-x86-64-linux-gnu:amd64 2.44-3
2026-05-19 23:42:56 configure libbz2-dev:amd64 1.0.8-6 <none>
2026-05-19 23:42:56 status unpacked libbz2-dev:amd64 1.0.8-6
2026-05-19 23:42:56 status half-configured libbz2-dev:amd64 1.0.8-6
2026-05-19 23:42:56 status installed libbz2-dev:amd64 1.0.8-6
2026-05-19 23:42:56 configure cpp-x86-64-linux-gnu:amd64 4:14.2.0-1 <none>
2026-05-19 23:42:56 status unpacked cpp-x86-64-linux-gnu:amd64 4:14.2.0-1
2026-05-19 23:42:56 status half-configured cpp-x86-64-linux-gnu:amd64 4:14.2.0-1
2026-05-19 23:42:56 status installed cpp-x86-64-linux-gnu:amd64 4:14.2.0-1
2026-05-19 23:42:56 configure libgnutls30t64:amd64 3.8.9-3+deb13u4 <none>
2026-05-19 23:42:56 status unpacked libgnutls30t64:amd64 3.8.9-3+deb13u4
2026-05-19 23:42:56 status half-configured libgnutls30t64:amd64 3.8.9-3+deb13u4
2026-05-19 23:42:56 status installed libgnutls30t64:amd64 3.8.9-3+deb13u4
2026-05-19 23:42:56 configure libxft2:amd64 2.3.6-1+b4 <none>
2026-05-19 23:42:56 status unpacked libxft2:amd64 2.3.6-1+b4
2026-05-19 23:42:56 status half-configured libxft2:amd64 2.3.6-1+b4
2026-05-19 23:42:56 status installed libxft2:amd64 2.3.6-1+b4
2026-05-19 23:42:56 configure libncurses-dev:amd64 6.5+20250216-2 <none>
2026-05-19 23:42:56 status unpacked libncurses-dev:amd64 6.5+20250216-2
2026-05-19 23:42:56 status half-configured libncurses-dev:amd64 6.5+20250216-2
2026-05-19 23:42:56 status installed libncurses-dev:amd64 6.5+20250216-2
2026-05-19 23:42:56 configure gpg-agent:amd64 2.4.7-21+deb13u1+b3 <none>
2026-05-19 23:42:56 status unpacked gpg-agent:amd64 2.4.7-21+deb13u1+b3
2026-05-19 23:42:56 status half-configured gpg-agent:amd64 2.4.7-21+deb13u1+b3
2026-05-19 23:42:57 status installed gpg-agent:amd64 2.4.7-21+deb13u1+b3
2026-05-19 23:42:57 configure libxcb1-dev:amd64 1.17.0-2+b1 <none>
2026-05-19 23:42:57 status unpacked libxcb1-dev:amd64 1.17.0-2+b1
2026-05-19 23:42:57 status half-configured libxcb1-dev:amd64 1.17.0-2+b1
2026-05-19 23:42:57 status installed libxcb1-dev:amd64 1.17.0-2+b1
2026-05-19 23:42:57 configure libtk8.6:amd64 8.6.16-1 <none>
2026-05-19 23:42:57 status unpacked libtk8.6:amd64 8.6.16-1
2026-05-19 23:42:57 status half-configured libtk8.6:amd64 8.6.16-1
2026-05-19 23:42:57 status installed libtk8.6:amd64 8.6.16-1
2026-05-19 23:42:57 configure gpgsm:amd64 2.4.7-21+deb13u1+b3 <none>
2026-05-19 23:42:57 status unpacked gpgsm:amd64 2.4.7-21+deb13u1+b3
2026-05-19 23:42:57 status half-configured gpgsm:amd64 2.4.7-21+deb13u1+b3
2026-05-19 23:42:57 status installed gpgsm:amd64 2.4.7-21+deb13u1+b3
2026-05-19 23:42:57 configure libpsl5t64:amd64 0.21.2-1.1+b1 <none>
2026-05-19 23:42:57 status unpacked libpsl5t64:amd64 0.21.2-1.1+b1
2026-05-19 23:42:57 status half-configured libpsl5t64:amd64 0.21.2-1.1+b1
2026-05-19 23:42:57 status installed libpsl5t64:amd64 0.21.2-1.1+b1
2026-05-19 23:42:57 configure libx11-dev:amd64 2:1.8.12-1 <none>
2026-05-19 23:42:57 status unpacked libx11-dev:amd64 2:1.8.12-1
2026-05-19 23:42:57 status half-configured libx11-dev:amd64 2:1.8.12-1
2026-05-19 23:42:57 status installed libx11-dev:amd64 2:1.8.12-1
2026-05-19 23:42:57 configure binutils:amd64 2.44-3 <none>
2026-05-19 23:42:57 status unpacked binutils:amd64 2.44-3
2026-05-19 23:42:57 status half-configured binutils:amd64 2.44-3
2026-05-19 23:42:57 status installed binutils:amd64 2.44-3
2026-05-19 23:42:57 configure libreadline-dev:amd64 8.2-6 <none>
2026-05-19 23:42:57 status unpacked libreadline-dev:amd64 8.2-6
2026-05-19 23:42:57 status half-configured libreadline-dev:amd64 8.2-6
2026-05-19 23:42:57 status installed libreadline-dev:amd64 8.2-6
2026-05-19 23:42:57 configure dpkg-dev:all 1.22.22 <none>
2026-05-19 23:42:57 status unpacked dpkg-dev:all 1.22.22
2026-05-19 23:42:57 status half-configured dpkg-dev:all 1.22.22
2026-05-19 23:42:57 status installed dpkg-dev:all 1.22.22
2026-05-19 23:42:57 configure dirmngr:amd64 2.4.7-21+deb13u1+b3 <none>
2026-05-19 23:42:57 status unpacked dirmngr:amd64 2.4.7-21+deb13u1+b3
2026-05-19 23:42:57 status half-configured dirmngr:amd64 2.4.7-21+deb13u1+b3
2026-05-19 23:42:57 status installed dirmngr:amd64 2.4.7-21+deb13u1+b3
2026-05-19 23:42:57 configure libexpat1-dev:amd64 2.7.1-2 <none>
2026-05-19 23:42:57 status unpacked libexpat1-dev:amd64 2.7.1-2
2026-05-19 23:42:57 status half-configured libexpat1-dev:amd64 2.7.1-2
2026-05-19 23:42:57 status installed libexpat1-dev:amd64 2.7.1-2
2026-05-19 23:42:57 configure libsqlite3-dev:amd64 3.46.1-7+deb13u1 <none>
2026-05-19 23:42:57 status unpacked libsqlite3-dev:amd64 3.46.1-7+deb13u1
2026-05-19 23:42:57 status half-configured libsqlite3-dev:amd64 3.46.1-7+deb13u1
2026-05-19 23:42:57 status installed libsqlite3-dev:amd64 3.46.1-7+deb13u1
2026-05-19 23:42:57 configure uuid-dev:amd64 2.41-5 <none>
2026-05-19 23:42:57 status unpacked uuid-dev:amd64 2.41-5
2026-05-19 23:42:57 status half-configured uuid-dev:amd64 2.41-5
2026-05-19 23:42:57 status installed uuid-dev:amd64 2.41-5
2026-05-19 23:42:57 configure libbluetooth-dev:amd64 5.82-1.1 <none>
2026-05-19 23:42:57 status unpacked libbluetooth-dev:amd64 5.82-1.1
2026-05-19 23:42:57 status half-configured libbluetooth-dev:amd64 5.82-1.1
2026-05-19 23:42:57 status installed libbluetooth-dev:amd64 5.82-1.1
2026-05-19 23:42:57 configure libxext-dev:amd64 2:1.3.4-1+b3 <none>
2026-05-19 23:42:57 status unpacked libxext-dev:amd64 2:1.3.4-1+b3
2026-05-19 23:42:57 status half-configured libxext-dev:amd64 2:1.3.4-1+b3
2026-05-19 23:42:57 status installed libxext-dev:amd64 2:1.3.4-1+b3
2026-05-19 23:42:57 configure zlib1g-dev:amd64 1:1.3.dfsg+really1.3.1-1+b1 <none>
2026-05-19 23:42:57 status unpacked zlib1g-dev:amd64 1:1.3.dfsg+really1.3.1-1+b1
2026-05-19 23:42:57 status half-configured zlib1g-dev:amd64 1:1.3.dfsg+really1.3.1-1+b1
2026-05-19 23:42:57 status installed zlib1g-dev:amd64 1:1.3.dfsg+really1.3.1-1+b1
2026-05-19 23:42:57 configure cpp:amd64 4:14.2.0-1 <none>
2026-05-19 23:42:57 status unpacked cpp:amd64 4:14.2.0-1
2026-05-19 23:42:57 status half-configured cpp:amd64 4:14.2.0-1
2026-05-19 23:42:57 status installed cpp:amd64 4:14.2.0-1
2026-05-19 23:42:57 configure gnupg:all 2.4.7-21+deb13u1 <none>
2026-05-19 23:42:57 status unpacked gnupg:all 2.4.7-21+deb13u1
2026-05-19 23:42:57 status half-configured gnupg:all 2.4.7-21+deb13u1
2026-05-19 23:42:57 status installed gnupg:all 2.4.7-21+deb13u1
2026-05-19 23:42:57 configure gcc-14-x86-64-linux-gnu:amd64 14.2.0-19 <none>
2026-05-19 23:42:57 status unpacked gcc-14-x86-64-linux-gnu:amd64 14.2.0-19
2026-05-19 23:42:57 status half-configured gcc-14-x86-64-linux-gnu:amd64 14.2.0-19
2026-05-19 23:42:57 status installed gcc-14-x86-64-linux-gnu:amd64 14.2.0-19
2026-05-19 23:42:57 configure libxrender-dev:amd64 1:0.9.12-1 <none>
2026-05-19 23:42:57 status unpacked libxrender-dev:amd64 1:0.9.12-1
2026-05-19 23:42:57 status half-configured libxrender-dev:amd64 1:0.9.12-1
2026-05-19 23:42:57 status installed libxrender-dev:amd64 1:0.9.12-1
2026-05-19 23:42:57 configure tk8.6:amd64 8.6.16-1 <none>
2026-05-19 23:42:57 status unpacked tk8.6:amd64 8.6.16-1
2026-05-19 23:42:57 status half-configured tk8.6:amd64 8.6.16-1
2026-05-19 23:42:57 status installed tk8.6:amd64 8.6.16-1
2026-05-19 23:42:57 configure wget:amd64 1.25.0-2 <none>
2026-05-19 23:42:57 status unpacked wget:amd64 1.25.0-2
2026-05-19 23:42:57 status half-configured wget:amd64 1.25.0-2
2026-05-19 23:42:57 status installed wget:amd64 1.25.0-2
2026-05-19 23:42:57 configure gcc-x86-64-linux-gnu:amd64 4:14.2.0-1 <none>
2026-05-19 23:42:57 status unpacked gcc-x86-64-linux-gnu:amd64 4:14.2.0-1
2026-05-19 23:42:57 status half-configured gcc-x86-64-linux-gnu:amd64 4:14.2.0-1
2026-05-19 23:42:57 status installed gcc-x86-64-linux-gnu:amd64 4:14.2.0-1
2026-05-19 23:42:57 configure tcl8.6-dev:amd64 8.6.16+dfsg-1 <none>
2026-05-19 23:42:57 status unpacked tcl8.6-dev:amd64 8.6.16+dfsg-1
2026-05-19 23:42:57 status half-configured tcl8.6-dev:amd64 8.6.16+dfsg-1
2026-05-19 23:42:57 status installed tcl8.6-dev:amd64 8.6.16+dfsg-1
2026-05-19 23:42:57 configure libpng-dev:amd64 1.6.48-1+deb13u5 <none>
2026-05-19 23:42:57 status unpacked libpng-dev:amd64 1.6.48-1+deb13u5
2026-05-19 23:42:57 status half-configured libpng-dev:amd64 1.6.48-1+deb13u5
2026-05-19 23:42:57 status installed libpng-dev:amd64 1.6.48-1+deb13u5
2026-05-19 23:42:57 configure libxss-dev:amd64 1:1.2.3-1+b3 <none>
2026-05-19 23:42:57 status unpacked libxss-dev:amd64 1:1.2.3-1+b3
2026-05-19 23:42:57 status half-configured libxss-dev:amd64 1:1.2.3-1+b3
2026-05-19 23:42:57 status installed libxss-dev:amd64 1:1.2.3-1+b3
2026-05-19 23:42:57 configure gcc-14:amd64 14.2.0-19 <none>
2026-05-19 23:42:57 status unpacked gcc-14:amd64 14.2.0-19
2026-05-19 23:42:57 status half-configured gcc-14:amd64 14.2.0-19
2026-05-19 23:42:57 status installed gcc-14:amd64 14.2.0-19
2026-05-19 23:42:57 configure libfreetype-dev:amd64 2.13.3+dfsg-1+deb13u1 <none>
2026-05-19 23:42:57 status unpacked libfreetype-dev:amd64 2.13.3+dfsg-1+deb13u1
2026-05-19 23:42:57 status half-configured libfreetype-dev:amd64 2.13.3+dfsg-1+deb13u1
2026-05-19 23:42:57 status installed libfreetype-dev:amd64 2.13.3+dfsg-1+deb13u1
2026-05-19 23:42:57 configure tcl-dev:amd64 8.6.16 <none>
2026-05-19 23:42:57 status unpacked tcl-dev:amd64 8.6.16
2026-05-19 23:42:57 status half-configured tcl-dev:amd64 8.6.16
2026-05-19 23:42:57 status installed tcl-dev:amd64 8.6.16
2026-05-19 23:42:57 configure tk:amd64 8.6.16 <none>
2026-05-19 23:42:57 status unpacked tk:amd64 8.6.16
2026-05-19 23:42:57 status half-configured tk:amd64 8.6.16
2026-05-19 23:42:57 status installed tk:amd64 8.6.16
2026-05-19 23:42:57 configure libfontconfig-dev:amd64 2.15.0-2.3 <none>
2026-05-19 23:42:57 status unpacked libfontconfig-dev:amd64 2.15.0-2.3
2026-05-19 23:42:57 status half-configured libfontconfig-dev:amd64 2.15.0-2.3
2026-05-19 23:42:57 status installed libfontconfig-dev:amd64 2.15.0-2.3
2026-05-19 23:42:57 configure gcc:amd64 4:14.2.0-1 <none>
2026-05-19 23:42:57 status unpacked gcc:amd64 4:14.2.0-1
2026-05-19 23:42:57 status half-configured gcc:amd64 4:14.2.0-1
2026-05-19 23:42:57 status installed gcc:amd64 4:14.2.0-1
2026-05-19 23:42:57 configure libxft-dev:amd64 2.3.6-1+b4 <none>
2026-05-19 23:42:57 status unpacked libxft-dev:amd64 2.3.6-1+b4
2026-05-19 23:42:57 status half-configured libxft-dev:amd64 2.3.6-1+b4
2026-05-19 23:42:57 status installed libxft-dev:amd64 2.3.6-1+b4
2026-05-19 23:42:57 configure libfontconfig1-dev:amd64 2.15.0-2.3 <none>
2026-05-19 23:42:57 status unpacked libfontconfig1-dev:amd64 2.15.0-2.3
2026-05-19 23:42:57 status half-configured libfontconfig1-dev:amd64 2.15.0-2.3
2026-05-19 23:42:57 status installed libfontconfig1-dev:amd64 2.15.0-2.3
2026-05-19 23:42:57 configure tk8.6-dev:amd64 8.6.16-1 <none>
2026-05-19 23:42:57 status unpacked tk8.6-dev:amd64 8.6.16-1
2026-05-19 23:42:57 status half-configured tk8.6-dev:amd64 8.6.16-1
2026-05-19 23:42:57 status installed tk8.6-dev:amd64 8.6.16-1
2026-05-19 23:42:57 configure tk-dev:amd64 8.6.16 <none>
2026-05-19 23:42:57 status unpacked tk-dev:amd64 8.6.16
2026-05-19 23:42:58 status half-configured tk-dev:amd64 8.6.16
2026-05-19 23:42:58 status installed tk-dev:amd64 8.6.16
2026-05-19 23:42:58 trigproc libc-bin:amd64 2.41-12+deb13u3 <none>
2026-05-19 23:42:58 status half-configured libc-bin:amd64 2.41-12+deb13u3
2026-05-19 23:42:58 status installed libc-bin:amd64 2.41-12+deb13u3
2026-05-19 23:50:46 startup packages remove
2026-05-19 23:50:46 status installed gcc:amd64 4:14.2.0-1
2026-05-19 23:50:46 remove gcc:amd64 4:14.2.0-1 <none>
2026-05-19 23:50:46 status half-configured gcc:amd64 4:14.2.0-1
2026-05-19 23:50:46 status half-installed gcc:amd64 4:14.2.0-1
2026-05-19 23:50:46 status config-files gcc:amd64 4:14.2.0-1
2026-05-19 23:50:46 status not-installed gcc:amd64 <none>
2026-05-19 23:50:46 status installed gcc-14:amd64 14.2.0-19
2026-05-19 23:50:46 remove gcc-14:amd64 14.2.0-19 <none>
2026-05-19 23:50:46 status half-configured gcc-14:amd64 14.2.0-19
2026-05-19 23:50:46 status half-installed gcc-14:amd64 14.2.0-19
2026-05-19 23:50:46 status config-files gcc-14:amd64 14.2.0-19
2026-05-19 23:50:46 status not-installed gcc-14:amd64 <none>
2026-05-19 23:50:46 status installed tk-dev:amd64 8.6.16
2026-05-19 23:50:46 remove tk-dev:amd64 8.6.16 <none>
2026-05-19 23:50:46 status half-configured tk-dev:amd64 8.6.16
2026-05-19 23:50:46 status half-installed tk-dev:amd64 8.6.16
2026-05-19 23:50:46 status config-files tk-dev:amd64 8.6.16
2026-05-19 23:50:46 status not-installed tk-dev:amd64 <none>
2026-05-19 23:50:46 status installed tk8.6-dev:amd64 8.6.16-1
2026-05-19 23:50:46 remove tk8.6-dev:amd64 8.6.16-1 <none>
2026-05-19 23:50:46 status half-configured tk8.6-dev:amd64 8.6.16-1
2026-05-19 23:50:46 status half-installed tk8.6-dev:amd64 8.6.16-1
2026-05-19 23:50:46 status config-files tk8.6-dev:amd64 8.6.16-1
2026-05-19 23:50:46 status not-installed tk8.6-dev:amd64 <none>
2026-05-19 23:50:46 status installed dpkg-dev:all 1.22.22
2026-05-19 23:50:46 status installed binutils:amd64 2.44-3
2026-05-19 23:50:46 status installed libgprofng0:amd64 2.44-3
2026-05-19 23:50:46 status installed gcc-x86-64-linux-gnu:amd64 4:14.2.0-1
2026-05-19 23:50:46 remove gcc-x86-64-linux-gnu:amd64 4:14.2.0-1 <none>
2026-05-19 23:50:46 status half-configured gcc-x86-64-linux-gnu:amd64 4:14.2.0-1
2026-05-19 23:50:46 status half-installed gcc-x86-64-linux-gnu:amd64 4:14.2.0-1
2026-05-19 23:50:46 status config-files gcc-x86-64-linux-gnu:amd64 4:14.2.0-1
2026-05-19 23:50:46 status not-installed gcc-x86-64-linux-gnu:amd64 <none>
2026-05-19 23:50:46 status installed gcc-14-x86-64-linux-gnu:amd64 14.2.0-19
2026-05-19 23:50:46 remove gcc-14-x86-64-linux-gnu:amd64 14.2.0-19 <none>
2026-05-19 23:50:46 status half-configured gcc-14-x86-64-linux-gnu:amd64 14.2.0-19
2026-05-19 23:50:46 status half-installed gcc-14-x86-64-linux-gnu:amd64 14.2.0-19
2026-05-19 23:50:46 status config-files gcc-14-x86-64-linux-gnu:amd64 14.2.0-19
2026-05-19 23:50:46 status not-installed gcc-14-x86-64-linux-gnu:amd64 <none>
2026-05-19 23:50:46 status installed binutils-x86-64-linux-gnu:amd64 2.44-3
2026-05-19 23:50:46 status installed libctf0:amd64 2.44-3
2026-05-19 23:50:46 status installed libbinutils:amd64 2.44-3
2026-05-19 23:50:46 status installed binutils-common:amd64 2.44-3
2026-05-19 23:50:46 status installed bzip2:amd64 1.0.8-6
2026-05-19 23:50:46 status installed cpp:amd64 4:14.2.0-1
2026-05-19 23:50:46 remove cpp:amd64 4:14.2.0-1 <none>
2026-05-19 23:50:46 status half-configured cpp:amd64 4:14.2.0-1
2026-05-19 23:50:46 status half-installed cpp:amd64 4:14.2.0-1
2026-05-19 23:50:46 status config-files cpp:amd64 4:14.2.0-1
2026-05-19 23:50:46 status installed cpp-14:amd64 14.2.0-19
2026-05-19 23:50:46 remove cpp-14:amd64 14.2.0-19 <none>
2026-05-19 23:50:46 status half-configured cpp-14:amd64 14.2.0-19
2026-05-19 23:50:46 status half-installed cpp-14:amd64 14.2.0-19
2026-05-19 23:50:46 status config-files cpp-14:amd64 14.2.0-19
2026-05-19 23:50:46 status not-installed cpp-14:amd64 <none>
2026-05-19 23:50:46 status installed cpp-x86-64-linux-gnu:amd64 4:14.2.0-1
2026-05-19 23:50:46 remove cpp-x86-64-linux-gnu:amd64 4:14.2.0-1 <none>
2026-05-19 23:50:46 status half-configured cpp-x86-64-linux-gnu:amd64 4:14.2.0-1
2026-05-19 23:50:46 status half-installed cpp-x86-64-linux-gnu:amd64 4:14.2.0-1
2026-05-19 23:50:46 status config-files cpp-x86-64-linux-gnu:amd64 4:14.2.0-1
2026-05-19 23:50:46 status not-installed cpp-x86-64-linux-gnu:amd64 <none>
2026-05-19 23:50:46 status installed cpp-14-x86-64-linux-gnu:amd64 14.2.0-19
2026-05-19 23:50:46 remove cpp-14-x86-64-linux-gnu:amd64 14.2.0-19 <none>
2026-05-19 23:50:46 status half-configured cpp-14-x86-64-linux-gnu:amd64 14.2.0-19
2026-05-19 23:50:46 status half-installed cpp-14-x86-64-linux-gnu:amd64 14.2.0-19
2026-05-19 23:50:46 status config-files cpp-14-x86-64-linux-gnu:amd64 14.2.0-19
2026-05-19 23:50:46 status not-installed cpp-14-x86-64-linux-gnu:amd64 <none>
2026-05-19 23:50:46 status installed gnupg:all 2.4.7-21+deb13u1
2026-05-19 23:50:46 remove gnupg:all 2.4.7-21+deb13u1 <none>
2026-05-19 23:50:46 status half-configured gnupg:all 2.4.7-21+deb13u1
2026-05-19 23:50:46 status half-installed gnupg:all 2.4.7-21+deb13u1
2026-05-19 23:50:46 status config-files gnupg:all 2.4.7-21+deb13u1
2026-05-19 23:50:46 status not-installed gnupg:all <none>
2026-05-19 23:50:46 status installed dirmngr:amd64 2.4.7-21+deb13u1+b3
2026-05-19 23:50:46 remove dirmngr:amd64 2.4.7-21+deb13u1+b3 <none>
2026-05-19 23:50:46 status half-configured dirmngr:amd64 2.4.7-21+deb13u1+b3
2026-05-19 23:50:46 status half-installed dirmngr:amd64 2.4.7-21+deb13u1+b3
2026-05-19 23:50:46 status config-files dirmngr:amd64 2.4.7-21+deb13u1+b3
2026-05-19 23:50:46 status installed libxft-dev:amd64 2.3.6-1+b4
2026-05-19 23:50:46 remove libxft-dev:amd64 2.3.6-1+b4 <none>
2026-05-19 23:50:46 status half-configured libxft-dev:amd64 2.3.6-1+b4
2026-05-19 23:50:46 status half-installed libxft-dev:amd64 2.3.6-1+b4
2026-05-19 23:50:46 status config-files libxft-dev:amd64 2.3.6-1+b4
2026-05-19 23:50:46 status not-installed libxft-dev:amd64 <none>
2026-05-19 23:50:46 status installed tk:amd64 8.6.16
2026-05-19 23:50:46 remove tk:amd64 8.6.16 <none>
2026-05-19 23:50:46 status half-configured tk:amd64 8.6.16
2026-05-19 23:50:46 status half-installed tk:amd64 8.6.16
2026-05-19 23:50:46 status config-files tk:amd64 8.6.16
2026-05-19 23:50:46 status not-installed tk:amd64 <none>
2026-05-19 23:50:46 status installed tk8.6:amd64 8.6.16-1
2026-05-19 23:50:46 remove tk8.6:amd64 8.6.16-1 <none>
2026-05-19 23:50:46 status half-configured tk8.6:amd64 8.6.16-1
2026-05-19 23:50:46 status half-installed tk8.6:amd64 8.6.16-1
2026-05-19 23:50:46 status config-files tk8.6:amd64 8.6.16-1
2026-05-19 23:50:46 status not-installed tk8.6:amd64 <none>
2026-05-19 23:50:46 status installed libtk8.6:amd64 8.6.16-1
2026-05-19 23:50:46 remove libtk8.6:amd64 8.6.16-1 <none>
2026-05-19 23:50:46 status triggers-pending libc-bin:amd64 2.41-12+deb13u3
2026-05-19 23:50:46 status half-configured libtk8.6:amd64 8.6.16-1
2026-05-19 23:50:46 status half-installed libtk8.6:amd64 8.6.16-1
2026-05-19 23:50:46 status config-files libtk8.6:amd64 8.6.16-1
2026-05-19 23:50:46 status not-installed libtk8.6:amd64 <none>
2026-05-19 23:50:46 status installed libxft2:amd64 2.3.6-1+b4
2026-05-19 23:50:46 remove libxft2:amd64 2.3.6-1+b4 <none>
2026-05-19 23:50:46 status half-configured libxft2:amd64 2.3.6-1+b4
2026-05-19 23:50:46 status half-installed libxft2:amd64 2.3.6-1+b4
2026-05-19 23:50:46 status config-files libxft2:amd64 2.3.6-1+b4
2026-05-19 23:50:46 status not-installed libxft2:amd64 <none>
2026-05-19 23:50:46 status installed libfontconfig1-dev:amd64 2.15.0-2.3
2026-05-19 23:50:46 remove libfontconfig1-dev:amd64 2.15.0-2.3 <none>
2026-05-19 23:50:46 status half-configured libfontconfig1-dev:amd64 2.15.0-2.3
2026-05-19 23:50:46 status half-installed libfontconfig1-dev:amd64 2.15.0-2.3
2026-05-19 23:50:46 status config-files libfontconfig1-dev:amd64 2.15.0-2.3
2026-05-19 23:50:46 status not-installed libfontconfig1-dev:amd64 <none>
2026-05-19 23:50:46 status installed libfontconfig-dev:amd64 2.15.0-2.3
2026-05-19 23:50:46 remove libfontconfig-dev:amd64 2.15.0-2.3 <none>
2026-05-19 23:50:46 status half-configured libfontconfig-dev:amd64 2.15.0-2.3
2026-05-19 23:50:46 status half-installed libfontconfig-dev:amd64 2.15.0-2.3
2026-05-19 23:50:46 status config-files libfontconfig-dev:amd64 2.15.0-2.3
2026-05-19 23:50:46 status not-installed libfontconfig-dev:amd64 <none>
2026-05-19 23:50:46 status installed libfontconfig1:amd64 2.15.0-2.3
2026-05-19 23:50:46 remove libfontconfig1:amd64 2.15.0-2.3 <none>
2026-05-19 23:50:46 status half-configured libfontconfig1:amd64 2.15.0-2.3
2026-05-19 23:50:46 status half-installed libfontconfig1:amd64 2.15.0-2.3
2026-05-19 23:50:46 status config-files libfontconfig1:amd64 2.15.0-2.3
2026-05-19 23:50:46 status not-installed libfontconfig1:amd64 <none>
2026-05-19 23:50:46 status installed fontconfig-config:amd64 2.15.0-2.3
2026-05-19 23:50:46 remove fontconfig-config:amd64 2.15.0-2.3 <none>
2026-05-19 23:50:46 status half-configured fontconfig-config:amd64 2.15.0-2.3
2026-05-19 23:50:46 status half-installed fontconfig-config:amd64 2.15.0-2.3
2026-05-19 23:50:46 status config-files fontconfig-config:amd64 2.15.0-2.3
2026-05-19 23:50:46 status installed fonts-dejavu-core:all 2.37-8
2026-05-19 23:50:46 remove fonts-dejavu-core:all 2.37-8 <none>
2026-05-19 23:50:46 status half-configured fonts-dejavu-core:all 2.37-8
2026-05-19 23:50:46 status half-installed fonts-dejavu-core:all 2.37-8
2026-05-19 23:50:46 status config-files fonts-dejavu-core:all 2.37-8
2026-05-19 23:50:46 status installed fonts-dejavu-mono:all 2.37-8
2026-05-19 23:50:46 remove fonts-dejavu-mono:all 2.37-8 <none>
2026-05-19 23:50:46 status half-configured fonts-dejavu-mono:all 2.37-8
2026-05-19 23:50:46 status half-installed fonts-dejavu-mono:all 2.37-8
2026-05-19 23:50:46 status config-files fonts-dejavu-mono:all 2.37-8
2026-05-19 23:50:46 status installed gnupg-l10n:all 2.4.7-21+deb13u1
2026-05-19 23:50:46 remove gnupg-l10n:all 2.4.7-21+deb13u1 <none>
2026-05-19 23:50:46 status half-configured gnupg-l10n:all 2.4.7-21+deb13u1
2026-05-19 23:50:46 status half-installed gnupg-l10n:all 2.4.7-21+deb13u1
2026-05-19 23:50:46 status config-files gnupg-l10n:all 2.4.7-21+deb13u1
2026-05-19 23:50:46 status not-installed gnupg-l10n:all <none>
2026-05-19 23:50:46 status installed gpg:amd64 2.4.7-21+deb13u1+b3
2026-05-19 23:50:46 remove gpg:amd64 2.4.7-21+deb13u1+b3 <none>
2026-05-19 23:50:46 status half-configured gpg:amd64 2.4.7-21+deb13u1+b3
2026-05-19 23:50:46 status half-installed gpg:amd64 2.4.7-21+deb13u1+b3
2026-05-19 23:50:46 status config-files gpg:amd64 2.4.7-21+deb13u1+b3
2026-05-19 23:50:46 status installed gpg-agent:amd64 2.4.7-21+deb13u1+b3
2026-05-19 23:50:46 remove gpg-agent:amd64 2.4.7-21+deb13u1+b3 <none>
2026-05-19 23:50:46 status half-configured gpg-agent:amd64 2.4.7-21+deb13u1+b3
2026-05-19 23:50:46 status half-installed gpg-agent:amd64 2.4.7-21+deb13u1+b3
2026-05-19 23:50:46 status config-files gpg-agent:amd64 2.4.7-21+deb13u1+b3
2026-05-19 23:50:46 status installed gpgsm:amd64 2.4.7-21+deb13u1+b3
2026-05-19 23:50:46 remove gpgsm:amd64 2.4.7-21+deb13u1+b3 <none>
2026-05-19 23:50:46 status half-configured gpgsm:amd64 2.4.7-21+deb13u1+b3
2026-05-19 23:50:46 status half-installed gpgsm:amd64 2.4.7-21+deb13u1+b3
2026-05-19 23:50:46 status config-files gpgsm:amd64 2.4.7-21+deb13u1+b3
2026-05-19 23:50:47 status not-installed gpgsm:amd64 <none>
2026-05-19 23:50:47 status installed gpgconf:amd64 2.4.7-21+deb13u1+b3
2026-05-19 23:50:47 remove gpgconf:amd64 2.4.7-21+deb13u1+b3 <none>
2026-05-19 23:50:47 status half-configured gpgconf:amd64 2.4.7-21+deb13u1+b3
2026-05-19 23:50:47 status half-installed gpgconf:amd64 2.4.7-21+deb13u1+b3
2026-05-19 23:50:47 status config-files gpgconf:amd64 2.4.7-21+deb13u1+b3
2026-05-19 23:50:47 status not-installed gpgconf:amd64 <none>
2026-05-19 23:50:47 status installed libgcc-14-dev:amd64 14.2.0-19
2026-05-19 23:50:47 remove libgcc-14-dev:amd64 14.2.0-19 <none>
2026-05-19 23:50:47 status half-configured libgcc-14-dev:amd64 14.2.0-19
2026-05-19 23:50:47 status half-installed libgcc-14-dev:amd64 14.2.0-19
2026-05-19 23:50:47 status config-files libgcc-14-dev:amd64 14.2.0-19
2026-05-19 23:50:47 status not-installed libgcc-14-dev:amd64 <none>
2026-05-19 23:50:47 status installed libasan8:amd64 14.2.0-19
2026-05-19 23:50:47 remove libasan8:amd64 14.2.0-19 <none>
2026-05-19 23:50:47 status half-configured libasan8:amd64 14.2.0-19
2026-05-19 23:50:47 status half-installed libasan8:amd64 14.2.0-19
2026-05-19 23:50:47 status config-files libasan8:amd64 14.2.0-19
2026-05-19 23:50:47 status not-installed libasan8:amd64 <none>
2026-05-19 23:50:47 status installed pinentry-curses:amd64 1.3.1-2
2026-05-19 23:50:47 remove pinentry-curses:amd64 1.3.1-2 <none>
2026-05-19 23:50:47 status half-configured pinentry-curses:amd64 1.3.1-2
2026-05-19 23:50:47 status half-installed pinentry-curses:amd64 1.3.1-2
2026-05-19 23:50:47 status config-files pinentry-curses:amd64 1.3.1-2
2026-05-19 23:50:47 status not-installed pinentry-curses:amd64 <none>
2026-05-19 23:50:47 status installed libassuan9:amd64 3.0.2-2
2026-05-19 23:50:47 remove libassuan9:amd64 3.0.2-2 <none>
2026-05-19 23:50:47 status half-configured libassuan9:amd64 3.0.2-2
2026-05-19 23:50:47 status half-installed libassuan9:amd64 3.0.2-2
2026-05-19 23:50:47 status config-files libassuan9:amd64 3.0.2-2
2026-05-19 23:50:47 status not-installed libassuan9:amd64 <none>
2026-05-19 23:50:47 status installed libatomic1:amd64 14.2.0-19
2026-05-19 23:50:47 remove libatomic1:amd64 14.2.0-19 <none>
2026-05-19 23:50:47 status half-configured libatomic1:amd64 14.2.0-19
2026-05-19 23:50:47 status half-installed libatomic1:amd64 14.2.0-19
2026-05-19 23:50:47 status config-files libatomic1:amd64 14.2.0-19
2026-05-19 23:50:47 status not-installed libatomic1:amd64 <none>
2026-05-19 23:50:47 status installed libbluetooth-dev:amd64 5.82-1.1
2026-05-19 23:50:47 remove libbluetooth-dev:amd64 5.82-1.1 <none>
2026-05-19 23:50:47 status half-configured libbluetooth-dev:amd64 5.82-1.1
2026-05-19 23:50:47 status half-installed libbluetooth-dev:amd64 5.82-1.1
2026-05-19 23:50:47 status config-files libbluetooth-dev:amd64 5.82-1.1
2026-05-19 23:50:47 status not-installed libbluetooth-dev:amd64 <none>
2026-05-19 23:50:47 status installed libbluetooth3:amd64 5.82-1.1
2026-05-19 23:50:47 remove libbluetooth3:amd64 5.82-1.1 <none>
2026-05-19 23:50:47 status half-configured libbluetooth3:amd64 5.82-1.1
2026-05-19 23:50:47 status half-installed libbluetooth3:amd64 5.82-1.1
2026-05-19 23:50:47 status config-files libbluetooth3:amd64 5.82-1.1
2026-05-19 23:50:47 status not-installed libbluetooth3:amd64 <none>
2026-05-19 23:50:47 status installed libfreetype-dev:amd64 2.13.3+dfsg-1+deb13u1
2026-05-19 23:50:47 remove libfreetype-dev:amd64 2.13.3+dfsg-1+deb13u1 <none>
2026-05-19 23:50:47 status half-configured libfreetype-dev:amd64 2.13.3+dfsg-1+deb13u1
2026-05-19 23:50:47 status half-installed libfreetype-dev:amd64 2.13.3+dfsg-1+deb13u1
2026-05-19 23:50:47 status config-files libfreetype-dev:amd64 2.13.3+dfsg-1+deb13u1
2026-05-19 23:50:47 status not-installed libfreetype-dev:amd64 <none>
2026-05-19 23:50:47 status installed libbrotli-dev:amd64 1.1.0-2+b7
2026-05-19 23:50:47 remove libbrotli-dev:amd64 1.1.0-2+b7 <none>
2026-05-19 23:50:47 status half-configured libbrotli-dev:amd64 1.1.0-2+b7
2026-05-19 23:50:47 status half-installed libbrotli-dev:amd64 1.1.0-2+b7
2026-05-19 23:50:47 status config-files libbrotli-dev:amd64 1.1.0-2+b7
2026-05-19 23:50:47 status not-installed libbrotli-dev:amd64 <none>
2026-05-19 23:50:47 status installed libfreetype6:amd64 2.13.3+dfsg-1+deb13u1
2026-05-19 23:50:47 remove libfreetype6:amd64 2.13.3+dfsg-1+deb13u1 <none>
2026-05-19 23:50:47 status half-configured libfreetype6:amd64 2.13.3+dfsg-1+deb13u1
2026-05-19 23:50:47 status half-installed libfreetype6:amd64 2.13.3+dfsg-1+deb13u1
2026-05-19 23:50:47 status config-files libfreetype6:amd64 2.13.3+dfsg-1+deb13u1
2026-05-19 23:50:47 status not-installed libfreetype6:amd64 <none>
2026-05-19 23:50:47 status installed libbrotli1:amd64 1.1.0-2+b7
2026-05-19 23:50:47 remove libbrotli1:amd64 1.1.0-2+b7 <none>
2026-05-19 23:50:47 status half-configured libbrotli1:amd64 1.1.0-2+b7
2026-05-19 23:50:47 status half-installed libbrotli1:amd64 1.1.0-2+b7
2026-05-19 23:50:47 status config-files libbrotli1:amd64 1.1.0-2+b7
2026-05-19 23:50:47 status not-installed libbrotli1:amd64 <none>
2026-05-19 23:50:47 status installed libbz2-dev:amd64 1.0.8-6
2026-05-19 23:50:47 remove libbz2-dev:amd64 1.0.8-6 <none>
2026-05-19 23:50:47 status half-configured libbz2-dev:amd64 1.0.8-6
2026-05-19 23:50:47 status half-installed libbz2-dev:amd64 1.0.8-6
2026-05-19 23:50:47 status config-files libbz2-dev:amd64 1.0.8-6
2026-05-19 23:50:47 status not-installed libbz2-dev:amd64 <none>
2026-05-19 23:50:47 status installed tcl-dev:amd64 8.6.16
2026-05-19 23:50:47 remove tcl-dev:amd64 8.6.16 <none>
2026-05-19 23:50:47 status half-configured tcl-dev:amd64 8.6.16
2026-05-19 23:50:47 status half-installed tcl-dev:amd64 8.6.16
2026-05-19 23:50:47 status config-files tcl-dev:amd64 8.6.16
2026-05-19 23:50:47 status not-installed tcl-dev:amd64 <none>
2026-05-19 23:50:47 status installed tcl8.6-dev:amd64 8.6.16+dfsg-1
2026-05-19 23:50:47 remove tcl8.6-dev:amd64 8.6.16+dfsg-1 <none>
2026-05-19 23:50:47 status half-configured tcl8.6-dev:amd64 8.6.16+dfsg-1
2026-05-19 23:50:47 status half-installed tcl8.6-dev:amd64 8.6.16+dfsg-1
2026-05-19 23:50:47 status config-files tcl8.6-dev:amd64 8.6.16+dfsg-1
2026-05-19 23:50:47 status not-installed tcl8.6-dev:amd64 <none>
2026-05-19 23:50:47 status installed libpng-dev:amd64 1.6.48-1+deb13u5
2026-05-19 23:50:47 remove libpng-dev:amd64 1.6.48-1+deb13u5 <none>
2026-05-19 23:50:47 status half-configured libpng-dev:amd64 1.6.48-1+deb13u5
2026-05-19 23:50:47 status half-installed libpng-dev:amd64 1.6.48-1+deb13u5
2026-05-19 23:50:47 status config-files libpng-dev:amd64 1.6.48-1+deb13u5
2026-05-19 23:50:47 status not-installed libpng-dev:amd64 <none>
2026-05-19 23:50:47 status installed zlib1g-dev:amd64 1:1.3.dfsg+really1.3.1-1+b1
2026-05-19 23:50:48 remove zlib1g-dev:amd64 1:1.3.dfsg+really1.3.1-1+b1 <none>
2026-05-19 23:50:48 status half-configured zlib1g-dev:amd64 1:1.3.dfsg+really1.3.1-1+b1
2026-05-19 23:50:48 status half-installed zlib1g-dev:amd64 1:1.3.dfsg+really1.3.1-1+b1
2026-05-19 23:50:48 status config-files zlib1g-dev:amd64 1:1.3.dfsg+really1.3.1-1+b1
2026-05-19 23:50:48 status not-installed zlib1g-dev:amd64 <none>
2026-05-19 23:50:48 status installed uuid-dev:amd64 2.41-5
2026-05-19 23:50:48 remove uuid-dev:amd64 2.41-5 <none>
2026-05-19 23:50:48 status half-configured uuid-dev:amd64 2.41-5
2026-05-19 23:50:48 status half-installed uuid-dev:amd64 2.41-5
2026-05-19 23:50:48 status config-files uuid-dev:amd64 2.41-5
2026-05-19 23:50:48 status not-installed uuid-dev:amd64 <none>
2026-05-19 23:50:48 status installed libreadline-dev:amd64 8.2-6
2026-05-19 23:50:48 remove libreadline-dev:amd64 8.2-6 <none>
2026-05-19 23:50:48 status half-configured libreadline-dev:amd64 8.2-6
2026-05-19 23:50:48 status half-installed libreadline-dev:amd64 8.2-6
2026-05-19 23:50:48 status config-files libreadline-dev:amd64 8.2-6
2026-05-19 23:50:48 status not-installed libreadline-dev:amd64 <none>
2026-05-19 23:50:48 status installed libncurses-dev:amd64 6.5+20250216-2
2026-05-19 23:50:48 remove libncurses-dev:amd64 6.5+20250216-2 <none>
2026-05-19 23:50:48 status half-configured libncurses-dev:amd64 6.5+20250216-2
2026-05-19 23:50:48 status half-installed libncurses-dev:amd64 6.5+20250216-2
2026-05-19 23:50:48 status config-files libncurses-dev:amd64 6.5+20250216-2
2026-05-19 23:50:48 status not-installed libncurses-dev:amd64 <none>
2026-05-19 23:50:48 status installed libsqlite3-dev:amd64 3.46.1-7+deb13u1
2026-05-19 23:50:48 remove libsqlite3-dev:amd64 3.46.1-7+deb13u1 <none>
2026-05-19 23:50:48 status half-configured libsqlite3-dev:amd64 3.46.1-7+deb13u1
2026-05-19 23:50:48 status half-installed libsqlite3-dev:amd64 3.46.1-7+deb13u1
2026-05-19 23:50:48 status config-files libsqlite3-dev:amd64 3.46.1-7+deb13u1
2026-05-19 23:50:48 status not-installed libsqlite3-dev:amd64 <none>
2026-05-19 23:50:48 status installed libc6-dev:amd64 2.41-12+deb13u3
2026-05-19 23:50:48 status installed libc-dev-bin:amd64 2.41-12+deb13u3
2026-05-19 23:50:48 status installed libcc1-0:amd64 14.2.0-19
2026-05-19 23:50:48 remove libcc1-0:amd64 14.2.0-19 <none>
2026-05-19 23:50:48 status half-configured libcc1-0:amd64 14.2.0-19
2026-05-19 23:50:48 status half-installed libcc1-0:amd64 14.2.0-19
2026-05-19 23:50:48 status config-files libcc1-0:amd64 14.2.0-19
2026-05-19 23:50:48 status not-installed libcc1-0:amd64 <none>
2026-05-19 23:50:48 status installed libcrypt-dev:amd64 1:4.4.38-1
2026-05-19 23:50:48 status installed libctf-nobfd0:amd64 2.44-3
2026-05-19 23:50:48 status installed libdb-dev:amd64 5.3.4
2026-05-19 23:50:48 remove libdb-dev:amd64 5.3.4 <none>
2026-05-19 23:50:48 status half-configured libdb-dev:amd64 5.3.4
2026-05-19 23:50:48 status half-installed libdb-dev:amd64 5.3.4
2026-05-19 23:50:48 status config-files libdb-dev:amd64 5.3.4
2026-05-19 23:50:48 status not-installed libdb-dev:amd64 <none>
2026-05-19 23:50:48 status installed libdb5.3-dev:amd64 5.3.28+dfsg2-9
2026-05-19 23:50:48 remove libdb5.3-dev:amd64 5.3.28+dfsg2-9 <none>
2026-05-19 23:50:48 status half-configured libdb5.3-dev:amd64 5.3.28+dfsg2-9
2026-05-19 23:50:48 status half-installed libdb5.3-dev:amd64 5.3.28+dfsg2-9
2026-05-19 23:50:48 status config-files libdb5.3-dev:amd64 5.3.28+dfsg2-9
2026-05-19 23:50:48 status not-installed libdb5.3-dev:amd64 <none>
2026-05-19 23:50:48 status installed libdpkg-perl:all 1.22.22
2026-05-19 23:50:48 status installed libexpat1-dev:amd64 2.7.1-2
2026-05-19 23:50:48 remove libexpat1-dev:amd64 2.7.1-2 <none>
2026-05-19 23:50:48 status half-configured libexpat1-dev:amd64 2.7.1-2
2026-05-19 23:50:48 status half-installed libexpat1-dev:amd64 2.7.1-2
2026-05-19 23:50:48 status config-files libexpat1-dev:amd64 2.7.1-2
2026-05-19 23:50:48 status not-installed libexpat1-dev:amd64 <none>
2026-05-19 23:50:48 status installed libexpat1:amd64 2.7.1-2
2026-05-19 23:50:48 remove libexpat1:amd64 2.7.1-2 <none>
2026-05-19 23:50:48 status half-configured libexpat1:amd64 2.7.1-2
2026-05-19 23:50:48 status half-installed libexpat1:amd64 2.7.1-2
2026-05-19 23:50:48 status config-files libexpat1:amd64 2.7.1-2
2026-05-19 23:50:48 status not-installed libexpat1:amd64 <none>
2026-05-19 23:50:48 status installed libffi-dev:amd64 3.4.8-2
2026-05-19 23:50:48 remove libffi-dev:amd64 3.4.8-2 <none>
2026-05-19 23:50:48 status half-configured libffi-dev:amd64 3.4.8-2
2026-05-19 23:50:48 status half-installed libffi-dev:amd64 3.4.8-2
2026-05-19 23:50:48 status config-files libffi-dev:amd64 3.4.8-2
2026-05-19 23:50:48 status not-installed libffi-dev:amd64 <none>
2026-05-19 23:50:48 status installed libgcrypt20:amd64 1.11.0-7
2026-05-19 23:50:48 remove libgcrypt20:amd64 1.11.0-7 <none>
2026-05-19 23:50:48 status half-configured libgcrypt20:amd64 1.11.0-7
2026-05-19 23:50:48 status half-installed libgcrypt20:amd64 1.11.0-7
2026-05-19 23:50:48 status config-files libgcrypt20:amd64 1.11.0-7
2026-05-19 23:50:48 status not-installed libgcrypt20:amd64 <none>
2026-05-19 23:50:48 status installed perl:amd64 5.40.1-6
2026-05-19 23:50:48 status installed libperl5.40:amd64 5.40.1-6
2026-05-19 23:50:48 status installed libgdbm-compat4t64:amd64 1.24-2
2026-05-19 23:50:48 status installed libgdbm-dev:amd64 1.24-2
2026-05-19 23:50:48 remove libgdbm-dev:amd64 1.24-2 <none>
2026-05-19 23:50:48 status half-configured libgdbm-dev:amd64 1.24-2
2026-05-19 23:50:48 status half-installed libgdbm-dev:amd64 1.24-2
2026-05-19 23:50:48 status config-files libgdbm-dev:amd64 1.24-2
2026-05-19 23:50:48 status not-installed libgdbm-dev:amd64 <none>
2026-05-19 23:50:48 status installed wget:amd64 1.25.0-2
2026-05-19 23:50:48 remove wget:amd64 1.25.0-2 <none>
2026-05-19 23:50:48 status half-configured wget:amd64 1.25.0-2
2026-05-19 23:50:48 status half-installed wget:amd64 1.25.0-2
2026-05-19 23:50:48 status config-files wget:amd64 1.25.0-2
2026-05-19 23:50:48 status installed libgnutls30t64:amd64 3.8.9-3+deb13u4
2026-05-19 23:50:48 remove libgnutls30t64:amd64 3.8.9-3+deb13u4 <none>
2026-05-19 23:50:48 status half-configured libgnutls30t64:amd64 3.8.9-3+deb13u4
2026-05-19 23:50:48 status half-installed libgnutls30t64:amd64 3.8.9-3+deb13u4
2026-05-19 23:50:48 status config-files libgnutls30t64:amd64 3.8.9-3+deb13u4
2026-05-19 23:50:48 status not-installed libgnutls30t64:amd64 <none>
2026-05-19 23:50:48 status installed libgomp1:amd64 14.2.0-19
2026-05-19 23:50:48 remove libgomp1:amd64 14.2.0-19 <none>
2026-05-19 23:50:48 status half-configured libgomp1:amd64 14.2.0-19
2026-05-19 23:50:48 status half-installed libgomp1:amd64 14.2.0-19
2026-05-19 23:50:48 status config-files libgomp1:amd64 14.2.0-19
2026-05-19 23:50:48 status not-installed libgomp1:amd64 <none>
2026-05-19 23:50:48 status installed libksba8:amd64 1.6.7-2+b1
2026-05-19 23:50:48 remove libksba8:amd64 1.6.7-2+b1 <none>
2026-05-19 23:50:48 status half-configured libksba8:amd64 1.6.7-2+b1
2026-05-19 23:50:49 status half-installed libksba8:amd64 1.6.7-2+b1
2026-05-19 23:50:49 status config-files libksba8:amd64 1.6.7-2+b1
2026-05-19 23:50:49 status not-installed libksba8:amd64 <none>
2026-05-19 23:50:49 status installed libgpg-error0:amd64 1.51-4
2026-05-19 23:50:49 remove libgpg-error0:amd64 1.51-4 <none>
2026-05-19 23:50:49 status half-configured libgpg-error0:amd64 1.51-4
2026-05-19 23:50:49 status half-installed libgpg-error0:amd64 1.51-4
2026-05-19 23:50:49 status config-files libgpg-error0:amd64 1.51-4
2026-05-19 23:50:49 status not-installed libgpg-error0:amd64 <none>
2026-05-19 23:50:49 status installed libhwasan0:amd64 14.2.0-19
2026-05-19 23:50:49 remove libhwasan0:amd64 14.2.0-19 <none>
2026-05-19 23:50:49 status half-configured libhwasan0:amd64 14.2.0-19
2026-05-19 23:50:49 status half-installed libhwasan0:amd64 14.2.0-19
2026-05-19 23:50:49 status config-files libhwasan0:amd64 14.2.0-19
2026-05-19 23:50:49 status not-installed libhwasan0:amd64 <none>
2026-05-19 23:50:49 status installed libpsl5t64:amd64 0.21.2-1.1+b1
2026-05-19 23:50:49 remove libpsl5t64:amd64 0.21.2-1.1+b1 <none>
2026-05-19 23:50:49 status half-configured libpsl5t64:amd64 0.21.2-1.1+b1
2026-05-19 23:50:49 status half-installed libpsl5t64:amd64 0.21.2-1.1+b1
2026-05-19 23:50:49 status config-files libpsl5t64:amd64 0.21.2-1.1+b1
2026-05-19 23:50:49 status not-installed libpsl5t64:amd64 <none>
2026-05-19 23:50:49 status installed libidn2-0:amd64 2.3.8-2
2026-05-19 23:50:49 remove libidn2-0:amd64 2.3.8-2 <none>
2026-05-19 23:50:49 status half-configured libidn2-0:amd64 2.3.8-2
2026-05-19 23:50:49 status half-installed libidn2-0:amd64 2.3.8-2
2026-05-19 23:50:49 status config-files libidn2-0:amd64 2.3.8-2
2026-05-19 23:50:49 status not-installed libidn2-0:amd64 <none>
2026-05-19 23:50:49 status installed libisl23:amd64 0.27-1
2026-05-19 23:50:49 remove libisl23:amd64 0.27-1 <none>
2026-05-19 23:50:49 status half-configured libisl23:amd64 0.27-1
2026-05-19 23:50:49 status half-installed libisl23:amd64 0.27-1
2026-05-19 23:50:49 status config-files libisl23:amd64 0.27-1
2026-05-19 23:50:49 status not-installed libisl23:amd64 <none>
2026-05-19 23:50:49 status installed libitm1:amd64 14.2.0-19
2026-05-19 23:50:49 remove libitm1:amd64 14.2.0-19 <none>
2026-05-19 23:50:49 status half-configured libitm1:amd64 14.2.0-19
2026-05-19 23:50:49 status half-installed libitm1:amd64 14.2.0-19
2026-05-19 23:50:49 status config-files libitm1:amd64 14.2.0-19
2026-05-19 23:50:49 status not-installed libitm1:amd64 <none>
2026-05-19 23:50:49 status installed libjansson4:amd64 2.14-2+b3
2026-05-19 23:50:49 status installed libldap2:amd64 2.6.10+dfsg-1
2026-05-19 23:50:49 remove libldap2:amd64 2.6.10+dfsg-1 <none>
2026-05-19 23:50:49 status half-configured libldap2:amd64 2.6.10+dfsg-1
2026-05-19 23:50:49 status half-installed libldap2:amd64 2.6.10+dfsg-1
2026-05-19 23:50:49 status config-files libldap2:amd64 2.6.10+dfsg-1
2026-05-19 23:50:49 status not-installed libldap2:amd64 <none>
2026-05-19 23:50:49 status installed liblsan0:amd64 14.2.0-19
2026-05-19 23:50:49 remove liblsan0:amd64 14.2.0-19 <none>
2026-05-19 23:50:49 status half-configured liblsan0:amd64 14.2.0-19
2026-05-19 23:50:49 status half-installed liblsan0:amd64 14.2.0-19
2026-05-19 23:50:49 status config-files liblsan0:amd64 14.2.0-19
2026-05-19 23:50:49 status not-installed liblsan0:amd64 <none>
2026-05-19 23:50:49 status installed liblzma-dev:amd64 5.8.1-1
2026-05-19 23:50:49 remove liblzma-dev:amd64 5.8.1-1 <none>
2026-05-19 23:50:49 status half-configured liblzma-dev:amd64 5.8.1-1
2026-05-19 23:50:49 status half-installed liblzma-dev:amd64 5.8.1-1
2026-05-19 23:50:49 status config-files liblzma-dev:amd64 5.8.1-1
2026-05-19 23:50:49 status not-installed liblzma-dev:amd64 <none>
2026-05-19 23:50:49 status installed libmpc3:amd64 1.3.1-1+b3
2026-05-19 23:50:49 remove libmpc3:amd64 1.3.1-1+b3 <none>
2026-05-19 23:50:49 status half-configured libmpc3:amd64 1.3.1-1+b3
2026-05-19 23:50:49 status half-installed libmpc3:amd64 1.3.1-1+b3
2026-05-19 23:50:49 status config-files libmpc3:amd64 1.3.1-1+b3
2026-05-19 23:50:49 status not-installed libmpc3:amd64 <none>
2026-05-19 23:50:49 status installed libmpfr6:amd64 4.2.2-1
2026-05-19 23:50:49 remove libmpfr6:amd64 4.2.2-1 <none>
2026-05-19 23:50:49 status half-configured libmpfr6:amd64 4.2.2-1
2026-05-19 23:50:49 status half-installed libmpfr6:amd64 4.2.2-1
2026-05-19 23:50:49 status config-files libmpfr6:amd64 4.2.2-1
2026-05-19 23:50:49 status not-installed libmpfr6:amd64 <none>
2026-05-19 23:50:49 status installed libncurses6:amd64 6.5+20250216-2
2026-05-19 23:50:49 remove libncurses6:amd64 6.5+20250216-2 <none>
2026-05-19 23:50:49 status half-configured libncurses6:amd64 6.5+20250216-2
2026-05-19 23:50:49 status half-installed libncurses6:amd64 6.5+20250216-2
2026-05-19 23:50:49 status config-files libncurses6:amd64 6.5+20250216-2
2026-05-19 23:50:49 status not-installed libncurses6:amd64 <none>
2026-05-19 23:50:49 status installed libnpth0t64:amd64 1.8-3
2026-05-19 23:50:49 remove libnpth0t64:amd64 1.8-3 <none>
2026-05-19 23:50:49 status half-configured libnpth0t64:amd64 1.8-3
2026-05-19 23:50:49 status half-installed libnpth0t64:amd64 1.8-3
2026-05-19 23:50:49 status config-files libnpth0t64:amd64 1.8-3
2026-05-19 23:50:49 status not-installed libnpth0t64:amd64 <none>
2026-05-19 23:50:49 status installed libp11-kit0:amd64 0.25.5-3
2026-05-19 23:50:49 remove libp11-kit0:amd64 0.25.5-3 <none>
2026-05-19 23:50:49 status half-configured libp11-kit0:amd64 0.25.5-3
2026-05-19 23:50:49 status half-installed libp11-kit0:amd64 0.25.5-3
2026-05-19 23:50:49 status config-files libp11-kit0:amd64 0.25.5-3
2026-05-19 23:50:49 status not-installed libp11-kit0:amd64 <none>
2026-05-19 23:50:49 status installed pkgconf:amd64 1.8.1-4
2026-05-19 23:50:49 remove pkgconf:amd64 1.8.1-4 <none>
2026-05-19 23:50:49 status half-configured pkgconf:amd64 1.8.1-4
2026-05-19 23:50:49 status half-installed pkgconf:amd64 1.8.1-4
2026-05-19 23:50:49 status config-files pkgconf:amd64 1.8.1-4
2026-05-19 23:50:49 status installed pkgconf-bin:amd64 1.8.1-4
2026-05-19 23:50:49 remove pkgconf-bin:amd64 1.8.1-4 <none>
2026-05-19 23:50:49 status half-configured pkgconf-bin:amd64 1.8.1-4
2026-05-19 23:50:49 status half-installed pkgconf-bin:amd64 1.8.1-4
2026-05-19 23:50:49 status config-files pkgconf-bin:amd64 1.8.1-4
2026-05-19 23:50:50 status not-installed pkgconf-bin:amd64 <none>
2026-05-19 23:50:50 status installed libpkgconf3:amd64 1.8.1-4
2026-05-19 23:50:50 remove libpkgconf3:amd64 1.8.1-4 <none>
2026-05-19 23:50:50 status half-configured libpkgconf3:amd64 1.8.1-4
2026-05-19 23:50:50 status half-installed libpkgconf3:amd64 1.8.1-4
2026-05-19 23:50:50 status config-files libpkgconf3:amd64 1.8.1-4
2026-05-19 23:50:50 status not-installed libpkgconf3:amd64 <none>
2026-05-19 23:50:50 status installed libpng16-16t64:amd64 1.6.48-1+deb13u5
2026-05-19 23:50:50 remove libpng16-16t64:amd64 1.6.48-1+deb13u5 <none>
2026-05-19 23:50:50 status half-configured libpng16-16t64:amd64 1.6.48-1+deb13u5
2026-05-19 23:50:50 status half-installed libpng16-16t64:amd64 1.6.48-1+deb13u5
2026-05-19 23:50:50 status config-files libpng16-16t64:amd64 1.6.48-1+deb13u5
2026-05-19 23:50:50 status not-installed libpng16-16t64:amd64 <none>
2026-05-19 23:50:50 status installed libquadmath0:amd64 14.2.0-19
2026-05-19 23:50:50 remove libquadmath0:amd64 14.2.0-19 <none>
2026-05-19 23:50:50 status half-configured libquadmath0:amd64 14.2.0-19
2026-05-19 23:50:50 status half-installed libquadmath0:amd64 14.2.0-19
2026-05-19 23:50:50 status config-files libquadmath0:amd64 14.2.0-19
2026-05-19 23:50:50 status not-installed libquadmath0:amd64 <none>
2026-05-19 23:50:50 status installed libsasl2-2:amd64 2.1.28+dfsg1-9
2026-05-19 23:50:50 remove libsasl2-2:amd64 2.1.28+dfsg1-9 <none>
2026-05-19 23:50:50 status half-configured libsasl2-2:amd64 2.1.28+dfsg1-9
2026-05-19 23:50:50 status half-installed libsasl2-2:amd64 2.1.28+dfsg1-9
2026-05-19 23:50:50 status config-files libsasl2-2:amd64 2.1.28+dfsg1-9
2026-05-19 23:50:50 status not-installed libsasl2-2:amd64 <none>
2026-05-19 23:50:50 status installed libsasl2-modules-db:amd64 2.1.28+dfsg1-9
2026-05-19 23:50:50 remove libsasl2-modules-db:amd64 2.1.28+dfsg1-9 <none>
2026-05-19 23:50:50 status half-configured libsasl2-modules-db:amd64 2.1.28+dfsg1-9
2026-05-19 23:50:50 status half-installed libsasl2-modules-db:amd64 2.1.28+dfsg1-9
2026-05-19 23:50:50 status config-files libsasl2-modules-db:amd64 2.1.28+dfsg1-9
2026-05-19 23:50:50 status not-installed libsasl2-modules-db:amd64 <none>
2026-05-19 23:50:50 status installed libsframe1:amd64 2.44-3
2026-05-19 23:50:50 status installed libssl-dev:amd64 3.5.6-1~deb13u1
2026-05-19 23:50:50 remove libssl-dev:amd64 3.5.6-1~deb13u1 <none>
2026-05-19 23:50:50 status half-configured libssl-dev:amd64 3.5.6-1~deb13u1
2026-05-19 23:50:50 status half-installed libssl-dev:amd64 3.5.6-1~deb13u1
2026-05-19 23:50:50 status config-files libssl-dev:amd64 3.5.6-1~deb13u1
2026-05-19 23:50:50 status not-installed libssl-dev:amd64 <none>
2026-05-19 23:50:50 status installed libtasn1-6:amd64 4.20.0-2
2026-05-19 23:50:50 remove libtasn1-6:amd64 4.20.0-2 <none>
2026-05-19 23:50:50 status half-configured libtasn1-6:amd64 4.20.0-2
2026-05-19 23:50:50 status half-installed libtasn1-6:amd64 4.20.0-2
2026-05-19 23:50:50 status config-files libtasn1-6:amd64 4.20.0-2
2026-05-19 23:50:50 status not-installed libtasn1-6:amd64 <none>
2026-05-19 23:50:50 status installed tcl:amd64 8.6.16
2026-05-19 23:50:50 remove tcl:amd64 8.6.16 <none>
2026-05-19 23:50:50 status half-configured tcl:amd64 8.6.16
2026-05-19 23:50:50 status half-installed tcl:amd64 8.6.16
2026-05-19 23:50:50 status config-files tcl:amd64 8.6.16
2026-05-19 23:50:50 status not-installed tcl:amd64 <none>
2026-05-19 23:50:50 status installed tcl8.6:amd64 8.6.16+dfsg-1
2026-05-19 23:50:50 remove tcl8.6:amd64 8.6.16+dfsg-1 <none>
2026-05-19 23:50:50 status half-configured tcl8.6:amd64 8.6.16+dfsg-1
2026-05-19 23:50:50 status half-installed tcl8.6:amd64 8.6.16+dfsg-1
2026-05-19 23:50:50 status config-files tcl8.6:amd64 8.6.16+dfsg-1
2026-05-19 23:50:50 status not-installed tcl8.6:amd64 <none>
2026-05-19 23:50:50 status installed libtcl8.6:amd64 8.6.16+dfsg-1
2026-05-19 23:50:50 remove libtcl8.6:amd64 8.6.16+dfsg-1 <none>
2026-05-19 23:50:50 status half-configured libtcl8.6:amd64 8.6.16+dfsg-1
2026-05-19 23:50:50 status half-installed libtcl8.6:amd64 8.6.16+dfsg-1
2026-05-19 23:50:50 status config-files libtcl8.6:amd64 8.6.16+dfsg-1
2026-05-19 23:50:50 status not-installed libtcl8.6:amd64 <none>
2026-05-19 23:50:50 status installed libtsan2:amd64 14.2.0-19
2026-05-19 23:50:50 remove libtsan2:amd64 14.2.0-19 <none>
2026-05-19 23:50:50 status half-configured libtsan2:amd64 14.2.0-19
2026-05-19 23:50:50 status half-installed libtsan2:amd64 14.2.0-19
2026-05-19 23:50:50 status config-files libtsan2:amd64 14.2.0-19
2026-05-19 23:50:50 status not-installed libtsan2:amd64 <none>
2026-05-19 23:50:50 status installed libubsan1:amd64 14.2.0-19
2026-05-19 23:50:50 remove libubsan1:amd64 14.2.0-19 <none>
2026-05-19 23:50:50 status half-configured libubsan1:amd64 14.2.0-19
2026-05-19 23:50:50 status half-installed libubsan1:amd64 14.2.0-19
2026-05-19 23:50:50 status config-files libubsan1:amd64 14.2.0-19
2026-05-19 23:50:50 status not-installed libubsan1:amd64 <none>
2026-05-19 23:50:50 status installed libunistring5:amd64 1.3-2
2026-05-19 23:50:50 remove libunistring5:amd64 1.3-2 <none>
2026-05-19 23:50:50 status half-configured libunistring5:amd64 1.3-2
2026-05-19 23:50:50 status half-installed libunistring5:amd64 1.3-2
2026-05-19 23:50:50 status config-files libunistring5:amd64 1.3-2
2026-05-19 23:50:50 status not-installed libunistring5:amd64 <none>
2026-05-19 23:50:50 status installed libxss-dev:amd64 1:1.2.3-1+b3
2026-05-19 23:50:50 remove libxss-dev:amd64 1:1.2.3-1+b3 <none>
2026-05-19 23:50:50 status half-configured libxss-dev:amd64 1:1.2.3-1+b3
2026-05-19 23:50:50 status half-installed libxss-dev:amd64 1:1.2.3-1+b3
2026-05-19 23:50:50 status config-files libxss-dev:amd64 1:1.2.3-1+b3
2026-05-19 23:50:50 status not-installed libxss-dev:amd64 <none>
2026-05-19 23:50:50 status installed libxrender-dev:amd64 1:0.9.12-1
2026-05-19 23:50:50 remove libxrender-dev:amd64 1:0.9.12-1 <none>
2026-05-19 23:50:50 status half-configured libxrender-dev:amd64 1:0.9.12-1
2026-05-19 23:50:50 status half-installed libxrender-dev:amd64 1:0.9.12-1
2026-05-19 23:50:50 status config-files libxrender-dev:amd64 1:0.9.12-1
2026-05-19 23:50:50 status not-installed libxrender-dev:amd64 <none>
2026-05-19 23:50:50 status installed libx11-dev:amd64 2:1.8.12-1
2026-05-19 23:50:50 status installed libxss1:amd64 1:1.2.3-1+b3
2026-05-19 23:50:50 remove libxss1:amd64 1:1.2.3-1+b3 <none>
2026-05-19 23:50:50 status half-configured libxss1:amd64 1:1.2.3-1+b3
2026-05-19 23:50:50 status half-installed libxss1:amd64 1:1.2.3-1+b3
2026-05-19 23:50:51 status config-files libxss1:amd64 1:1.2.3-1+b3
2026-05-19 23:50:51 status not-installed libxss1:amd64 <none>
2026-05-19 23:50:51 status installed libx11-6:amd64 2:1.8.12-1
2026-05-19 23:50:51 status installed libx11-data:all 2:1.8.12-1
2026-05-19 23:50:51 status installed libxcb1-dev:amd64 1.17.0-2+b1
2026-05-19 23:50:51 status installed libxau-dev:amd64 1:1.0.11-1
2026-05-19 23:50:51 status installed libxcb1:amd64 1.17.0-2+b1
2026-05-19 23:50:51 status installed libxau6:amd64 1:1.0.11-1
2026-05-19 23:50:51 status installed libxdmcp-dev:amd64 1:1.1.5-1
2026-05-19 23:50:51 status installed libxdmcp6:amd64 1:1.1.5-1
2026-05-19 23:50:51 status installed libxext-dev:amd64 2:1.3.4-1+b3
2026-05-19 23:50:51 remove libxext-dev:amd64 2:1.3.4-1+b3 <none>
2026-05-19 23:50:51 status half-configured libxext-dev:amd64 2:1.3.4-1+b3
2026-05-19 23:50:51 status half-installed libxext-dev:amd64 2:1.3.4-1+b3
2026-05-19 23:50:51 status config-files libxext-dev:amd64 2:1.3.4-1+b3
2026-05-19 23:50:51 status not-installed libxext-dev:amd64 <none>
2026-05-19 23:50:51 status installed libxext6:amd64 2:1.3.4-1+b3
2026-05-19 23:50:51 remove libxext6:amd64 2:1.3.4-1+b3 <none>
2026-05-19 23:50:51 status half-configured libxext6:amd64 2:1.3.4-1+b3
2026-05-19 23:50:51 status half-installed libxext6:amd64 2:1.3.4-1+b3
2026-05-19 23:50:51 status config-files libxext6:amd64 2:1.3.4-1+b3
2026-05-19 23:50:51 status not-installed libxext6:amd64 <none>
2026-05-19 23:50:51 status installed libxrender1:amd64 1:0.9.12-1
2026-05-19 23:50:51 remove libxrender1:amd64 1:0.9.12-1 <none>
2026-05-19 23:50:51 status half-configured libxrender1:amd64 1:0.9.12-1
2026-05-19 23:50:51 status half-installed libxrender1:amd64 1:0.9.12-1
2026-05-19 23:50:51 status config-files libxrender1:amd64 1:0.9.12-1
2026-05-19 23:50:51 status not-installed libxrender1:amd64 <none>
2026-05-19 23:50:51 status installed linux-libc-dev:all 6.12.88-1
2026-05-19 23:50:51 status installed make:amd64 4.4.1-2
2026-05-19 23:50:51 status installed patch:amd64 2.8-2
2026-05-19 23:50:51 status installed perl-modules-5.40:all 5.40.1-6
2026-05-19 23:50:51 status installed rpcsvc-proto:amd64 1.4.3-1
2026-05-19 23:50:51 status installed x11-common:all 1:7.7+24+deb13u1
2026-05-19 23:50:51 remove x11-common:all 1:7.7+24+deb13u1 <none>
2026-05-19 23:50:51 status half-configured x11-common:all 1:7.7+24+deb13u1
2026-05-19 23:50:51 status half-installed x11-common:all 1:7.7+24+deb13u1
2026-05-19 23:50:51 status config-files x11-common:all 1:7.7+24+deb13u1
2026-05-19 23:50:51 status installed x11proto-core-dev:all 2024.1-1
2026-05-19 23:50:51 remove x11proto-core-dev:all 2024.1-1 <none>
2026-05-19 23:50:51 status half-configured x11proto-core-dev:all 2024.1-1
2026-05-19 23:50:51 status half-installed x11proto-core-dev:all 2024.1-1
2026-05-19 23:50:51 status config-files x11proto-core-dev:all 2024.1-1
2026-05-19 23:50:51 status not-installed x11proto-core-dev:all <none>
2026-05-19 23:50:51 status installed x11proto-dev:all 2024.1-1
2026-05-19 23:50:51 status installed xorg-sgml-doctools:all 1:1.11-1.1
2026-05-19 23:50:51 status installed xtrans-dev:all 1.4.0-1
2026-05-19 23:50:51 status installed xz-utils:amd64 5.8.1-1
2026-05-19 23:50:51 remove dpkg-dev:all 1.22.22 <none>
2026-05-19 23:50:51 status half-configured dpkg-dev:all 1.22.22
2026-05-19 23:50:51 status half-installed dpkg-dev:all 1.22.22
2026-05-19 23:50:51 status config-files dpkg-dev:all 1.22.22
2026-05-19 23:50:51 remove binutils:amd64 2.44-3 <none>
2026-05-19 23:50:51 status half-configured binutils:amd64 2.44-3
2026-05-19 23:50:51 status half-installed binutils:amd64 2.44-3
2026-05-19 23:50:51 status config-files binutils:amd64 2.44-3
2026-05-19 23:50:51 remove libgprofng0:amd64 2.44-3 <none>
2026-05-19 23:50:51 status half-configured libgprofng0:amd64 2.44-3
2026-05-19 23:50:51 status half-installed libgprofng0:amd64 2.44-3
2026-05-19 23:50:51 status config-files libgprofng0:amd64 2.44-3
2026-05-19 23:50:51 status not-installed libgprofng0:amd64 <none>
2026-05-19 23:50:51 remove binutils-x86-64-linux-gnu:amd64 2.44-3 <none>
2026-05-19 23:50:51 status half-configured binutils-x86-64-linux-gnu:amd64 2.44-3
2026-05-19 23:50:51 status half-installed binutils-x86-64-linux-gnu:amd64 2.44-3
2026-05-19 23:50:51 status config-files binutils-x86-64-linux-gnu:amd64 2.44-3
2026-05-19 23:50:51 status not-installed binutils-x86-64-linux-gnu:amd64 <none>
2026-05-19 23:50:51 remove libctf0:amd64 2.44-3 <none>
2026-05-19 23:50:51 status half-configured libctf0:amd64 2.44-3
2026-05-19 23:50:51 status half-installed libctf0:amd64 2.44-3
2026-05-19 23:50:51 status config-files libctf0:amd64 2.44-3
2026-05-19 23:50:51 status not-installed libctf0:amd64 <none>
2026-05-19 23:50:51 remove libbinutils:amd64 2.44-3 <none>
2026-05-19 23:50:51 status half-configured libbinutils:amd64 2.44-3
2026-05-19 23:50:51 status half-installed libbinutils:amd64 2.44-3
2026-05-19 23:50:51 status config-files libbinutils:amd64 2.44-3
2026-05-19 23:50:51 status not-installed libbinutils:amd64 <none>
2026-05-19 23:50:51 remove binutils-common:amd64 2.44-3 <none>
2026-05-19 23:50:51 status half-configured binutils-common:amd64 2.44-3
2026-05-19 23:50:51 status half-installed binutils-common:amd64 2.44-3
2026-05-19 23:50:51 status config-files binutils-common:amd64 2.44-3
2026-05-19 23:50:51 remove bzip2:amd64 1.0.8-6 <none>
2026-05-19 23:50:51 status half-configured bzip2:amd64 1.0.8-6
2026-05-19 23:50:51 status half-installed bzip2:amd64 1.0.8-6
2026-05-19 23:50:51 status config-files bzip2:amd64 1.0.8-6
2026-05-19 23:50:51 status not-installed bzip2:amd64 <none>
2026-05-19 23:50:51 remove libc6-dev:amd64 2.41-12+deb13u3 <none>
2026-05-19 23:50:51 status half-configured libc6-dev:amd64 2.41-12+deb13u3
2026-05-19 23:50:51 status half-installed libc6-dev:amd64 2.41-12+deb13u3
2026-05-19 23:50:51 status config-files libc6-dev:amd64 2.41-12+deb13u3
2026-05-19 23:50:51 status not-installed libc6-dev:amd64 <none>
2026-05-19 23:50:51 remove libc-dev-bin:amd64 2.41-12+deb13u3 <none>
2026-05-19 23:50:51 status half-configured libc-dev-bin:amd64 2.41-12+deb13u3
2026-05-19 23:50:51 status half-installed libc-dev-bin:amd64 2.41-12+deb13u3
2026-05-19 23:50:51 status config-files libc-dev-bin:amd64 2.41-12+deb13u3
2026-05-19 23:50:52 status not-installed libc-dev-bin:amd64 <none>
2026-05-19 23:50:52 remove libcrypt-dev:amd64 1:4.4.38-1 <none>
2026-05-19 23:50:52 status half-configured libcrypt-dev:amd64 1:4.4.38-1
2026-05-19 23:50:52 status half-installed libcrypt-dev:amd64 1:4.4.38-1
2026-05-19 23:50:52 status config-files libcrypt-dev:amd64 1:4.4.38-1
2026-05-19 23:50:52 remove libctf-nobfd0:amd64 2.44-3 <none>
2026-05-19 23:50:52 status half-configured libctf-nobfd0:amd64 2.44-3
2026-05-19 23:50:52 status half-installed libctf-nobfd0:amd64 2.44-3
2026-05-19 23:50:52 status config-files libctf-nobfd0:amd64 2.44-3
2026-05-19 23:50:52 status not-installed libctf-nobfd0:amd64 <none>
2026-05-19 23:50:52 remove libdpkg-perl:all 1.22.22 <none>
2026-05-19 23:50:52 status half-configured libdpkg-perl:all 1.22.22
2026-05-19 23:50:52 status half-installed libdpkg-perl:all 1.22.22
2026-05-19 23:50:52 status config-files libdpkg-perl:all 1.22.22
2026-05-19 23:50:52 status not-installed libdpkg-perl:all <none>
2026-05-19 23:50:52 remove perl:amd64 5.40.1-6 <none>
2026-05-19 23:50:52 status half-configured perl:amd64 5.40.1-6
2026-05-19 23:50:52 status half-installed perl:amd64 5.40.1-6
2026-05-19 23:50:52 status config-files perl:amd64 5.40.1-6
2026-05-19 23:50:52 remove libperl5.40:amd64 5.40.1-6 <none>
2026-05-19 23:50:52 status half-configured libperl5.40:amd64 5.40.1-6
2026-05-19 23:50:52 status half-installed libperl5.40:amd64 5.40.1-6
2026-05-19 23:50:52 status config-files libperl5.40:amd64 5.40.1-6
2026-05-19 23:50:52 status not-installed libperl5.40:amd64 <none>
2026-05-19 23:50:52 remove libgdbm-compat4t64:amd64 1.24-2 <none>
2026-05-19 23:50:52 status half-configured libgdbm-compat4t64:amd64 1.24-2
2026-05-19 23:50:52 status half-installed libgdbm-compat4t64:amd64 1.24-2
2026-05-19 23:50:52 status config-files libgdbm-compat4t64:amd64 1.24-2
2026-05-19 23:50:52 status not-installed libgdbm-compat4t64:amd64 <none>
2026-05-19 23:50:52 remove libjansson4:amd64 2.14-2+b3 <none>
2026-05-19 23:50:52 status half-configured libjansson4:amd64 2.14-2+b3
2026-05-19 23:50:52 status half-installed libjansson4:amd64 2.14-2+b3
2026-05-19 23:50:52 status config-files libjansson4:amd64 2.14-2+b3
2026-05-19 23:50:52 status not-installed libjansson4:amd64 <none>
2026-05-19 23:50:52 remove libsframe1:amd64 2.44-3 <none>
2026-05-19 23:50:52 status half-configured libsframe1:amd64 2.44-3
2026-05-19 23:50:52 status half-installed libsframe1:amd64 2.44-3
2026-05-19 23:50:52 status config-files libsframe1:amd64 2.44-3
2026-05-19 23:50:52 status not-installed libsframe1:amd64 <none>
2026-05-19 23:50:52 remove libx11-dev:amd64 2:1.8.12-1 <none>
2026-05-19 23:50:52 status half-configured libx11-dev:amd64 2:1.8.12-1
2026-05-19 23:50:52 status half-installed libx11-dev:amd64 2:1.8.12-1
2026-05-19 23:50:52 status config-files libx11-dev:amd64 2:1.8.12-1
2026-05-19 23:50:52 status not-installed libx11-dev:amd64 <none>
2026-05-19 23:50:52 remove libx11-6:amd64 2:1.8.12-1 <none>
2026-05-19 23:50:52 status half-configured libx11-6:amd64 2:1.8.12-1
2026-05-19 23:50:52 status half-installed libx11-6:amd64 2:1.8.12-1
2026-05-19 23:50:52 status config-files libx11-6:amd64 2:1.8.12-1
2026-05-19 23:50:52 status not-installed libx11-6:amd64 <none>
2026-05-19 23:50:52 remove libx11-data:all 2:1.8.12-1 <none>
2026-05-19 23:50:52 status half-configured libx11-data:all 2:1.8.12-1
2026-05-19 23:50:52 status half-installed libx11-data:all 2:1.8.12-1
2026-05-19 23:50:52 status config-files libx11-data:all 2:1.8.12-1
2026-05-19 23:50:52 status not-installed libx11-data:all <none>
2026-05-19 23:50:52 remove libxcb1-dev:amd64 1.17.0-2+b1 <none>
2026-05-19 23:50:52 status half-configured libxcb1-dev:amd64 1.17.0-2+b1
2026-05-19 23:50:52 status half-installed libxcb1-dev:amd64 1.17.0-2+b1
2026-05-19 23:50:52 status config-files libxcb1-dev:amd64 1.17.0-2+b1
2026-05-19 23:50:52 status not-installed libxcb1-dev:amd64 <none>
2026-05-19 23:50:52 remove libxau-dev:amd64 1:1.0.11-1 <none>
2026-05-19 23:50:52 status half-configured libxau-dev:amd64 1:1.0.11-1
2026-05-19 23:50:52 status half-installed libxau-dev:amd64 1:1.0.11-1
2026-05-19 23:50:52 status config-files libxau-dev:amd64 1:1.0.11-1
2026-05-19 23:50:52 status not-installed libxau-dev:amd64 <none>
2026-05-19 23:50:52 remove libxcb1:amd64 1.17.0-2+b1 <none>
2026-05-19 23:50:52 status half-configured libxcb1:amd64 1.17.0-2+b1
2026-05-19 23:50:52 status half-installed libxcb1:amd64 1.17.0-2+b1
2026-05-19 23:50:52 status config-files libxcb1:amd64 1.17.0-2+b1
2026-05-19 23:50:52 status not-installed libxcb1:amd64 <none>
2026-05-19 23:50:52 remove libxau6:amd64 1:1.0.11-1 <none>
2026-05-19 23:50:52 status half-configured libxau6:amd64 1:1.0.11-1
2026-05-19 23:50:52 status half-installed libxau6:amd64 1:1.0.11-1
2026-05-19 23:50:52 status config-files libxau6:amd64 1:1.0.11-1
2026-05-19 23:50:52 status not-installed libxau6:amd64 <none>
2026-05-19 23:50:52 remove libxdmcp-dev:amd64 1:1.1.5-1 <none>
2026-05-19 23:50:52 status half-configured libxdmcp-dev:amd64 1:1.1.5-1
2026-05-19 23:50:52 status half-installed libxdmcp-dev:amd64 1:1.1.5-1
2026-05-19 23:50:52 status config-files libxdmcp-dev:amd64 1:1.1.5-1
2026-05-19 23:50:52 status not-installed libxdmcp-dev:amd64 <none>
2026-05-19 23:50:52 remove libxdmcp6:amd64 1:1.1.5-1 <none>
2026-05-19 23:50:52 status half-configured libxdmcp6:amd64 1:1.1.5-1
2026-05-19 23:50:52 status half-installed libxdmcp6:amd64 1:1.1.5-1
2026-05-19 23:50:53 status config-files libxdmcp6:amd64 1:1.1.5-1
2026-05-19 23:50:53 status not-installed libxdmcp6:amd64 <none>
2026-05-19 23:50:53 remove linux-libc-dev:all 6.12.88-1 <none>
2026-05-19 23:50:53 status half-configured linux-libc-dev:all 6.12.88-1
2026-05-19 23:50:53 status half-installed linux-libc-dev:all 6.12.88-1
2026-05-19 23:50:53 status config-files linux-libc-dev:all 6.12.88-1
2026-05-19 23:50:53 status not-installed linux-libc-dev:all <none>
2026-05-19 23:50:53 remove make:amd64 4.4.1-2 <none>
2026-05-19 23:50:53 status half-configured make:amd64 4.4.1-2
2026-05-19 23:50:53 status half-installed make:amd64 4.4.1-2
2026-05-19 23:50:53 status config-files make:amd64 4.4.1-2
2026-05-19 23:50:53 status not-installed make:amd64 <none>
2026-05-19 23:50:53 remove patch:amd64 2.8-2 <none>
2026-05-19 23:50:53 status half-configured patch:amd64 2.8-2
2026-05-19 23:50:53 status half-installed patch:amd64 2.8-2
2026-05-19 23:50:53 status config-files patch:amd64 2.8-2
2026-05-19 23:50:53 status not-installed patch:amd64 <none>
2026-05-19 23:50:53 remove perl-modules-5.40:all 5.40.1-6 <none>
2026-05-19 23:50:53 status half-configured perl-modules-5.40:all 5.40.1-6
2026-05-19 23:50:53 status half-installed perl-modules-5.40:all 5.40.1-6
2026-05-19 23:50:53 status config-files perl-modules-5.40:all 5.40.1-6
2026-05-19 23:50:53 status not-installed perl-modules-5.40:all <none>
2026-05-19 23:50:53 remove rpcsvc-proto:amd64 1.4.3-1 <none>
2026-05-19 23:50:53 status half-configured rpcsvc-proto:amd64 1.4.3-1
2026-05-19 23:50:53 status half-installed rpcsvc-proto:amd64 1.4.3-1
2026-05-19 23:50:53 status config-files rpcsvc-proto:amd64 1.4.3-1
2026-05-19 23:50:53 status not-installed rpcsvc-proto:amd64 <none>
2026-05-19 23:50:53 remove x11proto-dev:all 2024.1-1 <none>
2026-05-19 23:50:53 status half-configured x11proto-dev:all 2024.1-1
2026-05-19 23:50:53 status half-installed x11proto-dev:all 2024.1-1
2026-05-19 23:50:53 status config-files x11proto-dev:all 2024.1-1
2026-05-19 23:50:53 status not-installed x11proto-dev:all <none>
2026-05-19 23:50:53 remove xorg-sgml-doctools:all 1:1.11-1.1 <none>
2026-05-19 23:50:53 status half-configured xorg-sgml-doctools:all 1:1.11-1.1
2026-05-19 23:50:53 status half-installed xorg-sgml-doctools:all 1:1.11-1.1
2026-05-19 23:50:53 status config-files xorg-sgml-doctools:all 1:1.11-1.1
2026-05-19 23:50:53 status not-installed xorg-sgml-doctools:all <none>
2026-05-19 23:50:53 remove xtrans-dev:all 1.4.0-1 <none>
2026-05-19 23:50:53 status half-configured xtrans-dev:all 1.4.0-1
2026-05-19 23:50:53 status half-installed xtrans-dev:all 1.4.0-1
2026-05-19 23:50:53 status config-files xtrans-dev:all 1.4.0-1
2026-05-19 23:50:53 status not-installed xtrans-dev:all <none>
2026-05-19 23:50:53 remove xz-utils:amd64 5.8.1-1 <none>
2026-05-19 23:50:53 status half-configured xz-utils:amd64 5.8.1-1
2026-05-19 23:50:53 status half-installed xz-utils:amd64 5.8.1-1
2026-05-19 23:50:53 status config-files xz-utils:amd64 5.8.1-1
2026-05-19 23:50:53 status not-installed xz-utils:amd64 <none>
2026-05-19 23:50:53 startup packages configure
2026-05-19 23:50:53 trigproc libc-bin:amd64 2.41-12+deb13u3 <none>
2026-05-19 23:50:53 status half-configured libc-bin:amd64 2.41-12+deb13u3
2026-05-19 23:50:53 status installed libc-bin:amd64 2.41-12+deb13u3
2026-05-19 23:50:53 startup packages purge
2026-05-19 23:50:53 purge gpg-agent:amd64 2.4.7-21+deb13u1+b3 <none>
2026-05-19 23:50:53 status config-files gpg-agent:amd64 2.4.7-21+deb13u1+b3
2026-05-19 23:50:53 status not-installed gpg-agent:amd64 <none>
2026-05-19 23:50:53 purge wget:amd64 1.25.0-2 <none>
2026-05-19 23:50:53 status config-files wget:amd64 1.25.0-2
2026-05-19 23:50:53 status not-installed wget:amd64 <none>
2026-05-19 23:50:53 purge fontconfig-config:amd64 2.15.0-2.3 <none>
2026-05-19 23:50:53 status config-files fontconfig-config:amd64 2.15.0-2.3
2026-05-19 23:50:54 status not-installed fontconfig-config:amd64 <none>
2026-05-19 23:50:54 purge binutils-common:amd64 2.44-3 <none>
2026-05-19 23:50:54 status config-files binutils-common:amd64 2.44-3
2026-05-19 23:50:54 status not-installed binutils-common:amd64 <none>
2026-05-19 23:50:54 purge x11-common:all 1:7.7+24+deb13u1 <none>
2026-05-19 23:50:54 status config-files x11-common:all 1:7.7+24+deb13u1
2026-05-19 23:50:54 status not-installed x11-common:all <none>
2026-05-19 23:50:54 purge binutils:amd64 2.44-3 <none>
2026-05-19 23:50:54 status config-files binutils:amd64 2.44-3
2026-05-19 23:50:54 status not-installed binutils:amd64 <none>
2026-05-19 23:50:54 purge dpkg-dev:all 1.22.22 <none>
2026-05-19 23:50:54 status config-files dpkg-dev:all 1.22.22
2026-05-19 23:50:54 status not-installed dpkg-dev:all <none>
2026-05-19 23:50:54 purge pkgconf:amd64 1.8.1-4 <none>
2026-05-19 23:50:54 status config-files pkgconf:amd64 1.8.1-4
2026-05-19 23:50:54 status not-installed pkgconf:amd64 <none>
2026-05-19 23:50:54 purge dirmngr:amd64 2.4.7-21+deb13u1+b3 <none>
2026-05-19 23:50:54 status config-files dirmngr:amd64 2.4.7-21+deb13u1+b3
2026-05-19 23:50:54 status not-installed dirmngr:amd64 <none>
2026-05-19 23:50:54 purge perl:amd64 5.40.1-6 <none>
2026-05-19 23:50:54 status config-files perl:amd64 5.40.1-6
2026-05-19 23:50:54 status not-installed perl:amd64 <none>
2026-05-19 23:50:54 purge fonts-dejavu-mono:all 2.37-8 <none>
2026-05-19 23:50:54 status config-files fonts-dejavu-mono:all 2.37-8
2026-05-19 23:50:54 status not-installed fonts-dejavu-mono:all <none>
2026-05-19 23:50:54 purge fonts-dejavu-core:all 2.37-8 <none>
2026-05-19 23:50:54 status config-files fonts-dejavu-core:all 2.37-8
2026-05-19 23:50:54 status not-installed fonts-dejavu-core:all <none>
2026-05-19 23:50:54 purge libcrypt-dev:amd64 1:4.4.38-1 <none>
2026-05-19 23:50:54 status config-files libcrypt-dev:amd64 1:4.4.38-1
2026-05-19 23:50:54 status not-installed libcrypt-dev:amd64 <none>
2026-05-19 23:50:54 purge cpp:amd64 4:14.2.0-1 <none>
2026-05-19 23:50:54 status config-files cpp:amd64 4:14.2.0-1
2026-05-19 23:50:54 status not-installed cpp:amd64 <none>
2026-05-19 23:50:54 purge gpg:amd64 2.4.7-21+deb13u1+b3 <none>
2026-05-19 23:50:54 status config-files gpg:amd64 2.4.7-21+deb13u1+b3
2026-05-19 23:50:54 status not-installed gpg:amd64 <none>
2026-05-19 23:50:54 startup packages configure
